bioguide_id,year_quarter,year,emi_mean,n,party_name,chamber,channel,legislative_opposition,presidential_opposition
A000055,2014Q2,2014,0.08597206247565614,28,Republican Party,H,Twitter,0,1
A000055,2017Q3,2017,-0.3016219645449357,24,Republican Party,H,Twitter,0,0
A000055,2019Q1,2019,-0.29511374020257974,22,Republican Party,H,Twitter,1,0
A000055,2020Q3,2020,0.3900505132648534,56,Republican Party,H,Twitter,1,0
A000360,2013Q1,2013,-0.10797206521611977,38,Republican Party,S,Twitter,1,1
A000360,2013Q2,2013,0.02424467704011914,73,Republican Party,S,Twitter,1,1
A000360,2013Q3,2013,-0.016922667752168694,54,Republican Party,S,Twitter,1,1
A000360,2013Q4,2013,-0.3671441660936244,79,Republican Party,S,Twitter,1,1
A000360,2014Q2,2014,0.011578496768799785,76,Republican Party,S,Twitter,1,1
A000360,2014Q3,2014,-0.13465313649463573,94,Republican Party,S,Twitter,1,1
A000360,2015Q1,2015,0.3096079550063902,132,Republican Party,S,Twitter,0,1
A000360,2015Q3,2015,0.2519085167631326,128,Republican Party,S,Twitter,0,1
A000360,2015Q4,2015,0.22838744932752023,119,Republican Party,S,Twitter,0,1
A000360,2016Q2,2016,0.3081430054261897,143,Republican Party,S,Twitter,0,1
A000360,2016Q3,2016,0.3735922915302015,119,Republican Party,S,Twitter,0,1
A000360,2016Q4,2016,0.4350673844781088,107,Republican Party,S,Twitter,0,1
A000360,2017Q1,2017,0.29172561398642033,223,Republican Party,S,Twitter,0,0
A000360,2017Q4,2017,0.9476702466003064,197,Republican Party,S,Twitter,0,0
A000360,2018Q1,2018,0.7704190825500213,252,Republican Party,S,Twitter,0,0
A000360,2018Q2,2018,0.8916048538392456,360,Republican Party,S,Twitter,0,0
A000360,2018Q3,2018,0.9128685672967295,459,Republican Party,S,Twitter,0,0
A000360,2018Q4,2018,0.5572527594712161,362,Republican Party,S,Twitter,0,0
A000360,2019Q1,2019,0.723647896569215,489,Republican Party,S,Twitter,0,0
A000360,2019Q2,2019,0.795153566635035,500,Republican Party,S,Twitter,0,0
A000360,2019Q3,2019,0.6060128478627629,291,Republican Party,S,Twitter,0,0
A000360,2019Q4,2019,0.7500569201984851,308,Republican Party,S,Twitter,0,0
A000360,2020Q2,2020,0.8834231884102356,340,Republican Party,S,Twitter,0,0
A000360,2020Q3,2020,0.7815075380590784,173,Republican Party,S,Twitter,0,0
A000370,2015Q1,2015,-0.003431841325720841,142,Democratic Party,H,Twitter,1,0
A000370,2015Q4,2015,0.09966481184564507,109,Democratic Party,H,Twitter,1,0
A000370,2016Q1,2016,0.10834825934032807,105,Democratic Party,H,Twitter,1,0
A000370,2017Q4,2017,-0.17428738185633338,357,Democratic Party,H,Twitter,1,1
A000370,2019Q4,2019,-0.052707379652477494,250,Democratic Party,H,Twitter,0,1
A000371,2021Q2,2021,0.2650345037915291,94,Democratic Party,H,Twitter,0,0
A000372,2015Q3,2015,0.023143426094974932,45,Republican Party,H,Twitter,0,1
A000372,2015Q4,2015,0.011380388214070492,34,Republican Party,H,Twitter,0,1
A000372,2016Q1,2016,0.2471752458788907,41,Republican Party,H,Twitter,0,1
A000372,2016Q2,2016,0.19058885095027653,84,Republican Party,H,Twitter,0,1
A000372,2016Q3,2016,0.010462904539575272,68,Republican Party,H,Twitter,0,1
A000372,2017Q1,2017,0.17648162400084752,142,Republican Party,H,Twitter,0,0
A000372,2017Q4,2017,0.3501818574822351,81,Republican Party,H,Twitter,0,0
A000372,2018Q2,2018,0.48520098655157434,93,Republican Party,H,Twitter,0,0
A000372,2019Q2,2019,0.4279812891224849,78,Republican Party,H,Twitter,1,0
A000372,2019Q4,2019,-0.1855673562909751,61,Republican Party,H,Twitter,1,0
A000372,2020Q3,2020,0.39147889512512374,136,Republican Party,H,Twitter,1,0
A000372,2022Q3,2022,0.12458244657836387,68,Republican Party,H,Twitter,1,1
A000374,2015Q3,2015,-0.30705463993976323,26,Republican Party,H,Twitter,0,1
A000374,2016Q1,2016,-0.11194419969155327,10,Republican Party,H,Twitter,0,1
A000375,2017Q1,2017,-0.33410290611664156,95,Republican Party,H,Twitter,0,0
A000375,2017Q3,2017,-0.11156792972749006,59,Republican Party,H,Twitter,0,0
A000375,2017Q4,2017,0.16467694034724537,88,Republican Party,H,Twitter,0,0
A000375,2018Q2,2018,0.07783340974712848,261,Republican Party,H,Twitter,0,0
A000375,2018Q3,2018,0.13625174332581147,183,Republican Party,H,Twitter,0,0
A000375,2019Q4,2019,-0.2823574257004568,163,Republican Party,H,Twitter,1,0
A000375,2020Q3,2020,-0.5114891538532637,134,Republican Party,H,Twitter,1,0
A000375,2021Q1,2021,-0.7002088748222342,173,Republican Party,H,Twitter,1,1
A000375,2021Q4,2021,-0.8633640742238265,96,Republican Party,H,Twitter,1,1
A000375,2022Q2,2022,-0.6950582369643172,95,Republican Party,H,Twitter,1,1
A000375,2022Q3,2022,-0.7306792338881575,195,Republican Party,H,Twitter,1,1
A000377,2020Q3,2020,0.24565498916329337,123,Republican Party,H,Twitter,1,0
A000377,2020Q4,2020,-0.2605415712957306,47,Republican Party,H,Twitter,1,0
B000490,2013Q2,2013,0.293719896497435,74,Democratic Party,H,Twitter,1,0
B000490,2013Q4,2013,0.4448323210946141,92,Democratic Party,H,Twitter,1,0
B000490,2014Q2,2014,0.18429112014871832,77,Democratic Party,H,Twitter,1,0
B000490,2015Q2,2015,0.49261103937851825,38,Democratic Party,H,Twitter,1,0
B000490,2016Q2,2016,0.5000072374512704,51,Democratic Party,H,Twitter,1,0
B000490,2019Q1,2019,0.061584849699427686,66,Democratic Party,H,Twitter,0,1
B000490,2019Q2,2019,0.1002000588695751,43,Democratic Party,H,Twitter,0,1
B000575,2013Q1,2013,0.17170615231976766,412,Republican Party,S,Twitter,1,1
B000575,2013Q2,2013,0.0865842471724185,337,Republican Party,S,Twitter,1,1
B000575,2013Q4,2013,-0.09252845214599853,169,Republican Party,S,Twitter,1,1
B000575,2014Q1,2014,0.2563975109889102,187,Republican Party,S,Twitter,1,1
B000575,2014Q2,2014,0.129816650065749,331,Republican Party,S,Twitter,1,1
B000575,2014Q3,2014,0.17516506684001726,233,Republican Party,S,Twitter,1,1
B000575,2015Q1,2015,-0.16018297551453117,228,Republican Party,S,Twitter,0,1
B000575,2015Q2,2015,0.275849932118378,254,Republican Party,S,Twitter,0,1
B000575,2015Q4,2015,0.48810327263191344,377,Republican Party,S,Twitter,0,1
B000575,2016Q1,2016,0.7343501791874322,403,Republican Party,S,Twitter,0,1
B000575,2016Q2,2016,0.5969512027065563,609,Republican Party,S,Twitter,0,1
B000575,2016Q4,2016,0.72440117749195,267,Republican Party,S,Twitter,0,1
B000575,2017Q2,2017,0.7372915420641142,201,Republican Party,S,Twitter,0,0
B000575,2017Q3,2017,0.6298398061358952,189,Republican Party,S,Twitter,0,0
B000575,2017Q4,2017,0.42230757675961056,250,Republican Party,S,Twitter,0,0
B000575,2018Q1,2018,0.6464860156894562,289,Republican Party,S,Twitter,0,0
B000575,2018Q3,2018,0.9802858695467868,308,Republican Party,S,Twitter,0,0
B000575,2019Q1,2019,0.7001769957296138,257,Republican Party,S,Twitter,0,0
B000575,2019Q2,2019,0.6457119155128458,304,Republican Party,S,Twitter,0,0
B000575,2019Q4,2019,0.7718689052271014,268,Republican Party,S,Twitter,0,0
B000575,2020Q1,2020,0.6469391083249877,246,Republican Party,S,Twitter,0,0
B000575,2020Q2,2020,0.9826569385295301,295,Republican Party,S,Twitter,0,0
B000575,2020Q4,2020,0.8855652504767734,286,Republican Party,S,Twitter,0,0
B000575,2022Q1,2022,0.30860026516561484,207,Republican Party,S,Twitter,0,1
B000575,2022Q2,2022,0.5686693794028854,130,Republican Party,S,Twitter,0,1
B000668,2022Q2,2022,-0.45247479024137327,76,Republican Party,H,Twitter,1,1
B000740,2022Q2,2022,-0.2645701695371562,145,Republican Party,H,Twitter,1,1
B000755,2013Q2,2013,-0.10294869366238389,711,Republican Party,H,Twitter,0,1
B000755,2014Q1,2014,-0.21228274902989247,579,Republican Party,H,Twitter,0,1
B000755,2014Q2,2014,-0.17665632308159346,449,Republican Party,H,Twitter,0,1
B000755,2015Q1,2015,-0.12832107386559752,117,Republican Party,H,Twitter,0,1
B000755,2015Q2,2015,-0.0006874588056502345,137,Republican Party,H,Twitter,0,1
B000755,2015Q4,2015,0.07504515664683148,111,Republican Party,H,Twitter,0,1
B000755,2016Q2,2016,0.1162947717766186,75,Republican Party,H,Twitter,0,1
B000755,2016Q4,2016,-0.006155963688530413,111,Republican Party,H,Twitter,0,1
B000755,2017Q1,2017,-0.1980942224983598,105,Republican Party,H,Twitter,0,0
B000755,2017Q4,2017,-0.08050948684995538,92,Republican Party,H,Twitter,0,0
B000755,2018Q3,2018,-0.08152017540965374,96,Republican Party,H,Twitter,0,0
B000755,2019Q2,2019,-0.31656351888482487,213,Republican Party,H,Twitter,1,0
B000755,2019Q4,2019,-0.433665884026066,217,Republican Party,H,Twitter,1,0
B000755,2020Q2,2020,0.29809842328911984,210,Republican Party,H,Twitter,1,0
B000755,2021Q4,2021,-0.48237226830028435,118,Republican Party,H,Twitter,1,1
B000755,2022Q3,2022,-0.7103461682478136,95,Republican Party,H,Twitter,1,1
B000755,2022Q4,2022,-0.6477024180721411,87,Republican Party,H,Twitter,1,1
B000825,2021Q1,2021,-0.7387234390673463,151,Republican Party,H,Twitter,1,1
B000825,2022Q2,2022,-0.8063927019295006,114,Republican Party,H,Twitter,1,1
B000944,2013Q1,2013,0.1766157369578638,91,Democratic Party,S,Twitter,0,0
B000944,2013Q2,2013,0.06631013370852896,76,Democratic Party,S,Twitter,0,0
B000944,2013Q3,2013,-0.04114443605209965,62,Democratic Party,S,Twitter,0,0
B000944,2013Q4,2013,0.29318345611337177,68,Democratic Party,S,Twitter,0,0
B000944,2014Q1,2014,0.1380898105495411,110,Democratic Party,S,Twitter,0,0
B000944,2014Q2,2014,0.1755733898998665,109,Democratic Party,S,Twitter,0,0
B000944,2014Q4,2014,-0.029620385393013583,65,Democratic Party,S,Twitter,0,0
B000944,2015Q1,2015,-0.09709580755712692,109,Democratic Party,S,Twitter,1,0
B000944,2015Q2,2015,-0.24328949894601673,106,Democratic Party,S,Twitter,1,0
B000944,2015Q3,2015,-0.0121093528561433,67,Democratic Party,S,Twitter,1,0
B000944,2015Q4,2015,0.31937749301471274,44,Democratic Party,S,Twitter,1,0
B000944,2016Q1,2016,0.16034691676959753,110,Democratic Party,S,Twitter,1,0
B000944,2016Q2,2016,-0.14683668516420664,119,Democratic Party,S,Twitter,1,0
B000944,2016Q4,2016,-0.14161535621736598,59,Democratic Party,S,Twitter,1,0
B000944,2017Q1,2017,-0.21969441124693348,172,Democratic Party,S,Twitter,1,1
B000944,2017Q3,2017,-0.18572964892431945,458,Democratic Party,S,Twitter,1,1
B000944,2017Q4,2017,-0.13897173330916954,375,Democratic Party,S,Twitter,1,1
B000944,2018Q1,2018,-0.09925052376516112,266,Democratic Party,S,Twitter,1,1
B000944,2018Q2,2018,0.057429553337108745,312,Democratic Party,S,Twitter,1,1
B000944,2018Q3,2018,0.1384835415148994,271,Democratic Party,S,Twitter,1,1
B000944,2018Q4,2018,-0.0227584017479788,236,Democratic Party,S,Twitter,1,1
B000944,2019Q1,2019,-0.3083551655575381,325,Democratic Party,S,Twitter,1,1
B000944,2019Q2,2019,-0.1507313976958744,328,Democratic Party,S,Twitter,1,1
B000944,2019Q3,2019,-0.08650503127753177,235,Democratic Party,S,Twitter,1,1
B000944,2019Q4,2019,-0.25267419338366637,138,Democratic Party,S,Twitter,1,1
B000944,2020Q1,2020,-0.008536266516037543,246,Democratic Party,S,Twitter,1,1
B000944,2020Q3,2020,-0.5492579739229232,201,Democratic Party,S,Twitter,1,1
B000944,2020Q4,2020,-0.37939975626237,163,Democratic Party,S,Twitter,1,1
B000944,2021Q1,2021,-0.18106321927729727,152,Democratic Party,S,Twitter,1,0
B000944,2021Q2,2021,0.14931558658875874,124,Democratic Party,S,Twitter,1,0
B000944,2021Q3,2021,-0.09308150515154562,106,Democratic Party,S,Twitter,1,0
B000944,2021Q4,2021,0.06342175637366672,103,Democratic Party,S,Twitter,1,0
B000944,2022Q1,2022,0.09567423441374306,108,Democratic Party,S,Twitter,1,0
B000944,2022Q2,2022,0.05416828379689732,121,Democratic Party,S,Twitter,1,0
B000944,2022Q3,2022,0.07465442391350273,114,Democratic Party,S,Twitter,1,0
B001135,2013Q2,2013,-0.3647541175937584,81,Republican Party,S,Twitter,1,1
B001135,2013Q3,2013,-0.09736208931577334,72,Republican Party,S,Twitter,1,1
B001135,2014Q1,2014,0.23476273224525546,80,Republican Party,S,Twitter,1,1
B001135,2014Q2,2014,0.419153491384249,69,Republican Party,S,Twitter,1,1
B001135,2015Q1,2015,-0.04653088072206144,112,Republican Party,S,Twitter,0,1
B001135,2015Q2,2015,-0.11124843564538772,121,Republican Party,S,Twitter,0,1
B001135,2015Q4,2015,0.10976397000194833,95,Republican Party,S,Twitter,0,1
B001223,2021Q4,2021,0.08045368452016913,178,Democratic Party,H,Twitter,0,0
B001230,2015Q3,2015,0.11519142283243915,606,Democratic Party,S,Twitter,1,0
B001230,2017Q1,2017,-0.2869325023872662,561,Democratic Party,S,Twitter,1,1
B001230,2017Q3,2017,-0.015925020892090053,462,Democratic Party,S,Twitter,1,1
B001230,2019Q2,2019,-0.06362410526696452,327,Democratic Party,S,Twitter,1,1
B001230,2019Q4,2019,0.11468853755281011,284,Democratic Party,S,Twitter,1,1
B001236,2014Q4,2014,0.27812613973297856,67,Republican Party,S,Twitter,1,1
B001236,2015Q1,2015,0.21630795296225497,141,Republican Party,S,Twitter,0,1
B001236,2015Q4,2015,0.39325937949043316,76,Republican Party,S,Twitter,0,1
B001236,2016Q2,2016,0.522773608898822,192,Republican Party,S,Twitter,0,1
B001236,2016Q3,2016,0.5442500519482553,222,Republican Party,S,Twitter,0,1
B001236,2017Q4,2017,0.35838429449134995,144,Republican Party,S,Twitter,0,0
B001236,2018Q2,2018,0.46884475796791497,228,Republican Party,S,Twitter,0,0
B001236,2019Q1,2019,0.6609283807166149,222,Republican Party,S,Twitter,0,0
B001236,2019Q3,2019,0.7134331304478714,225,Republican Party,S,Twitter,0,0
B001236,2019Q4,2019,0.4805411564684507,194,Republican Party,S,Twitter,0,0
B001236,2021Q4,2021,0.07098522563128923,220,Republican Party,S,Twitter,0,1
B001236,2022Q3,2022,0.1987330756172035,198,Republican Party,S,Twitter,0,1
B001243,2013Q2,2013,-0.3308876766358766,176,Republican Party,H,Twitter,0,1
B001243,2013Q3,2013,-0.265021844976475,182,Republican Party,H,Twitter,0,1
B001243,2013Q4,2013,-0.2908556225616313,197,Republican Party,H,Twitter,0,1
B001243,2014Q1,2014,-0.5027567779590325,149,Republican Party,H,Twitter,0,1
B001243,2014Q2,2014,-0.2805173354052755,153,Republican Party,H,Twitter,0,1
B001243,2014Q3,2014,-0.1952147434022313,170,Republican Party,H,Twitter,0,1
B001243,2015Q1,2015,-0.30804998616594165,146,Republican Party,H,Twitter,0,1
B001243,2015Q2,2015,-0.18939351493145012,183,Republican Party,H,Twitter,0,1
B001243,2015Q3,2015,-0.37557185375776597,222,Republican Party,H,Twitter,0,1
B001243,2015Q4,2015,-0.13896295579804438,214,Republican Party,H,Twitter,0,1
B001243,2016Q2,2016,-0.04541468854787412,208,Republican Party,H,Twitter,0,1
B001243,2016Q3,2016,-0.2521079636857436,152,Republican Party,H,Twitter,0,1
B001243,2017Q1,2017,0.15914844620311128,114,Republican Party,H,Twitter,0,0
B001243,2019Q2,2019,0.07652576223136956,195,Republican Party,S,Twitter,0,0
B001243,2019Q3,2019,-0.0438517444806088,237,Republican Party,S,Twitter,0,0
B001243,2019Q4,2019,-0.5532753705344942,409,Republican Party,S,Twitter,0,0
B001243,2020Q1,2020,-0.36500762319581076,421,Republican Party,S,Twitter,0,0
B001243,2020Q2,2020,-0.7524887707600025,548,Republican Party,S,Twitter,0,0
B001243,2020Q4,2020,-0.5154859087510931,499,Republican Party,S,Twitter,0,0
B001243,2021Q1,2021,-0.6450027425143001,425,Republican Party,S,Twitter,0,1
B001243,2021Q2,2021,-0.9585810877439562,375,Republican Party,S,Twitter,0,1
B001243,2021Q3,2021,-1.1612152744018542,764,Republican Party,S,Twitter,0,1
B001243,2021Q4,2021,-1.1444886150840021,653,Republican Party,S,Twitter,0,1
B001243,2022Q1,2022,-0.9796166349133403,676,Republican Party,S,Twitter,0,1
B001243,2022Q2,2022,-0.9395742853403142,518,Republican Party,S,Twitter,0,1
B001243,2022Q3,2022,-0.8990743019092805,670,Republican Party,S,Twitter,0,1
B001243,2022Q4,2022,-0.8826511977039035,500,Republican Party,S,Twitter,0,1
B001248,2013Q1,2013,0.2458912030156221,62,Republican Party,H,Twitter,0,1
B001248,2013Q2,2013,-0.022482530997876903,75,Republican Party,H,Twitter,0,1
B001248,2013Q3,2013,-0.15341072042132423,171,Republican Party,H,Twitter,0,1
B001248,2013Q4,2013,-0.09142095584836592,84,Republican Party,H,Twitter,0,1
B001248,2014Q1,2014,0.15635508337506948,72,Republican Party,H,Twitter,0,1
B001248,2014Q2,2014,0.37639885500349013,142,Republican Party,H,Twitter,0,1
B001248,2014Q3,2014,0.5014640341584558,83,Republican Party,H,Twitter,0,1
B001248,2015Q1,2015,0.10414528924549528,85,Republican Party,H,Twitter,0,1
B001248,2015Q2,2015,0.1268960736276225,117,Republican Party,H,Twitter,0,1
B001248,2015Q3,2015,0.18472537186139637,68,Republican Party,H,Twitter,0,1
B001248,2015Q4,2015,0.389818274590902,82,Republican Party,H,Twitter,0,1
B001248,2016Q3,2016,0.5056103749999631,130,Republican Party,H,Twitter,0,1
B001248,2017Q1,2017,0.3478507004161021,167,Republican Party,H,Twitter,0,0
B001248,2017Q3,2017,0.4850261330092416,64,Republican Party,H,Twitter,0,0
B001248,2017Q4,2017,0.6682499278604659,52,Republican Party,H,Twitter,0,0
B001248,2018Q1,2018,0.5494887892082002,96,Republican Party,H,Twitter,0,0
B001248,2018Q2,2018,0.4410379208763865,147,Republican Party,H,Twitter,0,0
B001248,2018Q3,2018,0.4482271886411234,111,Republican Party,H,Twitter,0,0
B001248,2018Q4,2018,0.2795110622114271,124,Republican Party,H,Twitter,0,0
B001248,2019Q1,2019,0.03775703774417842,151,Republican Party,H,Twitter,1,0
B001248,2019Q2,2019,0.2153774540580392,144,Republican Party,H,Twitter,1,0
B001248,2019Q3,2019,0.5110908284554295,88,Republican Party,H,Twitter,1,0
B001248,2019Q4,2019,0.4140027993401516,122,Republican Party,H,Twitter,1,0
B001248,2020Q1,2020,0.3451291410659232,264,Republican Party,H,Twitter,1,0
B001248,2021Q1,2021,0.24954700906193408,351,Republican Party,H,Twitter,1,1
B001248,2021Q2,2021,0.054506212047238274,299,Republican Party,H,Twitter,1,1
B001248,2021Q4,2021,-0.5149693169929145,231,Republican Party,H,Twitter,1,1
B001248,2022Q3,2022,-0.46037412133840594,242,Republican Party,H,Twitter,1,1
B001251,2013Q2,2013,-0.15176775378027246,63,Democratic Party,H,Twitter,1,0
B001251,2013Q3,2013,-0.07677206028373794,142,Democratic Party,H,Twitter,1,0
B001251,2022Q1,2022,0.4240809014050121,50,Democratic Party,H,Twitter,0,0
B001257,2015Q2,2015,0.1933201691563673,103,Republican Party,H,Twitter,0,1
B001257,2015Q3,2015,0.06522891175802698,167,Republican Party,H,Twitter,0,1
B001257,2016Q2,2016,0.36996330906795666,187,Republican Party,H,Twitter,0,1
B001257,2016Q3,2016,0.274482968433813,106,Republican Party,H,Twitter,0,1
B001257,2017Q1,2017,0.4459458857752934,80,Republican Party,H,Twitter,0,0
B001257,2017Q2,2017,0.38917918649119243,90,Republican Party,H,Twitter,0,0
B001257,2017Q3,2017,0.5550115098463115,73,Republican Party,H,Twitter,0,0
B001257,2021Q2,2021,0.1225347775845195,209,Republican Party,H,Twitter,1,1
B001261,2013Q1,2013,0.2594332940727054,88,Republican Party,S,Twitter,1,1
B001261,2013Q2,2013,-0.016526644066274406,104,Republican Party,S,Twitter,1,1
B001261,2013Q3,2013,-0.2010921704767663,111,Republican Party,S,Twitter,1,1
B001261,2013Q4,2013,-0.4638399687296475,134,Republican Party,S,Twitter,1,1
B001261,2014Q1,2014,-0.14309022176068933,173,Republican Party,S,Twitter,1,1
B001261,2014Q2,2014,-0.11934270904630173,107,Republican Party,S,Twitter,1,1
B001261,2014Q3,2014,0.15185676569743958,102,Republican Party,S,Twitter,1,1
B001261,2014Q4,2014,-0.2070055487599586,105,Republican Party,S,Twitter,1,1
B001261,2015Q1,2015,0.2672740847156198,119,Republican Party,S,Twitter,0,1
B001261,2015Q2,2015,0.1560287820627104,120,Republican Party,S,Twitter,0,1
B001261,2015Q3,2015,0.022799897253053536,89,Republican Party,S,Twitter,0,1
B001261,2015Q4,2015,0.18056265402226213,89,Republican Party,S,Twitter,0,1
B001261,2016Q1,2016,0.19628649147790486,73,Republican Party,S,Twitter,0,1
B001261,2016Q2,2016,0.08582555999659365,62,Republican Party,S,Twitter,0,1
B001261,2016Q3,2016,0.2979352526194667,58,Republican Party,S,Twitter,0,1
B001261,2017Q1,2017,0.370026639869433,63,Republican Party,S,Twitter,0,0
B001261,2017Q2,2017,0.4502836512071449,25,Republican Party,S,Twitter,0,0
B001261,2017Q3,2017,0.06409505058998145,39,Republican Party,S,Twitter,0,0
B001261,2017Q4,2017,0.05865129527992045,63,Republican Party,S,Twitter,0,0
B001261,2018Q1,2018,0.22617320177382044,85,Republican Party,S,Twitter,0,0
B001261,2018Q2,2018,0.4156694209062249,52,Republican Party,S,Twitter,0,0
B001261,2018Q3,2018,0.1160438924181229,68,Republican Party,S,Twitter,0,0
B001261,2019Q1,2019,0.05915697867349524,65,Republican Party,S,Twitter,0,0
B001261,2019Q2,2019,0.4495743071034277,86,Republican Party,S,Twitter,0,0
B001261,2019Q3,2019,0.2722499387165472,62,Republican Party,S,Twitter,0,0
B001261,2019Q4,2019,0.28235560920813674,77,Republican Party,S,Twitter,0,0
B001261,2020Q1,2020,0.15707392011991286,143,Republican Party,S,Twitter,0,0
B001261,2020Q2,2020,0.2529804736531849,74,Republican Party,S,Twitter,0,0
B001261,2020Q3,2020,-0.008175839111372454,98,Republican Party,S,Twitter,0,0
B001261,2020Q4,2020,0.011830308681842972,83,Republican Party,S,Twitter,0,0
B001261,2021Q1,2021,-0.38928256786397963,157,Republican Party,S,Twitter,0,1
B001261,2021Q2,2021,-0.18527452858486368,157,Republican Party,S,Twitter,0,1
B001261,2021Q3,2021,-0.6947577921371525,154,Republican Party,S,Twitter,0,1
B001261,2021Q4,2021,-0.6327080279825406,132,Republican Party,S,Twitter,0,1
B001261,2022Q1,2022,-0.3102734801550003,145,Republican Party,S,Twitter,0,1
B001261,2022Q2,2022,-0.10832225441542821,138,Republican Party,S,Twitter,0,1
B001261,2022Q3,2022,-0.42401749561307805,104,Republican Party,S,Twitter,0,1
B001267,2013Q2,2013,0.1947107583957809,52,Democratic Party,S,Twitter,0,0
B001267,2013Q3,2013,0.4699819125852818,25,Democratic Party,S,Twitter,0,0
B001267,2015Q1,2015,0.49454518457275026,61,Democratic Party,S,Twitter,1,0
B001267,2016Q2,2016,0.24123784328436454,46,Democratic Party,S,Twitter,1,0
B001267,2017Q3,2017,0.12502764795037008,261,Democratic Party,S,Twitter,1,1
B001267,2017Q4,2017,0.039555108575820765,275,Democratic Party,S,Twitter,1,1
B001267,2022Q1,2022,0.5268983572484651,257,Democratic Party,S,Twitter,1,0
B001270,2018Q2,2018,-0.5322423099347489,136,Democratic Party,H,Twitter,1,1
B001270,2020Q4,2020,-0.17157067434092968,74,Democratic Party,H,Twitter,0,1
B001274,2013Q2,2013,-0.31638315861987043,32,Republican Party,H,Twitter,0,1
B001274,2013Q3,2013,0.22782590994187848,16,Republican Party,H,Twitter,0,1
B001274,2013Q4,2013,-0.14437667484293418,15,Republican Party,H,Twitter,0,1
B001275,2013Q2,2013,0.3108494802346848,166,Republican Party,H,Twitter,0,1
B001275,2016Q1,2016,0.12773527733943763,26,Republican Party,H,Twitter,0,1
B001277,2013Q1,2013,-0.1210805502027027,113,Democratic Party,S,Twitter,0,0
B001277,2013Q2,2013,-0.283286817766451,154,Democratic Party,S,Twitter,0,0
B001277,2013Q3,2013,-0.197433863767537,122,Democratic Party,S,Twitter,0,0
B001277,2013Q4,2013,-0.19158032708831388,94,Democratic Party,S,Twitter,0,0
B001277,2014Q1,2014,0.025175869213451326,196,Democratic Party,S,Twitter,0,0
B001277,2014Q2,2014,0.15628998628513813,532,Democratic Party,S,Twitter,0,0
B001277,2014Q3,2014,0.08316153308524957,391,Democratic Party,S,Twitter,0,0
B001277,2014Q4,2014,0.06673266177629289,337,Democratic Party,S,Twitter,0,0
B001277,2015Q1,2015,0.16660096616583647,418,Democratic Party,S,Twitter,1,0
B001277,2015Q2,2015,0.20024160909775032,378,Democratic Party,S,Twitter,1,0
B001277,2015Q3,2015,-0.1480274053968634,213,Democratic Party,S,Twitter,1,0
B001277,2015Q4,2015,0.097811805189609,184,Democratic Party,S,Twitter,1,0
B001277,2016Q1,2016,0.2824452198506898,350,Democratic Party,S,Twitter,1,0
B001277,2016Q2,2016,0.18896738792796844,288,Democratic Party,S,Twitter,1,0
B001277,2016Q3,2016,0.025411029699797617,376,Democratic Party,S,Twitter,1,0
B001277,2017Q1,2017,-0.3507041449798565,329,Democratic Party,S,Twitter,1,1
B001277,2017Q2,2017,-0.3468780049125716,399,Democratic Party,S,Twitter,1,1
B001277,2017Q3,2017,-0.5545518066398011,506,Democratic Party,S,Twitter,1,1
B001277,2017Q4,2017,-0.6002398686700358,627,Democratic Party,S,Twitter,1,1
B001277,2018Q1,2018,-0.5971059924223366,607,Democratic Party,S,Twitter,1,1
B001277,2018Q2,2018,-0.5103155439903883,362,Democratic Party,S,Twitter,1,1
B001277,2018Q3,2018,-0.6007296316172678,378,Democratic Party,S,Twitter,1,1
B001277,2018Q4,2018,-0.4442202914501756,391,Democratic Party,S,Twitter,1,1
B001277,2019Q1,2019,-0.4162356672504803,433,Democratic Party,S,Twitter,1,1
B001277,2019Q3,2019,-0.36715375845103365,373,Democratic Party,S,Twitter,1,1
B001277,2020Q3,2020,-0.38282311450316897,435,Democratic Party,S,Twitter,1,1
B001277,2020Q4,2020,-0.39492296063171345,395,Democratic Party,S,Twitter,1,1
B001277,2021Q1,2021,-0.23603805774448136,437,Democratic Party,S,Twitter,1,0
B001277,2021Q2,2021,-0.14798265883693934,442,Democratic Party,S,Twitter,1,0
B001277,2021Q4,2021,-0.14679661565566954,300,Democratic Party,S,Twitter,1,0
B001277,2022Q2,2022,-0.15255533914934274,364,Democratic Party,S,Twitter,1,0
B001278,2013Q2,2013,0.21090427419841432,66,Democratic Party,H,Twitter,1,0
B001278,2014Q2,2014,0.3560929441423799,77,Democratic Party,H,Twitter,1,0
B001278,2014Q3,2014,0.4544052144579028,53,Democratic Party,H,Twitter,1,0
B001278,2015Q1,2015,0.21910766746854343,60,Democratic Party,H,Twitter,1,0
B001278,2015Q2,2015,0.24025406557200824,47,Democratic Party,H,Twitter,1,0
B001278,2017Q1,2017,-0.322121916535204,108,Democratic Party,H,Twitter,1,1
B001278,2018Q3,2018,0.19368104559433877,211,Democratic Party,H,Twitter,1,1
B001278,2019Q4,2019,0.39364474198535404,292,Democratic Party,H,Twitter,0,1
B001278,2020Q1,2020,0.37079517365116116,349,Democratic Party,H,Twitter,0,1
B001278,2021Q2,2021,0.5674048578117306,310,Democratic Party,H,Twitter,0,0
B001278,2022Q2,2022,0.4975869582137046,406,Democratic Party,H,Twitter,0,0
B001281,2014Q1,2014,0.28806133427973574,163,Democratic Party,H,Twitter,1,0
B001281,2015Q1,2015,0.24921841603502054,242,Democratic Party,H,Twitter,1,0
B001281,2015Q2,2015,0.029708623485272794,188,Democratic Party,H,Twitter,1,0
B001281,2016Q1,2016,0.4043024122814622,149,Democratic Party,H,Twitter,1,0
B001281,2016Q2,2016,0.2060605613385528,230,Democratic Party,H,Twitter,1,0
B001281,2017Q1,2017,-0.03044537848989278,256,Democratic Party,H,Twitter,1,1
B001281,2021Q2,2021,-0.05959005868081859,215,Democratic Party,H,Twitter,0,0
B001282,2013Q2,2013,0.07268268316406469,268,Republican Party,H,Twitter,0,1
B001282,2014Q1,2014,0.43138675449130476,165,Republican Party,H,Twitter,0,1
B001282,2014Q2,2014,0.5590135992627983,205,Republican Party,H,Twitter,0,1
B001282,2015Q2,2015,0.2427401331122191,84,Republican Party,H,Twitter,0,1
B001282,2015Q4,2015,0.03202032806650331,45,Republican Party,H,Twitter,0,1
B001282,2017Q3,2017,0.6437956021080562,71,Republican Party,H,Twitter,0,0
B001282,2017Q4,2017,0.1930871911339567,101,Republican Party,H,Twitter,0,0
B001282,2018Q1,2018,0.34813485686733703,127,Republican Party,H,Twitter,0,0
B001282,2018Q2,2018,0.5853327579343931,120,Republican Party,H,Twitter,0,0
B001282,2019Q3,2019,0.2624502413150737,75,Republican Party,H,Twitter,1,0
B001282,2019Q4,2019,0.34045592502328625,118,Republican Party,H,Twitter,1,0
B001282,2020Q4,2020,0.521907747516074,123,Republican Party,H,Twitter,1,0
B001284,2013Q2,2013,0.33351723063391203,106,Republican Party,H,Twitter,0,1
B001284,2014Q3,2014,0.07894996415748289,60,Republican Party,H,Twitter,0,1
B001284,2016Q1,2016,0.31417943225030376,173,Republican Party,H,Twitter,0,1
B001284,2016Q2,2016,0.567522795838791,244,Republican Party,H,Twitter,0,1
B001284,2017Q2,2017,0.5495515502060497,399,Republican Party,H,Twitter,0,0
B001284,2018Q2,2018,0.4561295817589594,235,Republican Party,H,Twitter,0,0
B001286,2013Q2,2013,0.2487647400813628,105,Democratic Party,H,Twitter,1,0
B001286,2013Q4,2013,0.34742397749267234,78,Democratic Party,H,Twitter,1,0
B001287,2013Q1,2013,-0.049005600103150825,112,Democratic Party,H,Twitter,1,0
B001287,2013Q2,2013,0.0358033219785977,151,Democratic Party,H,Twitter,1,0
B001287,2013Q4,2013,0.1512760375329091,53,Democratic Party,H,Twitter,1,0
B001288,2014Q2,2014,0.4105483033673585,124,Democratic Party,S,Twitter,0,0
B001288,2014Q3,2014,0.6335643725401036,92,Democratic Party,S,Twitter,0,0
B001288,2016Q1,2016,0.7969332450363775,61,Democratic Party,S,Twitter,1,0
B001288,2016Q2,2016,0.5076561581217232,230,Democratic Party,S,Twitter,1,0
B001288,2016Q3,2016,0.4921103528047942,191,Democratic Party,S,Twitter,1,0
B001288,2017Q1,2017,-0.44632169597858384,223,Democratic Party,S,Twitter,1,1
B001288,2017Q2,2017,-0.3235044606442315,226,Democratic Party,S,Twitter,1,1
B001288,2017Q3,2017,-0.28494967328269577,118,Democratic Party,S,Twitter,1,1
B001288,2020Q2,2020,-0.17006425490889407,245,Democratic Party,S,Twitter,1,1
B001289,2014Q3,2014,0.15447808894370968,557,Republican Party,H,Twitter,0,1
B001289,2015Q1,2015,-0.046604530071182995,610,Republican Party,H,Twitter,0,1
B001289,2015Q2,2015,0.15885210588209558,573,Republican Party,H,Twitter,0,1
B001289,2015Q4,2015,0.046440512462064945,478,Republican Party,H,Twitter,0,1
B001289,2016Q1,2016,0.1876024544125391,490,Republican Party,H,Twitter,0,1
B001289,2016Q2,2016,0.19114512323574445,520,Republican Party,H,Twitter,0,1
B001289,2016Q3,2016,0.17343849186901827,539,Republican Party,H,Twitter,0,1
B001289,2017Q1,2017,0.17343847795599612,550,Republican Party,H,Twitter,0,0
B001289,2017Q3,2017,0.4724323085317937,343,Republican Party,H,Twitter,0,0
B001289,2018Q1,2018,0.2325224012322987,630,Republican Party,H,Twitter,0,0
B001289,2018Q2,2018,0.28368036653926165,390,Republican Party,H,Twitter,0,0
B001289,2019Q4,2019,-0.5648651788895291,181,Republican Party,H,Twitter,1,0
B001289,2020Q4,2020,0.19211074801558142,116,Republican Party,H,Twitter,1,0
B001291,2015Q1,2015,-0.15272550734875703,113,Republican Party,H,Twitter,0,1
B001291,2015Q2,2015,-0.1115037103938385,107,Republican Party,H,Twitter,0,1
B001291,2015Q4,2015,-0.3904895366372667,115,Republican Party,H,Twitter,0,1
B001291,2017Q1,2017,0.03516458644711266,145,Republican Party,H,Twitter,0,0
B001291,2018Q2,2018,0.06307178213277227,40,Republican Party,H,Twitter,0,0
B001291,2022Q1,2022,-0.9828950107419294,186,Republican Party,H,Twitter,1,1
B001292,2015Q2,2015,0.0035191920379856008,184,Democratic Party,H,Twitter,1,0
B001292,2016Q1,2016,0.3057032977062508,280,Democratic Party,H,Twitter,1,0
B001292,2016Q3,2016,0.28888320626851133,521,Democratic Party,H,Twitter,1,0
B001292,2017Q1,2017,-0.24984309017995548,776,Democratic Party,H,Twitter,1,1
B001292,2017Q3,2017,-0.22973739033370488,873,Democratic Party,H,Twitter,1,1
B001292,2021Q1,2021,-0.3271199145585329,545,Democratic Party,H,Twitter,0,0
B001292,2022Q3,2022,0.16299702593599671,367,Democratic Party,H,Twitter,0,0
B001295,2018Q1,2018,-0.024017035601574956,57,Republican Party,H,Twitter,0,0
B001295,2018Q2,2018,0.21504166796074636,56,Republican Party,H,Twitter,0,0
B001295,2019Q1,2019,-0.2647919587597723,78,Republican Party,H,Twitter,1,0
B001295,2019Q4,2019,0.28394948335280523,118,Republican Party,H,Twitter,1,0
B001295,2021Q2,2021,0.4714420434678468,118,Republican Party,H,Twitter,1,1
B001295,2021Q4,2021,-0.1404685866198603,143,Republican Party,H,Twitter,1,1
B001295,2022Q1,2022,0.12591197770048465,105,Republican Party,H,Twitter,1,1
B001295,2022Q2,2022,-0.0048915395293888395,89,Republican Party,H,Twitter,1,1
B001295,2022Q3,2022,0.08791429188276331,91,Republican Party,H,Twitter,1,1
B001295,2022Q4,2022,0.06466374835303382,56,Republican Party,H,Twitter,1,1
B001296,2016Q1,2016,0.249378695084152,155,Democratic Party,H,Twitter,1,0
B001296,2017Q1,2017,-0.2007953137326013,329,Democratic Party,H,Twitter,1,1
B001296,2018Q1,2018,-0.3124118454887065,204,Democratic Party,H,Twitter,1,1
B001297,2017Q1,2017,-0.29222609180530645,45,Republican Party,H,Twitter,0,0
B001297,2017Q2,2017,0.04611960411055818,32,Republican Party,H,Twitter,0,0
B001297,2017Q3,2017,0.16181887584056748,24,Republican Party,H,Twitter,0,0
B001297,2017Q4,2017,0.12398197975497292,38,Republican Party,H,Twitter,0,0
B001297,2018Q1,2018,0.05999776855940302,53,Republican Party,H,Twitter,0,0
B001298,2018Q2,2018,0.4434524071930323,405,Republican Party,H,Twitter,0,0
B001299,2018Q2,2018,0.20559271182628974,399,Republican Party,H,Twitter,0,0
B001299,2019Q2,2019,-0.051056550672859136,344,Republican Party,H,Twitter,1,0
B001299,2022Q1,2022,-1.1590387746191457,341,Republican Party,H,Twitter,1,1
B001300,2017Q1,2017,-0.3484224648637382,313,Democratic Party,H,Twitter,1,1
B001300,2017Q3,2017,-0.42917227460381313,237,Democratic Party,H,Twitter,1,1
B001300,2017Q4,2017,-0.2848112128194963,217,Democratic Party,H,Twitter,1,1
B001302,2017Q2,2017,0.3088058975734887,393,Republican Party,H,Twitter,0,0
B001302,2017Q4,2017,0.20691395612514224,385,Republican Party,H,Twitter,0,0
B001302,2018Q1,2018,0.04557583732299517,454,Republican Party,H,Twitter,0,0
B001302,2018Q2,2018,0.1891156552559679,421,Republican Party,H,Twitter,0,0
B001302,2019Q1,2019,0.03860451260675522,429,Republican Party,H,Twitter,1,0
B001302,2019Q2,2019,0.013585022030867042,436,Republican Party,H,Twitter,1,0
B001302,2020Q3,2020,-0.19214278199897114,920,Republican Party,H,Twitter,1,0
B001302,2021Q1,2021,-0.8828354300576908,602,Republican Party,H,Twitter,1,1
B001302,2022Q2,2022,-0.8477500981687124,424,Republican Party,H,Twitter,1,1
B001302,2022Q3,2022,-0.8199430958426338,368,Republican Party,H,Twitter,1,1
B001309,2020Q4,2020,-0.11539841275380902,43,Republican Party,H,Twitter,1,0
B001309,2021Q2,2021,-0.03827505177551424,110,Republican Party,H,Twitter,1,1
B001309,2021Q4,2021,-0.4685404419905653,90,Republican Party,H,Twitter,1,1
B001309,2022Q1,2022,-0.20665696051324256,131,Republican Party,H,Twitter,1,1
B001309,2022Q2,2022,-0.12363256505651975,122,Republican Party,H,Twitter,1,1
B001310,2022Q1,2022,-0.5909385862596614,160,Republican Party,S,Twitter,0,1
B001311,2021Q1,2021,-0.8753284196478016,220,Republican Party,H,Twitter,1,1
B001311,2021Q2,2021,-1.0921307833700888,183,Republican Party,H,Twitter,1,1
B001311,2022Q1,2022,-1.0020502721913642,127,Republican Party,H,Twitter,1,1
B001311,2022Q2,2022,-0.949679859891026,185,Republican Party,H,Twitter,1,1
B001313,2022Q1,2022,0.3106958790665088,239,Democratic Party,H,Twitter,0,0
B001313,2022Q2,2022,0.3718756627423818,203,Democratic Party,H,Twitter,0,0
C000059,2015Q2,2015,0.17157253231868078,84,Republican Party,H,Twitter,0,1
C000059,2015Q3,2015,-0.3445347306937894,79,Republican Party,H,Twitter,0,1
C000059,2016Q3,2016,-0.09741115224451499,52,Republican Party,H,Twitter,0,1
C000059,2017Q3,2017,0.05259013691261983,113,Republican Party,H,Twitter,0,0
C000059,2018Q3,2018,0.40508391245931363,95,Republican Party,H,Twitter,0,0
C000059,2019Q2,2019,0.052592460018002836,201,Republican Party,H,Twitter,1,0
C000127,2014Q2,2014,0.2217757598252605,77,Democratic Party,S,Twitter,0,0
C000127,2015Q1,2015,0.31425320634179876,117,Democratic Party,S,Twitter,1,0
C000127,2015Q2,2015,0.3243822584414454,79,Democratic Party,S,Twitter,1,0
C000127,2015Q4,2015,0.3637612300254371,133,Democratic Party,S,Twitter,1,0
C000127,2016Q1,2016,0.39521281790453133,208,Democratic Party,S,Twitter,1,0
C000127,2016Q2,2016,0.31707583047447546,311,Democratic Party,S,Twitter,1,0
C000127,2017Q1,2017,-0.22964587046720908,496,Democratic Party,S,Twitter,1,1
C000127,2017Q2,2017,-0.23061332658798508,484,Democratic Party,S,Twitter,1,1
C000127,2017Q3,2017,-0.1691848835594167,426,Democratic Party,S,Twitter,1,1
C000127,2017Q4,2017,-0.19932754818634196,457,Democratic Party,S,Twitter,1,1
C000127,2018Q2,2018,0.2692685672578939,726,Democratic Party,S,Twitter,1,1
C000127,2021Q2,2021,0.48363343332986203,78,Democratic Party,S,Twitter,1,0
C000127,2021Q4,2021,0.8604467371294875,110,Democratic Party,S,Twitter,1,0
C000127,2022Q1,2022,0.6858110217304998,126,Democratic Party,S,Twitter,1,0
C000141,2013Q1,2013,0.007460355255932486,161,Democratic Party,S,Twitter,0,0
C000141,2013Q2,2013,-0.005285566946663743,195,Democratic Party,S,Twitter,0,0
C000141,2013Q3,2013,-0.03870689250471918,230,Democratic Party,S,Twitter,0,0
C000141,2013Q4,2013,-0.028325814142949827,218,Democratic Party,S,Twitter,0,0
C000141,2014Q1,2014,-1.7684818162356216e-05,216,Democratic Party,S,Twitter,0,0
C000141,2014Q2,2014,-0.11419522257942491,326,Democratic Party,S,Twitter,0,0
C000141,2014Q3,2014,-0.05509422028450658,249,Democratic Party,S,Twitter,0,0
C000141,2014Q4,2014,-0.0842729305151456,142,Democratic Party,S,Twitter,0,0
C000141,2015Q1,2015,-0.11961102462253256,212,Democratic Party,S,Twitter,1,0
C000141,2015Q2,2015,-0.09665787856614111,243,Democratic Party,S,Twitter,1,0
C000141,2015Q3,2015,0.01952758349836518,227,Democratic Party,S,Twitter,1,0
C000141,2015Q4,2015,-0.04219864973078706,144,Democratic Party,S,Twitter,1,0
C000141,2016Q1,2016,-0.05557130253212119,198,Democratic Party,S,Twitter,1,0
C000141,2016Q2,2016,0.16604856117880545,186,Democratic Party,S,Twitter,1,0
C000141,2016Q3,2016,-0.04862491874575614,184,Democratic Party,S,Twitter,1,0
C000141,2016Q4,2016,-0.1169493180749455,248,Democratic Party,S,Twitter,1,0
C000141,2017Q1,2017,-0.40575687904913144,362,Democratic Party,S,Twitter,1,1
C000141,2017Q2,2017,-0.2734613107875398,392,Democratic Party,S,Twitter,1,1
C000141,2017Q3,2017,-0.37214555773746494,328,Democratic Party,S,Twitter,1,1
C000141,2017Q4,2017,-0.35667296260791936,244,Democratic Party,S,Twitter,1,1
C000141,2018Q1,2018,-0.17799376896098926,259,Democratic Party,S,Twitter,1,1
C000141,2018Q2,2018,-0.09649759516539963,197,Democratic Party,S,Twitter,1,1
C000141,2018Q3,2018,-0.2543437583821534,162,Democratic Party,S,Twitter,1,1
C000141,2018Q4,2018,-0.10115803919558027,156,Democratic Party,S,Twitter,1,1
C000141,2019Q1,2019,-0.21219821369844302,140,Democratic Party,S,Twitter,1,1
C000141,2019Q2,2019,0.04103783122398986,212,Democratic Party,S,Twitter,1,1
C000141,2019Q3,2019,0.08079665218263853,167,Democratic Party,S,Twitter,1,1
C000141,2019Q4,2019,0.18741339470247673,207,Democratic Party,S,Twitter,1,1
C000141,2020Q1,2020,0.3978994109502062,149,Democratic Party,S,Twitter,1,1
C000141,2020Q2,2020,0.21720126473069565,168,Democratic Party,S,Twitter,1,1
C000141,2020Q4,2020,0.2185123795859586,197,Democratic Party,S,Twitter,1,1
C000141,2021Q1,2021,0.1885731914378935,145,Democratic Party,S,Twitter,1,0
C000141,2021Q2,2021,0.10479581745291956,137,Democratic Party,S,Twitter,1,0
C000141,2021Q3,2021,0.2721048023482456,244,Democratic Party,S,Twitter,1,0
C000141,2021Q4,2021,0.32983682085197114,306,Democratic Party,S,Twitter,1,0
C000141,2022Q1,2022,0.30434435252486475,360,Democratic Party,S,Twitter,1,0
C000141,2022Q2,2022,0.2496579790456743,290,Democratic Party,S,Twitter,1,0
C000141,2022Q3,2022,0.10562575295043376,105,Democratic Party,S,Twitter,1,0
C000174,2013Q2,2013,0.17745772356548506,166,Democratic Party,S,Twitter,0,0
C000174,2013Q4,2013,0.20184202652543498,247,Democratic Party,S,Twitter,0,0
C000174,2014Q3,2014,0.1466299608140363,154,Democratic Party,S,Twitter,0,0
C000174,2014Q4,2014,0.10281607386748232,85,Democratic Party,S,Twitter,0,0
C000174,2015Q1,2015,-0.03874102151939726,173,Democratic Party,S,Twitter,1,0
C000174,2015Q2,2015,-0.0910841762553931,193,Democratic Party,S,Twitter,1,0
C000174,2015Q3,2015,-0.08972745846472241,106,Democratic Party,S,Twitter,1,0
C000174,2015Q4,2015,0.2511705372224579,225,Democratic Party,S,Twitter,1,0
C000174,2016Q1,2016,0.42999587302639003,202,Democratic Party,S,Twitter,1,0
C000174,2016Q2,2016,0.32736533793019384,226,Democratic Party,S,Twitter,1,0
C000174,2016Q3,2016,0.4622474034184976,127,Democratic Party,S,Twitter,1,0
C000174,2017Q1,2017,-0.3017823294370296,326,Democratic Party,S,Twitter,1,1
C000174,2017Q2,2017,-0.07950304947358235,244,Democratic Party,S,Twitter,1,1
C000174,2017Q4,2017,-0.09045481132707082,277,Democratic Party,S,Twitter,1,1
C000174,2018Q2,2018,0.046043306175053714,214,Democratic Party,S,Twitter,1,1
C000174,2018Q4,2018,-0.10208604074951336,177,Democratic Party,S,Twitter,1,1
C000174,2019Q1,2019,0.048958745235527526,293,Democratic Party,S,Twitter,1,1
C000174,2019Q4,2019,0.14895430463295561,286,Democratic Party,S,Twitter,1,1
C000174,2020Q1,2020,0.1021899919410777,268,Democratic Party,S,Twitter,1,1
C000174,2020Q2,2020,0.013308634446565345,305,Democratic Party,S,Twitter,1,1
C000174,2021Q1,2021,0.007969293034715925,289,Democratic Party,S,Twitter,1,0
C000174,2021Q2,2021,0.325361317456172,247,Democratic Party,S,Twitter,1,0
C000174,2021Q3,2021,0.25070483218052936,125,Democratic Party,S,Twitter,1,0
C000174,2022Q3,2022,0.08435571972563882,140,Democratic Party,S,Twitter,1,0
C000266,2015Q2,2015,0.08618479082390147,65,Republican Party,H,Twitter,0,1
C000266,2015Q3,2015,0.1263207802900257,114,Republican Party,H,Twitter,0,1
C000266,2015Q4,2015,0.1791841256703557,91,Republican Party,H,Twitter,0,1
C000266,2016Q1,2016,0.16041056570852444,60,Republican Party,H,Twitter,0,1
C000266,2016Q2,2016,-0.01425027224387774,144,Republican Party,H,Twitter,0,1
C000266,2017Q1,2017,0.10190074232747451,25,Republican Party,H,Twitter,0,0
C000266,2018Q1,2018,0.03804737766214427,18,Republican Party,H,Twitter,0,0
C000266,2018Q2,2018,-0.11937085011339779,17,Republican Party,H,Twitter,0,0
C000266,2019Q3,2019,0.6243540397010379,33,Republican Party,H,Twitter,1,0
C000266,2019Q4,2019,0.3922203453310236,178,Republican Party,H,Twitter,1,0
C000266,2020Q1,2020,0.7329817983380731,139,Republican Party,H,Twitter,1,0
C000266,2020Q3,2020,0.7731248327277491,316,Republican Party,H,Twitter,1,0
C000266,2020Q4,2020,0.6723279278664941,123,Republican Party,H,Twitter,1,0
C000880,2014Q3,2014,0.2645922246488604,68,Republican Party,S,Twitter,1,1
C000880,2017Q4,2017,0.5085792364711109,32,Republican Party,S,Twitter,0,0
C000880,2018Q1,2018,0.566691527711531,67,Republican Party,S,Twitter,0,0
C000880,2018Q3,2018,0.6578775338344778,51,Republican Party,S,Twitter,0,0
C000984,2013Q1,2013,0.0065913962538769275,40,Democratic Party,H,Twitter,1,0
C000984,2013Q3,2013,0.31017015287938793,54,Democratic Party,H,Twitter,1,0
C000984,2014Q1,2014,-0.15554041762453147,61,Democratic Party,H,Twitter,1,0
C000984,2014Q3,2014,-0.00017719223442858338,64,Democratic Party,H,Twitter,1,0
C000984,2016Q1,2016,-0.014833963472897307,51,Democratic Party,H,Twitter,1,0
C000984,2017Q1,2017,-0.64277706062521,61,Democratic Party,H,Twitter,1,1
C000984,2019Q1,2019,0.24356935731481813,149,Democratic Party,H,Twitter,0,1
C001035,2013Q1,2013,0.37159046556457936,70,Republican Party,S,Twitter,1,1
C001035,2013Q2,2013,0.2656784825661895,49,Republican Party,S,Twitter,1,1
C001035,2013Q3,2013,0.5392625280286032,16,Republican Party,S,Twitter,1,1
C001035,2013Q4,2013,0.39889328720096984,49,Republican Party,S,Twitter,1,1
C001035,2014Q1,2014,0.5472618267425505,75,Republican Party,S,Twitter,1,1
C001035,2014Q2,2014,0.6375291127960423,59,Republican Party,S,Twitter,1,1
C001035,2014Q3,2014,0.39162000354336823,51,Republican Party,S,Twitter,1,1
C001035,2014Q4,2014,0.35974453097653397,31,Republican Party,S,Twitter,1,1
C001035,2015Q1,2015,0.33575760654588843,63,Republican Party,S,Twitter,0,1
C001035,2015Q2,2015,0.5931944300771661,62,Republican Party,S,Twitter,0,1
C001035,2015Q3,2015,0.5008813093059269,62,Republican Party,S,Twitter,0,1
C001035,2015Q4,2015,0.7171368735961584,58,Republican Party,S,Twitter,0,1
C001035,2016Q1,2016,0.6535996844680211,64,Republican Party,S,Twitter,0,1
C001035,2016Q2,2016,0.8991855724227957,76,Republican Party,S,Twitter,0,1
C001035,2016Q3,2016,0.7622754265355376,52,Republican Party,S,Twitter,0,1
C001035,2016Q4,2016,0.7171890927053262,45,Republican Party,S,Twitter,0,1
C001035,2017Q1,2017,0.34922261639611446,96,Republican Party,S,Twitter,0,0
C001035,2017Q2,2017,0.33465814962298157,105,Republican Party,S,Twitter,0,0
C001035,2017Q3,2017,0.3410645594657881,120,Republican Party,S,Twitter,0,0
C001035,2017Q4,2017,0.6289559371766223,123,Republican Party,S,Twitter,0,0
C001035,2018Q1,2018,0.641892436076272,160,Republican Party,S,Twitter,0,0
C001035,2018Q2,2018,0.6551782279577174,161,Republican Party,S,Twitter,0,0
C001035,2018Q3,2018,0.19486829328744895,94,Republican Party,S,Twitter,0,0
C001035,2018Q4,2018,0.3233064732320073,111,Republican Party,S,Twitter,0,0
C001035,2019Q1,2019,0.39938015265131765,71,Republican Party,S,Twitter,0,0
C001035,2019Q2,2019,0.36993339840980816,68,Republican Party,S,Twitter,0,0
C001035,2019Q4,2019,0.551157688484936,96,Republican Party,S,Twitter,0,0
C001035,2020Q1,2020,0.74839994251731,147,Republican Party,S,Twitter,0,0
C001035,2020Q3,2020,1.077741045740352,229,Republican Party,S,Twitter,0,0
C001035,2020Q4,2020,0.8781924441531938,130,Republican Party,S,Twitter,0,0
C001035,2021Q1,2021,0.7996720787449102,93,Republican Party,S,Twitter,0,1
C001035,2021Q2,2021,0.7611212917759066,89,Republican Party,S,Twitter,0,1
C001035,2021Q4,2021,0.28774731457050234,40,Republican Party,S,Twitter,0,1
C001035,2022Q1,2022,0.5480097512413403,24,Republican Party,S,Twitter,0,1
C001035,2022Q3,2022,0.84189732972659,24,Republican Party,S,Twitter,0,1
C001035,2022Q4,2022,0.24313302776129644,22,Republican Party,S,Twitter,0,1
C001039,2021Q1,2021,-0.06090106494971253,381,Republican Party,H,Twitter,1,1
C001039,2021Q2,2021,-0.09019040107852423,496,Republican Party,H,Twitter,1,1
C001039,2021Q4,2021,-0.3546391731553406,399,Republican Party,H,Twitter,1,1
C001039,2022Q1,2022,-0.1657291204749626,401,Republican Party,H,Twitter,1,1
C001047,2014Q1,2014,0.5526221087303883,69,Republican Party,H,Twitter,0,1
C001047,2014Q2,2014,0.12663334918381033,79,Republican Party,H,Twitter,0,1
C001047,2014Q3,2014,0.22741367241956642,71,Republican Party,H,Twitter,0,1
C001047,2016Q3,2016,0.8063804103921131,392,Republican Party,S,Twitter,0,1
C001047,2017Q4,2017,0.44127473138329004,393,Republican Party,S,Twitter,0,0
C001047,2021Q2,2021,0.1732079732738967,277,Republican Party,S,Twitter,0,1
C001047,2021Q3,2021,-0.005943818348862867,247,Republican Party,S,Twitter,0,1
C001051,2013Q2,2013,-0.0973740939993073,64,Republican Party,H,Twitter,0,1
C001051,2017Q3,2017,-0.05131469467744377,90,Republican Party,H,Twitter,0,0
C001051,2018Q2,2018,0.2692220300446166,36,Republican Party,H,Twitter,0,0
C001053,2013Q1,2013,-0.41940444972786356,12,Republican Party,H,Twitter,0,1
C001053,2013Q3,2013,-0.03248011327749791,56,Republican Party,H,Twitter,0,1
C001053,2013Q4,2013,-0.18660287590074687,35,Republican Party,H,Twitter,0,1
C001053,2014Q2,2014,-0.015018347451651686,52,Republican Party,H,Twitter,0,1
C001053,2014Q3,2014,0.23206155178533217,65,Republican Party,H,Twitter,0,1
C001053,2014Q4,2014,-0.06520381334702254,30,Republican Party,H,Twitter,0,1
C001053,2015Q4,2015,-0.398682446407377,39,Republican Party,H,Twitter,0,1
C001053,2016Q2,2016,0.21865382221119078,42,Republican Party,H,Twitter,0,1
C001053,2017Q3,2017,0.18766295020231497,17,Republican Party,H,Twitter,0,0
C001053,2018Q1,2018,0.21959155964991534,20,Republican Party,H,Twitter,0,0
C001053,2019Q1,2019,0.014645352991363162,60,Republican Party,H,Twitter,1,0
C001053,2019Q2,2019,0.251184734250015,73,Republican Party,H,Twitter,1,0
C001053,2019Q4,2019,-0.13582755585232895,41,Republican Party,H,Twitter,1,0
C001053,2020Q2,2020,0.3031881443056202,128,Republican Party,H,Twitter,1,0
C001053,2020Q3,2020,0.355553832792109,93,Republican Party,H,Twitter,1,0
C001053,2021Q1,2021,-0.08901949620816951,105,Republican Party,H,Twitter,1,1
C001053,2021Q3,2021,0.06288247799936442,112,Republican Party,H,Twitter,1,1
C001053,2021Q4,2021,-0.3081520536079284,100,Republican Party,H,Twitter,1,1
C001055,2019Q3,2019,0.7613062237786176,112,Democratic Party,H,Twitter,0,1
C001055,2019Q4,2019,0.68311067312583,146,Democratic Party,H,Twitter,0,1
C001055,2020Q4,2020,0.7729466776787168,144,Democratic Party,H,Twitter,0,1
C001056,2013Q1,2013,-0.2268492818860167,349,Republican Party,S,Twitter,1,1
C001056,2013Q2,2013,-0.21721561487544871,568,Republican Party,S,Twitter,1,1
C001056,2013Q3,2013,-0.24303053846133246,495,Republican Party,S,Twitter,1,1
C001056,2013Q4,2013,-0.15369123883821123,368,Republican Party,S,Twitter,1,1
C001056,2014Q1,2014,-0.11326359921252824,229,Republican Party,S,Twitter,1,1
C001056,2014Q2,2014,-0.09205182508666139,206,Republican Party,S,Twitter,1,1
C001056,2014Q3,2014,-0.09991437929917357,215,Republican Party,S,Twitter,1,1
C001056,2014Q4,2014,-0.04098830074779986,259,Republican Party,S,Twitter,1,1
C001056,2015Q1,2015,-0.1259571622541787,397,Republican Party,S,Twitter,0,1
C001056,2015Q2,2015,0.0344430706990732,245,Republican Party,S,Twitter,0,1
C001056,2015Q3,2015,-0.04661456991166649,359,Republican Party,S,Twitter,0,1
C001056,2015Q4,2015,0.046452946537600265,297,Republican Party,S,Twitter,0,1
C001056,2016Q1,2016,0.17087295261920454,305,Republican Party,S,Twitter,0,1
C001056,2016Q2,2016,-0.018275512991525397,311,Republican Party,S,Twitter,0,1
C001056,2016Q3,2016,0.00045073278441316823,438,Republican Party,S,Twitter,0,1
C001056,2016Q4,2016,0.10790226617829629,388,Republican Party,S,Twitter,0,1
C001056,2017Q1,2017,0.06473447867036633,331,Republican Party,S,Twitter,0,0
C001056,2017Q2,2017,0.12604965974437762,266,Republican Party,S,Twitter,0,0
C001056,2017Q3,2017,0.22608330462827173,283,Republican Party,S,Twitter,0,0
C001056,2017Q4,2017,0.19222201198213448,277,Republican Party,S,Twitter,0,0
C001056,2018Q1,2018,0.16055887924222867,344,Republican Party,S,Twitter,0,0
C001056,2018Q2,2018,0.27316370540089246,301,Republican Party,S,Twitter,0,0
C001056,2018Q3,2018,0.2472538214902393,395,Republican Party,S,Twitter,0,0
C001056,2018Q4,2018,0.18640740529576288,444,Republican Party,S,Twitter,0,0
C001056,2019Q1,2019,0.05744316361175049,424,Republican Party,S,Twitter,0,0
C001056,2019Q2,2019,0.1581540890944356,430,Republican Party,S,Twitter,0,0
C001056,2019Q3,2019,0.08469030649739875,463,Republican Party,S,Twitter,0,0
C001056,2019Q4,2019,0.054518054850884554,518,Republican Party,S,Twitter,0,0
C001056,2020Q1,2020,0.2774719895567587,529,Republican Party,S,Twitter,0,0
C001056,2020Q2,2020,0.4940633758261477,715,Republican Party,S,Twitter,0,0
C001056,2020Q3,2020,0.28813985175174245,628,Republican Party,S,Twitter,0,0
C001056,2020Q4,2020,-0.009491501880406468,542,Republican Party,S,Twitter,0,0
C001056,2021Q1,2021,-0.011402497003734009,730,Republican Party,S,Twitter,0,1
C001056,2021Q2,2021,0.023162571878538662,615,Republican Party,S,Twitter,0,1
C001056,2021Q3,2021,-0.007294010240670112,592,Republican Party,S,Twitter,0,1
C001056,2021Q4,2021,0.038809482084190675,549,Republican Party,S,Twitter,0,1
C001056,2022Q1,2022,0.08688886477114602,483,Republican Party,S,Twitter,0,1
C001056,2022Q2,2022,0.11085007804059882,498,Republican Party,S,Twitter,0,1
C001056,2022Q3,2022,0.004633278387052305,523,Republican Party,S,Twitter,0,1
C001056,2022Q4,2022,0.09882888359679842,402,Republican Party,S,Twitter,0,1
C001059,2013Q2,2013,0.28670416367791174,72,Democratic Party,H,Twitter,1,0
C001059,2014Q2,2014,0.04278880110951771,48,Democratic Party,H,Twitter,1,0
C001059,2015Q1,2015,-0.08999354908574493,64,Democratic Party,H,Twitter,1,0
C001059,2015Q2,2015,0.020691413960875024,67,Democratic Party,H,Twitter,1,0
C001059,2015Q3,2015,-0.004761612519718365,54,Democratic Party,H,Twitter,1,0
C001059,2016Q2,2016,0.14877977640806064,45,Democratic Party,H,Twitter,1,0
C001059,2016Q3,2016,0.4524664567707482,36,Democratic Party,H,Twitter,1,0
C001059,2017Q2,2017,0.1863846023201376,21,Democratic Party,H,Twitter,1,1
C001059,2017Q3,2017,0.03169732981745051,65,Democratic Party,H,Twitter,1,1
C001059,2018Q1,2018,0.2705959107835219,121,Democratic Party,H,Twitter,1,1
C001059,2018Q2,2018,0.2312720622633744,144,Democratic Party,H,Twitter,1,1
C001059,2019Q1,2019,0.13852978695838938,103,Democratic Party,H,Twitter,0,1
C001059,2019Q3,2019,0.0026047144438350323,77,Democratic Party,H,Twitter,0,1
C001059,2019Q4,2019,0.10428107662490359,100,Democratic Party,H,Twitter,0,1
C001059,2020Q1,2020,0.6036993936655541,134,Democratic Party,H,Twitter,0,1
C001061,2021Q2,2021,0.39453479035052574,321,Democratic Party,H,Twitter,0,0
C001062,2014Q2,2014,-0.3788253392885409,25,Republican Party,H,Twitter,0,1
C001062,2018Q2,2018,-0.04269889050443006,21,Republican Party,H,Twitter,0,0
C001066,2015Q3,2015,-0.1263582236681474,142,Democratic Party,H,Twitter,1,0
C001066,2015Q4,2015,-0.006085022450901255,87,Democratic Party,H,Twitter,1,0
C001066,2016Q3,2016,0.026907394439674125,98,Democratic Party,H,Twitter,1,0
C001066,2017Q1,2017,-0.41142111191534414,147,Democratic Party,H,Twitter,1,1
C001066,2017Q3,2017,-0.2205669764373871,131,Democratic Party,H,Twitter,1,1
C001067,2018Q2,2018,-0.30623598070164193,173,Democratic Party,H,Twitter,1,1
C001067,2019Q4,2019,-0.5126139566854483,131,Democratic Party,H,Twitter,0,1
C001068,2013Q1,2013,-0.3413894081927801,95,Democratic Party,H,Twitter,1,0
C001068,2013Q2,2013,-0.30847715471282566,128,Democratic Party,H,Twitter,1,0
C001068,2013Q3,2013,-0.421309895315922,254,Democratic Party,H,Twitter,1,0
C001068,2013Q4,2013,-0.4706301999019227,197,Democratic Party,H,Twitter,1,0
C001068,2014Q1,2014,-0.29963271476203235,183,Democratic Party,H,Twitter,1,0
C001068,2014Q2,2014,-0.09083399757281793,205,Democratic Party,H,Twitter,1,0
C001068,2014Q3,2014,-0.11379265176920582,173,Democratic Party,H,Twitter,1,0
C001068,2015Q1,2015,-0.31801039828899397,226,Democratic Party,H,Twitter,1,0
C001068,2015Q2,2015,-0.14567747513585205,244,Democratic Party,H,Twitter,1,0
C001068,2015Q3,2015,-0.1651543262008065,164,Democratic Party,H,Twitter,1,0
C001068,2015Q4,2015,-0.1608835390185123,122,Democratic Party,H,Twitter,1,0
C001068,2016Q2,2016,-0.17618802651914559,142,Democratic Party,H,Twitter,1,0
C001068,2017Q1,2017,-0.5960496324571993,263,Democratic Party,H,Twitter,1,1
C001068,2017Q4,2017,-0.9980638761472279,227,Democratic Party,H,Twitter,1,1
C001068,2018Q2,2018,-0.8798936125669382,211,Democratic Party,H,Twitter,1,1
C001068,2019Q2,2019,-0.27054644841745845,443,Democratic Party,H,Twitter,0,1
C001068,2020Q1,2020,-0.6833060495466455,284,Democratic Party,H,Twitter,0,1
C001068,2021Q4,2021,-0.45517144202940346,193,Democratic Party,H,Twitter,0,0
C001068,2022Q2,2022,-0.5995729070685089,233,Democratic Party,H,Twitter,0,0
C001069,2013Q2,2013,0.168986966659487,139,Democratic Party,H,Twitter,1,0
C001069,2013Q3,2013,0.38544896559036573,103,Democratic Party,H,Twitter,1,0
C001069,2014Q1,2014,0.3053728994174323,92,Democratic Party,H,Twitter,1,0
C001069,2014Q3,2014,0.18694240807041795,45,Democratic Party,H,Twitter,1,0
C001069,2015Q1,2015,0.35618821434252124,65,Democratic Party,H,Twitter,1,0
C001069,2017Q1,2017,-0.11000232835529747,217,Democratic Party,H,Twitter,1,1
C001069,2017Q3,2017,0.013673467447741726,225,Democratic Party,H,Twitter,1,1
C001069,2018Q2,2018,0.5511926338522093,293,Democratic Party,H,Twitter,1,1
C001069,2019Q4,2019,0.5192848717691197,196,Democratic Party,H,Twitter,0,1
C001069,2021Q2,2021,0.45894786831516843,82,Democratic Party,H,Twitter,0,0
C001070,2013Q2,2013,0.04353125840602845,60,Democratic Party,S,Twitter,0,0
C001070,2013Q3,2013,-0.09325787878414585,83,Democratic Party,S,Twitter,0,0
C001070,2013Q4,2013,0.06839022777976898,146,Democratic Party,S,Twitter,0,0
C001070,2014Q1,2014,0.19740340159817324,169,Democratic Party,S,Twitter,0,0
C001070,2014Q2,2014,0.15973891836452583,219,Democratic Party,S,Twitter,0,0
C001070,2015Q1,2015,0.03531926726546027,196,Democratic Party,S,Twitter,1,0
C001070,2015Q3,2015,0.19644843920977786,130,Democratic Party,S,Twitter,1,0
C001070,2016Q1,2016,0.2220949063279882,146,Democratic Party,S,Twitter,1,0
C001070,2016Q2,2016,0.07042356059699761,291,Democratic Party,S,Twitter,1,0
C001070,2016Q3,2016,0.19460327159258686,138,Democratic Party,S,Twitter,1,0
C001070,2017Q1,2017,-0.4142677084580664,864,Democratic Party,S,Twitter,1,1
C001070,2017Q2,2017,-0.3527212968667501,560,Democratic Party,S,Twitter,1,1
C001070,2017Q4,2017,-0.27208569766105134,354,Democratic Party,S,Twitter,1,1
C001070,2018Q1,2018,-0.21903276387887782,323,Democratic Party,S,Twitter,1,1
C001070,2018Q2,2018,-0.1383873660806916,279,Democratic Party,S,Twitter,1,1
C001070,2018Q4,2018,0.1080180295306043,96,Democratic Party,S,Twitter,1,1
C001070,2019Q2,2019,0.1377253257263748,270,Democratic Party,S,Twitter,1,1
C001070,2019Q4,2019,-0.02333529465390017,409,Democratic Party,S,Twitter,1,1
C001070,2022Q2,2022,0.5274865457110091,401,Democratic Party,S,Twitter,1,0
C001071,2013Q2,2013,0.20118096321630805,157,Republican Party,S,Twitter,1,1
C001071,2013Q3,2013,0.39639016246589087,161,Republican Party,S,Twitter,1,1
C001071,2014Q3,2014,0.3491068214273581,114,Republican Party,S,Twitter,1,1
C001071,2015Q2,2015,0.40756724704477526,135,Republican Party,S,Twitter,0,1
C001071,2015Q3,2015,0.022940483696946287,163,Republican Party,S,Twitter,0,1
C001071,2016Q1,2016,0.1959516568766085,115,Republican Party,S,Twitter,0,1
C001071,2016Q3,2016,0.3588534189030276,137,Republican Party,S,Twitter,0,1
C001071,2018Q2,2018,0.2826147509893102,116,Republican Party,S,Twitter,0,0
C001071,2018Q4,2018,0.0826448417801571,53,Republican Party,S,Twitter,0,0
C001072,2022Q3,2022,0.3008438037073122,81,Democratic Party,H,Twitter,0,0
C001075,2021Q3,2021,-0.09899008487873108,307,Republican Party,S,Twitter,0,1
C001078,2013Q1,2013,-0.15951409926459573,175,Democratic Party,H,Twitter,1,0
C001078,2013Q2,2013,-0.033643983525186695,204,Democratic Party,H,Twitter,1,0
C001078,2013Q3,2013,-0.026418192753977384,142,Democratic Party,H,Twitter,1,0
C001078,2014Q1,2014,0.12199871621258948,121,Democratic Party,H,Twitter,1,0
C001078,2014Q2,2014,0.12825738040619383,148,Democratic Party,H,Twitter,1,0
C001078,2014Q3,2014,0.04197004658720114,137,Democratic Party,H,Twitter,1,0
C001078,2015Q1,2015,0.054945552860133265,144,Democratic Party,H,Twitter,1,0
C001078,2015Q2,2015,0.12939684230682613,147,Democratic Party,H,Twitter,1,0
C001078,2015Q3,2015,-0.10351469007306827,112,Democratic Party,H,Twitter,1,0
C001078,2015Q4,2015,-0.09359015555037895,125,Democratic Party,H,Twitter,1,0
C001078,2016Q2,2016,0.04110346580353593,143,Democratic Party,H,Twitter,1,0
C001078,2016Q4,2016,0.06353969387726839,151,Democratic Party,H,Twitter,1,0
C001078,2017Q1,2017,-0.41871995067157397,252,Democratic Party,H,Twitter,1,1
C001078,2017Q2,2017,-0.2766107580100602,291,Democratic Party,H,Twitter,1,1
C001078,2017Q3,2017,-0.49288017790642563,182,Democratic Party,H,Twitter,1,1
C001078,2018Q2,2018,-0.260703974341619,239,Democratic Party,H,Twitter,1,1
C001078,2018Q3,2018,-0.36470956701486773,153,Democratic Party,H,Twitter,1,1
C001078,2019Q1,2019,-0.19352914330957952,115,Democratic Party,H,Twitter,0,1
C001078,2020Q3,2020,-0.6292243063548674,233,Democratic Party,H,Twitter,0,1
C001078,2022Q2,2022,-0.25071546127699756,167,Democratic Party,H,Twitter,0,0
C001078,2022Q3,2022,-0.31609371783688117,155,Democratic Party,H,Twitter,0,0
C001080,2013Q2,2013,-0.07543191845979026,63,Democratic Party,H,Twitter,1,0
C001080,2017Q1,2017,-0.5780214274490184,178,Democratic Party,H,Twitter,1,1
C001080,2018Q2,2018,-0.5498934870177767,151,Democratic Party,H,Twitter,1,1
C001084,2013Q1,2013,0.46999099005721323,14,Democratic Party,H,Twitter,1,0
C001084,2013Q3,2013,0.6127346435043733,23,Democratic Party,H,Twitter,1,0
C001084,2013Q4,2013,0.6688104353437018,27,Democratic Party,H,Twitter,1,0
C001084,2014Q1,2014,0.34039001911769373,130,Democratic Party,H,Twitter,1,0
C001084,2014Q2,2014,0.24684956338532643,109,Democratic Party,H,Twitter,1,0
C001084,2014Q3,2014,0.5770297938275872,92,Democratic Party,H,Twitter,1,0
C001084,2015Q1,2015,0.6669297328707716,28,Democratic Party,H,Twitter,1,0
C001084,2015Q2,2015,0.6535473787161533,61,Democratic Party,H,Twitter,1,0
C001084,2015Q3,2015,0.5699328059949149,86,Democratic Party,H,Twitter,1,0
C001084,2015Q4,2015,0.9777331588466902,304,Democratic Party,H,Twitter,1,0
C001084,2016Q1,2016,1.0206841711057109,372,Democratic Party,H,Twitter,1,0
C001084,2016Q2,2016,0.9109589786515337,242,Democratic Party,H,Twitter,1,0
C001084,2016Q3,2016,0.7665702669799512,291,Democratic Party,H,Twitter,1,0
C001084,2017Q1,2017,-0.013185526879769068,283,Democratic Party,H,Twitter,1,1
C001084,2017Q2,2017,-0.16546272311042734,253,Democratic Party,H,Twitter,1,1
C001084,2017Q3,2017,-0.0066348409316705345,257,Democratic Party,H,Twitter,1,1
C001084,2017Q4,2017,-0.24933762915922064,228,Democratic Party,H,Twitter,1,1
C001084,2018Q1,2018,0.2725040016782421,169,Democratic Party,H,Twitter,1,1
C001084,2018Q2,2018,0.15365194732737203,158,Democratic Party,H,Twitter,1,1
C001084,2019Q1,2019,-0.1379301278803969,202,Democratic Party,H,Twitter,0,1
C001084,2019Q2,2019,0.09008514561503972,80,Democratic Party,H,Twitter,0,1
C001084,2020Q1,2020,0.09147583110746317,111,Democratic Party,H,Twitter,0,1
C001084,2020Q3,2020,-0.26545643187199125,23,Democratic Party,H,Twitter,0,1
C001084,2020Q4,2020,0.7381844707682769,10,Democratic Party,H,Twitter,0,1
C001084,2022Q2,2022,0.047781101182329574,17,Democratic Party,H,Twitter,0,0
C001084,2022Q3,2022,0.14083792567717496,184,Democratic Party,H,Twitter,0,0
C001087,2013Q2,2013,0.005536212714602216,170,Republican Party,H,Twitter,0,1
C001088,2013Q1,2013,0.3344754899174828,212,Democratic Party,S,Twitter,0,0
C001088,2013Q2,2013,0.21244249574488264,197,Democratic Party,S,Twitter,0,0
C001088,2013Q3,2013,0.21083704169786005,136,Democratic Party,S,Twitter,0,0
C001088,2013Q4,2013,0.1373008665463378,182,Democratic Party,S,Twitter,0,0
C001088,2014Q2,2014,0.2751151197115357,239,Democratic Party,S,Twitter,0,0
C001088,2015Q1,2015,0.0544435707325318,176,Democratic Party,S,Twitter,1,0
C001088,2015Q3,2015,0.3486698661109939,296,Democratic Party,S,Twitter,1,0
C001088,2015Q4,2015,0.3161702166775611,396,Democratic Party,S,Twitter,1,0
C001088,2016Q1,2016,0.3941378085261551,350,Democratic Party,S,Twitter,1,0
C001088,2016Q2,2016,0.33207188506781604,416,Democratic Party,S,Twitter,1,0
C001088,2016Q3,2016,0.4921945310658172,344,Democratic Party,S,Twitter,1,0
C001088,2017Q1,2017,0.011509589024112593,430,Democratic Party,S,Twitter,1,1
C001088,2017Q4,2017,0.16608074010119916,464,Democratic Party,S,Twitter,1,1
C001090,2013Q2,2013,-0.15565887253950547,276,Democratic Party,H,Twitter,1,0
C001090,2013Q3,2013,-0.388182554972771,277,Democratic Party,H,Twitter,1,0
C001090,2013Q4,2013,0.07494019297037396,114,Democratic Party,H,Twitter,1,0
C001090,2021Q4,2021,0.6140520245475154,62,Democratic Party,H,Twitter,0,0
C001091,2013Q3,2013,-0.14987241684599095,147,Democratic Party,H,Twitter,1,0
C001091,2014Q1,2014,0.21596524691024152,96,Democratic Party,H,Twitter,1,0
C001091,2014Q2,2014,0.06339298040701426,127,Democratic Party,H,Twitter,1,0
C001091,2017Q3,2017,-0.04142020991984831,205,Democratic Party,H,Twitter,1,1
C001091,2018Q1,2018,0.26355193883676375,452,Democratic Party,H,Twitter,1,1
C001091,2019Q3,2019,-0.31121883046540083,145,Democratic Party,H,Twitter,0,1
C001093,2013Q2,2013,0.27906274340097753,177,Republican Party,H,Twitter,0,1
C001093,2013Q3,2013,-0.4447022079761043,196,Republican Party,H,Twitter,0,1
C001093,2013Q4,2013,-0.5153054449152532,33,Republican Party,H,Twitter,0,1
C001093,2014Q1,2014,-0.11689103436596404,69,Republican Party,H,Twitter,0,1
C001093,2014Q2,2014,-0.21424026965421544,81,Republican Party,H,Twitter,0,1
C001093,2014Q3,2014,-0.5091270367473405,57,Republican Party,H,Twitter,0,1
C001093,2015Q1,2015,-0.32773439294103823,188,Republican Party,H,Twitter,0,1
C001093,2015Q2,2015,-0.09210153910571371,202,Republican Party,H,Twitter,0,1
C001093,2015Q3,2015,-0.18152133739260004,113,Republican Party,H,Twitter,0,1
C001093,2015Q4,2015,-0.1827105690323109,95,Republican Party,H,Twitter,0,1
C001093,2016Q1,2016,-0.1501445594208662,67,Republican Party,H,Twitter,0,1
C001093,2016Q2,2016,-0.21016223793389915,87,Republican Party,H,Twitter,0,1
C001093,2016Q3,2016,-0.2599541121590306,67,Republican Party,H,Twitter,0,1
C001093,2017Q1,2017,-0.1779917639830944,135,Republican Party,H,Twitter,0,0
C001093,2017Q2,2017,0.08318741026097028,88,Republican Party,H,Twitter,0,0
C001093,2017Q3,2017,0.04684470398562101,95,Republican Party,H,Twitter,0,0
C001093,2017Q4,2017,0.01675092181748164,105,Republican Party,H,Twitter,0,0
C001093,2019Q1,2019,-0.24991997073049788,164,Republican Party,H,Twitter,1,0
C001093,2019Q2,2019,-0.07371346818900197,187,Republican Party,H,Twitter,1,0
C001093,2019Q4,2019,-0.6105239250155898,223,Republican Party,H,Twitter,1,0
C001095,2013Q2,2013,0.21243210771797819,237,Republican Party,H,Twitter,0,1
C001095,2015Q2,2015,0.10842463647005293,189,Republican Party,S,Twitter,0,1
C001095,2016Q1,2016,0.2129035921689563,324,Republican Party,S,Twitter,0,1
C001095,2016Q2,2016,0.37223133176466444,643,Republican Party,S,Twitter,0,1
C001095,2016Q3,2016,0.14992707023329188,533,Republican Party,S,Twitter,0,1
C001095,2017Q1,2017,0.43246848439464886,444,Republican Party,S,Twitter,0,0
C001095,2017Q2,2017,0.6295793952484392,401,Republican Party,S,Twitter,0,0
C001095,2021Q2,2021,-0.6939038477424146,247,Republican Party,S,Twitter,0,1
C001095,2021Q4,2021,-1.0019532464908387,155,Republican Party,S,Twitter,0,1
C001095,2022Q1,2022,-0.7432034296340031,154,Republican Party,S,Twitter,0,1
C001096,2013Q2,2013,0.38110539267813104,74,Republican Party,H,Twitter,0,1
C001096,2015Q1,2015,0.5047980616020267,56,Republican Party,H,Twitter,0,1
C001096,2015Q4,2015,0.06320123696740734,103,Republican Party,H,Twitter,0,1
C001096,2019Q4,2019,0.20593741168032242,291,Republican Party,S,Twitter,0,0
C001096,2020Q1,2020,0.23665702556998156,358,Republican Party,S,Twitter,0,0
C001096,2020Q2,2020,0.25903950304095874,318,Republican Party,S,Twitter,0,0
C001096,2020Q4,2020,-0.1264397532479187,225,Republican Party,S,Twitter,0,0
C001097,2013Q2,2013,-0.0714129231089287,103,Democratic Party,H,Twitter,1,0
C001097,2013Q3,2013,0.051111213157682675,191,Democratic Party,H,Twitter,1,0
C001097,2016Q2,2016,-0.05245245598162725,195,Democratic Party,H,Twitter,1,0
C001097,2022Q3,2022,0.2850484651639357,211,Democratic Party,H,Twitter,0,0
C001098,2013Q1,2013,-0.41727070021413243,197,Republican Party,S,Twitter,1,1
C001098,2013Q2,2013,-0.5214651848001753,377,Republican Party,S,Twitter,1,1
C001098,2013Q3,2013,-0.870118738261672,538,Republican Party,S,Twitter,1,1
C001098,2013Q4,2013,-0.766794776778824,341,Republican Party,S,Twitter,1,1
C001098,2014Q2,2014,-0.6310477228540119,336,Republican Party,S,Twitter,1,1
C001098,2014Q3,2014,-0.741091826595393,182,Republican Party,S,Twitter,1,1
C001098,2015Q4,2015,-0.5347702779255222,175,Republican Party,S,Twitter,0,1
C001098,2021Q1,2021,-0.5670069741287078,462,Republican Party,S,Twitter,0,1
C001098,2021Q2,2021,-0.9406601948505515,498,Republican Party,S,Twitter,0,1
C001098,2021Q3,2021,-0.8725867638153832,416,Republican Party,S,Twitter,0,1
C001098,2021Q4,2021,-0.8354957746116097,403,Republican Party,S,Twitter,0,1
C001103,2015Q1,2015,-0.2506898032203265,68,Republican Party,H,Twitter,0,1
C001103,2015Q2,2015,-0.15514276681467445,75,Republican Party,H,Twitter,0,1
C001103,2015Q4,2015,0.0562845308874826,75,Republican Party,H,Twitter,0,1
C001103,2016Q1,2016,0.13781268578796327,50,Republican Party,H,Twitter,0,1
C001103,2016Q2,2016,0.09621520043372733,55,Republican Party,H,Twitter,0,1
C001103,2016Q3,2016,0.04031931979458956,67,Republican Party,H,Twitter,0,1
C001103,2016Q4,2016,0.14848798027117713,79,Republican Party,H,Twitter,0,1
C001103,2017Q1,2017,0.14823751405721086,52,Republican Party,H,Twitter,0,0
C001103,2017Q2,2017,0.08272540717084662,47,Republican Party,H,Twitter,0,0
C001103,2017Q3,2017,0.41413611882377027,73,Republican Party,H,Twitter,0,0
C001103,2017Q4,2017,0.1381639050224401,81,Republican Party,H,Twitter,0,0
C001103,2018Q1,2018,0.3464838816109881,82,Republican Party,H,Twitter,0,0
C001103,2018Q2,2018,0.3630579797512858,89,Republican Party,H,Twitter,0,0
C001103,2018Q3,2018,0.5100110804755076,64,Republican Party,H,Twitter,0,0
C001103,2018Q4,2018,0.21536146117258623,60,Republican Party,H,Twitter,0,0
C001103,2019Q1,2019,0.10625188230199192,55,Republican Party,H,Twitter,1,0
C001103,2019Q2,2019,-0.09398631024510655,61,Republican Party,H,Twitter,1,0
C001103,2019Q3,2019,0.33275985259551544,87,Republican Party,H,Twitter,1,0
C001103,2019Q4,2019,-0.6238126520413454,54,Republican Party,H,Twitter,1,0
C001103,2020Q1,2020,-0.0024870874007889535,72,Republican Party,H,Twitter,1,0
C001103,2020Q3,2020,-0.09885116112777552,75,Republican Party,H,Twitter,1,0
C001103,2020Q4,2020,0.1050950695055095,64,Republican Party,H,Twitter,1,0
C001103,2021Q1,2021,-0.4179501652687126,107,Republican Party,H,Twitter,1,1
C001103,2021Q2,2021,-0.6810749110346869,122,Republican Party,H,Twitter,1,1
C001103,2021Q3,2021,-0.6058955690592334,190,Republican Party,H,Twitter,1,1
C001103,2021Q4,2021,-0.745419554415026,188,Republican Party,H,Twitter,1,1
C001103,2022Q1,2022,-0.640014138073036,188,Republican Party,H,Twitter,1,1
C001103,2022Q2,2022,-0.4738365119750283,171,Republican Party,H,Twitter,1,1
C001103,2022Q3,2022,-0.4902432913032395,137,Republican Party,H,Twitter,1,1
C001103,2022Q4,2022,-0.4284224070188044,104,Republican Party,H,Twitter,1,1
C001108,2020Q3,2020,-0.6303314103874933,100,Republican Party,H,Twitter,1,0
C001108,2020Q4,2020,-0.8193166270970748,74,Republican Party,H,Twitter,1,0
C001108,2021Q1,2021,-0.6891217627644505,111,Republican Party,H,Twitter,1,1
C001108,2021Q2,2021,-0.594330956530605,106,Republican Party,H,Twitter,1,1
C001108,2021Q4,2021,-0.5387901188242867,87,Republican Party,H,Twitter,1,1
C001108,2022Q2,2022,-0.6516236923311636,78,Republican Party,H,Twitter,1,1
C001108,2022Q3,2022,-0.6524827912397089,78,Republican Party,H,Twitter,1,1
C001108,2022Q4,2022,-0.54229746943924,119,Republican Party,H,Twitter,1,1
C001109,2017Q1,2017,0.3345158953741503,49,Republican Party,H,Twitter,0,0
C001109,2017Q3,2017,0.3589319799386242,27,Republican Party,H,Twitter,0,0
C001109,2017Q4,2017,0.49758304017695687,38,Republican Party,H,Twitter,0,0
C001109,2018Q1,2018,0.24528391174784986,30,Republican Party,H,Twitter,0,0
C001109,2018Q2,2018,0.2652665468579561,28,Republican Party,H,Twitter,0,0
C001109,2020Q3,2020,-0.0607017785447108,78,Republican Party,H,Twitter,1,0
C001110,2018Q1,2018,-0.4160062501141197,68,Democratic Party,H,Twitter,1,1
C001110,2019Q2,2019,0.14180776429201875,42,Democratic Party,H,Twitter,0,1
C001110,2019Q3,2019,-0.07554184321296388,42,Democratic Party,H,Twitter,0,1
C001110,2022Q2,2022,0.4109402503614476,75,Democratic Party,H,Twitter,0,0
C001112,2017Q3,2017,-0.07953082627316128,105,Democratic Party,H,Twitter,1,1
C001113,2018Q4,2018,0.006211195060018186,294,Democratic Party,S,Twitter,1,1
C001113,2020Q3,2020,0.3244977248616145,564,Democratic Party,S,Twitter,1,1
C001113,2020Q4,2020,0.35324575075345516,294,Democratic Party,S,Twitter,1,1
C001114,2020Q1,2020,0.4471279748847471,213,Republican Party,H,Twitter,1,0
C001115,2020Q1,2020,0.22190067721653275,40,Republican Party,H,Twitter,1,0
C001115,2020Q3,2020,-0.15505805232565836,19,Republican Party,H,Twitter,1,0
C001116,2021Q1,2021,-0.3922449126239978,60,Republican Party,H,Twitter,1,1
C001116,2021Q2,2021,-0.48670320618804624,108,Republican Party,H,Twitter,1,1
C001116,2021Q4,2021,-0.9307078721362712,133,Republican Party,H,Twitter,1,1
C001116,2022Q1,2022,-1.0878481675518483,120,Republican Party,H,Twitter,1,1
C001116,2022Q2,2022,-1.1261148842385282,128,Republican Party,H,Twitter,1,1
C001117,2019Q4,2019,0.374905592995363,259,Democratic Party,H,Twitter,0,1
C001117,2021Q2,2021,0.49608847716446086,609,Democratic Party,H,Twitter,0,0
C001118,2019Q2,2019,0.32055633913449927,81,Republican Party,H,Twitter,1,0
C001118,2021Q1,2021,-0.04249592331241991,108,Republican Party,H,Twitter,1,1
C001118,2021Q2,2021,0.22943327561596524,144,Republican Party,H,Twitter,1,1
C001118,2021Q3,2021,-0.04481213814105112,138,Republican Party,H,Twitter,1,1
C001118,2022Q1,2022,0.0975784732079476,135,Republican Party,H,Twitter,1,1
C001118,2022Q2,2022,0.08566037372449381,109,Republican Party,H,Twitter,1,1
C001118,2022Q3,2022,-0.3669315571730869,149,Republican Party,H,Twitter,1,1
C001119,2019Q2,2019,0.4369004740585749,229,Democratic Party,H,Twitter,0,1
C001119,2021Q2,2021,0.4146304941410428,258,Democratic Party,H,Twitter,0,0
C001120,2020Q1,2020,-0.31365866953416044,133,Republican Party,H,Twitter,1,0
C001121,2019Q2,2019,0.45679242149099414,280,Democratic Party,H,Twitter,0,1
C001121,2020Q3,2020,0.07989342008101738,199,Democratic Party,H,Twitter,0,1
C001122,2019Q2,2019,0.27507753925948314,238,Democratic Party,H,Twitter,0,1
D000096,2013Q4,2013,-0.10731334717982301,38,Democratic Party,H,Twitter,1,0
D000096,2017Q2,2017,0.1305343104291631,60,Democratic Party,H,Twitter,1,1
D000096,2018Q2,2018,0.3489914766444719,47,Democratic Party,H,Twitter,1,1
D000096,2019Q2,2019,0.6421372739135635,46,Democratic Party,H,Twitter,0,1
D000096,2020Q1,2020,0.39314853872060207,101,Democratic Party,H,Twitter,0,1
D000191,2013Q2,2013,-0.3970129917568141,12,Democratic Party,H,Twitter,1,0
D000191,2013Q4,2013,-0.3215765062101818,30,Democratic Party,H,Twitter,1,0
D000191,2014Q1,2014,-0.2832059730146897,71,Democratic Party,H,Twitter,1,0
D000191,2014Q2,2014,-0.1482454214372754,55,Democratic Party,H,Twitter,1,0
D000191,2014Q3,2014,-0.06641102605220185,35,Democratic Party,H,Twitter,1,0
D000191,2015Q1,2015,-0.20043036878961776,50,Democratic Party,H,Twitter,1,0
D000191,2015Q2,2015,-0.34591720988012054,30,Democratic Party,H,Twitter,1,0
D000191,2015Q3,2015,-0.3024132911095727,38,Democratic Party,H,Twitter,1,0
D000191,2015Q4,2015,0.0239716664900008,20,Democratic Party,H,Twitter,1,0
D000191,2016Q1,2016,0.04235015891290142,33,Democratic Party,H,Twitter,1,0
D000191,2016Q2,2016,0.10710176965045713,24,Democratic Party,H,Twitter,1,0
D000191,2016Q3,2016,-0.2215885340688251,16,Democratic Party,H,Twitter,1,0
D000191,2017Q1,2017,-0.22372999596617876,29,Democratic Party,H,Twitter,1,1
D000191,2017Q4,2017,0.010847746674666774,33,Democratic Party,H,Twitter,1,1
D000191,2018Q2,2018,-0.09199660140230626,32,Democratic Party,H,Twitter,1,1
D000191,2018Q3,2018,-0.3783750002107527,37,Democratic Party,H,Twitter,1,1
D000191,2019Q1,2019,-0.41154534994667263,36,Democratic Party,H,Twitter,0,1
D000191,2019Q3,2019,-0.0020934930498857033,41,Democratic Party,H,Twitter,0,1
D000191,2019Q4,2019,0.2639803256177062,71,Democratic Party,H,Twitter,0,1
D000191,2020Q2,2020,0.10569412628746404,83,Democratic Party,H,Twitter,0,1
D000191,2020Q3,2020,0.21926678430899596,123,Democratic Party,H,Twitter,0,1
D000191,2020Q4,2020,0.2745913248726619,52,Democratic Party,H,Twitter,0,1
D000191,2021Q3,2021,0.5246606283243064,146,Democratic Party,H,Twitter,0,0
D000191,2022Q2,2022,0.3222361631990003,88,Democratic Party,H,Twitter,0,0
D000197,2017Q1,2017,-0.346380998081301,193,Democratic Party,H,Twitter,1,1
D000197,2020Q1,2020,0.4150282776138009,213,Democratic Party,H,Twitter,0,1
D000216,2013Q2,2013,-0.07798699390864573,288,Democratic Party,H,Twitter,1,0
D000216,2013Q3,2013,-0.11842567824935672,136,Democratic Party,H,Twitter,1,0
D000216,2013Q4,2013,-0.2642119517219022,128,Democratic Party,H,Twitter,1,0
D000216,2014Q1,2014,-0.22596187595543413,198,Democratic Party,H,Twitter,1,0
D000216,2014Q2,2014,-0.08026963215110698,264,Democratic Party,H,Twitter,1,0
D000216,2014Q3,2014,-0.306325476565943,158,Democratic Party,H,Twitter,1,0
D000216,2015Q1,2015,-0.27616564816570854,126,Democratic Party,H,Twitter,1,0
D000216,2015Q2,2015,-0.2986534338424074,166,Democratic Party,H,Twitter,1,0
D000216,2015Q3,2015,-0.28140584916889955,96,Democratic Party,H,Twitter,1,0
D000216,2015Q4,2015,-0.14516871694766487,118,Democratic Party,H,Twitter,1,0
D000216,2016Q2,2016,-0.26185426752868635,149,Democratic Party,H,Twitter,1,0
D000216,2017Q1,2017,-0.8017608611458961,135,Democratic Party,H,Twitter,1,1
D000216,2018Q1,2018,-0.28837466581961185,136,Democratic Party,H,Twitter,1,1
D000216,2018Q2,2018,-0.11577182227972253,171,Democratic Party,H,Twitter,1,1
D000216,2019Q2,2019,0.18873871579353385,133,Democratic Party,H,Twitter,0,1
D000216,2020Q1,2020,0.1611121713969945,217,Democratic Party,H,Twitter,0,1
D000216,2020Q3,2020,-0.07191634663382195,135,Democratic Party,H,Twitter,0,1
D000216,2021Q3,2021,0.21387263735971646,190,Democratic Party,H,Twitter,0,0
D000216,2021Q4,2021,0.15483511268184563,109,Democratic Party,H,Twitter,0,0
D000216,2022Q2,2022,0.20582187023656348,223,Democratic Party,H,Twitter,0,0
D000216,2022Q3,2022,0.176557089150742,177,Democratic Party,H,Twitter,0,0
D000399,2013Q4,2013,-0.14090154365781776,79,Democratic Party,H,Twitter,1,0
D000399,2014Q2,2014,0.13274982981234212,140,Democratic Party,H,Twitter,1,0
D000399,2014Q3,2014,0.11276566643775154,106,Democratic Party,H,Twitter,1,0
D000399,2015Q1,2015,0.1874864440727878,87,Democratic Party,H,Twitter,1,0
D000399,2015Q2,2015,0.21249843956500045,78,Democratic Party,H,Twitter,1,0
D000399,2015Q3,2015,0.40348465829321417,76,Democratic Party,H,Twitter,1,0
D000399,2016Q2,2016,0.17978643631770574,126,Democratic Party,H,Twitter,1,0
D000399,2017Q2,2017,-0.4049070126658814,327,Democratic Party,H,Twitter,1,1
D000399,2017Q4,2017,-0.623645515480069,389,Democratic Party,H,Twitter,1,1
D000399,2018Q2,2018,-0.3269893400016909,339,Democratic Party,H,Twitter,1,1
D000399,2018Q3,2018,-0.3618286486645054,356,Democratic Party,H,Twitter,1,1
D000482,2017Q1,2017,-0.057267386138154436,91,Democratic Party,H,Twitter,1,1
D000482,2019Q2,2019,0.1813579792536813,138,Democratic Party,H,Twitter,0,1
D000563,2013Q1,2013,0.28556186399464106,144,Democratic Party,S,Twitter,0,0
D000563,2013Q2,2013,0.05758840559302327,165,Democratic Party,S,Twitter,0,0
D000563,2013Q3,2013,0.2018877324813859,79,Democratic Party,S,Twitter,0,0
D000563,2013Q4,2013,0.4452327876065283,147,Democratic Party,S,Twitter,0,0
D000563,2014Q1,2014,0.46585635105922435,278,Democratic Party,S,Twitter,0,0
D000563,2014Q2,2014,0.21302389921652348,406,Democratic Party,S,Twitter,0,0
D000563,2014Q3,2014,0.059121986131971255,256,Democratic Party,S,Twitter,0,0
D000563,2014Q4,2014,0.2574064991504028,180,Democratic Party,S,Twitter,0,0
D000563,2015Q1,2015,0.1490667255413415,419,Democratic Party,S,Twitter,1,0
D000563,2015Q2,2015,0.22002652354293756,434,Democratic Party,S,Twitter,1,0
D000563,2015Q3,2015,0.44030245341700847,468,Democratic Party,S,Twitter,1,0
D000563,2015Q4,2015,0.4976804917703837,469,Democratic Party,S,Twitter,1,0
D000563,2016Q1,2016,0.5184898654261321,492,Democratic Party,S,Twitter,1,0
D000563,2016Q2,2016,0.4339012696108816,654,Democratic Party,S,Twitter,1,0
D000563,2016Q3,2016,0.33153944734506796,470,Democratic Party,S,Twitter,1,0
D000563,2016Q4,2016,0.2661238192800168,364,Democratic Party,S,Twitter,1,0
D000563,2017Q1,2017,0.013427927487310287,547,Democratic Party,S,Twitter,1,1
D000563,2017Q2,2017,-0.005162034243269754,577,Democratic Party,S,Twitter,1,1
D000563,2017Q3,2017,-0.34755608593794496,616,Democratic Party,S,Twitter,1,1
D000563,2017Q4,2017,-0.2439723495379661,639,Democratic Party,S,Twitter,1,1
D000563,2018Q1,2018,-0.13358142604996354,367,Democratic Party,S,Twitter,1,1
D000563,2018Q2,2018,-0.22404031054849324,458,Democratic Party,S,Twitter,1,1
D000563,2018Q3,2018,-0.2281844044652789,638,Democratic Party,S,Twitter,1,1
D000563,2018Q4,2018,-0.1054367674165753,493,Democratic Party,S,Twitter,1,1
D000563,2019Q1,2019,0.004898643286581599,543,Democratic Party,S,Twitter,1,1
D000563,2019Q2,2019,0.017131800029849615,616,Democratic Party,S,Twitter,1,1
D000563,2019Q3,2019,-0.009448816885611165,587,Democratic Party,S,Twitter,1,1
D000563,2019Q4,2019,0.011874707997943539,621,Democratic Party,S,Twitter,1,1
D000563,2020Q1,2020,0.2143175511717284,741,Democratic Party,S,Twitter,1,1
D000563,2020Q2,2020,0.1805666180940371,690,Democratic Party,S,Twitter,1,1
D000563,2020Q3,2020,-0.12442196781995449,612,Democratic Party,S,Twitter,1,1
D000563,2020Q4,2020,-0.1267466820153311,414,Democratic Party,S,Twitter,1,1
D000563,2021Q1,2021,0.01931017185251529,549,Democratic Party,S,Twitter,1,0
D000563,2021Q2,2021,0.25270760108263185,464,Democratic Party,S,Twitter,1,0
D000563,2021Q3,2021,0.06408228900340737,445,Democratic Party,S,Twitter,1,0
D000563,2021Q4,2021,0.15914210933801193,334,Democratic Party,S,Twitter,1,0
D000563,2022Q1,2022,0.23414195952174388,408,Democratic Party,S,Twitter,1,0
D000563,2022Q2,2022,0.19512205417943862,354,Democratic Party,S,Twitter,1,0
D000563,2022Q3,2022,0.16048152653736572,327,Democratic Party,S,Twitter,1,0
D000563,2022Q4,2022,0.26218446568505704,310,Democratic Party,S,Twitter,1,0
D000600,2015Q2,2015,0.007761583160162614,198,Republican Party,H,Twitter,0,1
D000600,2017Q3,2017,0.2539835904171293,380,Republican Party,H,Twitter,0,0
D000607,2014Q4,2014,0.2552189876722157,157,Democratic Party,S,Twitter,0,0
D000607,2015Q4,2015,0.7317963909826684,219,Democratic Party,S,Twitter,1,0
D000607,2016Q2,2016,0.8326698858429801,201,Democratic Party,S,Twitter,1,0
D000607,2016Q4,2016,0.8803728618438854,179,Democratic Party,S,Twitter,1,0
D000607,2017Q4,2017,0.9706459831657556,288,Democratic Party,S,Twitter,1,1
D000607,2018Q2,2018,1.0439985336427093,287,Democratic Party,S,Twitter,1,1
D000610,2015Q2,2015,-0.2147188773248776,123,Democratic Party,H,Twitter,1,0
D000610,2016Q2,2016,-0.17040339415292097,219,Democratic Party,H,Twitter,1,0
D000610,2016Q3,2016,-0.0920216856602076,208,Democratic Party,H,Twitter,1,0
D000610,2017Q4,2017,-0.11147164834573402,247,Democratic Party,H,Twitter,1,1
D000610,2021Q4,2021,0.05508606323974999,130,Democratic Party,H,Twitter,0,0
D000614,2014Q2,2014,-0.29963819643700934,148,Republican Party,H,Twitter,0,1
D000614,2015Q3,2015,-0.5347669784877334,77,Republican Party,H,Twitter,0,1
D000614,2015Q4,2015,-0.3025065896675904,67,Republican Party,H,Twitter,0,1
D000614,2016Q3,2016,-0.24744681870317278,71,Republican Party,H,Twitter,0,1
D000614,2018Q1,2018,0.17479077055857695,241,Republican Party,H,Twitter,0,0
D000615,2013Q2,2013,-0.4561506965197268,411,Republican Party,H,Twitter,0,1
D000615,2014Q3,2014,-0.5096169382142651,367,Republican Party,H,Twitter,0,1
D000615,2019Q2,2019,-0.1485815706647404,152,Republican Party,H,Twitter,1,0
D000617,2016Q1,2016,0.321461823326446,179,Democratic Party,H,Twitter,1,0
D000618,2013Q2,2013,-0.31280128811224506,185,Republican Party,H,Twitter,0,1
D000618,2013Q3,2013,0.2652311099996,122,Republican Party,H,Twitter,0,1
D000618,2014Q2,2014,0.11417639066163167,120,Republican Party,H,Twitter,0,1
D000618,2014Q3,2014,0.04983772370737994,63,Republican Party,H,Twitter,0,1
D000618,2015Q1,2015,-0.3064859416734772,218,Republican Party,S,Twitter,0,1
D000618,2015Q2,2015,-0.14255936957028145,175,Republican Party,S,Twitter,0,1
D000618,2015Q3,2015,-0.2079304234494796,245,Republican Party,S,Twitter,0,1
D000618,2015Q4,2015,-0.3349885649480036,172,Republican Party,S,Twitter,0,1
D000618,2016Q1,2016,-0.04239983253086039,157,Republican Party,S,Twitter,0,1
D000618,2016Q2,2016,0.011799393158119776,110,Republican Party,S,Twitter,0,1
D000618,2016Q3,2016,0.10037545559346968,96,Republican Party,S,Twitter,0,1
D000618,2016Q4,2016,-0.12534930126870628,106,Republican Party,S,Twitter,0,1
D000618,2017Q1,2017,-0.2972936137319009,197,Republican Party,S,Twitter,0,0
D000618,2017Q2,2017,0.07935381692365233,114,Republican Party,S,Twitter,0,0
D000618,2017Q3,2017,-0.050071302768836444,62,Republican Party,S,Twitter,0,0
D000618,2017Q4,2017,-0.15857305679490097,100,Republican Party,S,Twitter,0,0
D000618,2018Q1,2018,-0.007137198712253114,150,Republican Party,S,Twitter,0,0
D000618,2018Q2,2018,0.06112182111048789,104,Republican Party,S,Twitter,0,0
D000618,2018Q3,2018,0.06042423543464922,110,Republican Party,S,Twitter,0,0
D000618,2018Q4,2018,-0.3747577647378117,90,Republican Party,S,Twitter,0,0
D000618,2019Q1,2019,-0.2731341988544747,121,Republican Party,S,Twitter,0,0
D000618,2019Q2,2019,-0.18687455991479332,112,Republican Party,S,Twitter,0,0
D000618,2019Q3,2019,-0.022812982037592595,106,Republican Party,S,Twitter,0,0
D000618,2019Q4,2019,-0.2698787102223826,109,Republican Party,S,Twitter,0,0
D000618,2020Q1,2020,-0.43424780783090294,163,Republican Party,S,Twitter,0,0
D000618,2020Q2,2020,-0.025704373700840603,196,Republican Party,S,Twitter,0,0
D000618,2020Q3,2020,-0.029857068072431044,173,Republican Party,S,Twitter,0,0
D000618,2020Q4,2020,-0.12256663984777379,115,Republican Party,S,Twitter,0,0
D000618,2021Q1,2021,-0.725040326845799,228,Republican Party,S,Twitter,0,1
D000618,2021Q3,2021,-0.6053115322901732,198,Republican Party,S,Twitter,0,1
D000618,2022Q1,2022,-0.6129874939690988,209,Republican Party,S,Twitter,0,1
D000619,2013Q2,2013,0.3958209491011369,205,Republican Party,H,Twitter,0,1
D000619,2013Q3,2013,0.29144514272204647,200,Republican Party,H,Twitter,0,1
D000619,2013Q4,2013,0.22437790896593798,117,Republican Party,H,Twitter,0,1
D000619,2014Q1,2014,0.2230729080555216,115,Republican Party,H,Twitter,0,1
D000619,2014Q2,2014,0.19919958568522309,110,Republican Party,H,Twitter,0,1
D000619,2014Q4,2014,0.04243738891172391,74,Republican Party,H,Twitter,0,1
D000619,2015Q1,2015,0.21239273489354005,145,Republican Party,H,Twitter,0,1
D000619,2015Q3,2015,0.06658312466846829,122,Republican Party,H,Twitter,0,1
D000619,2016Q2,2016,0.23669998828970817,101,Republican Party,H,Twitter,0,1
D000619,2016Q3,2016,0.3132139265079704,105,Republican Party,H,Twitter,0,1
D000619,2017Q1,2017,0.4214181899728887,189,Republican Party,H,Twitter,0,0
D000619,2017Q3,2017,0.4099879390338893,219,Republican Party,H,Twitter,0,0
D000619,2018Q1,2018,0.3567808705522692,144,Republican Party,H,Twitter,0,0
D000619,2018Q2,2018,0.7699503331805249,174,Republican Party,H,Twitter,0,0
D000619,2019Q1,2019,0.5193666336909275,244,Republican Party,H,Twitter,1,0
D000619,2019Q2,2019,0.5656628957753824,154,Republican Party,H,Twitter,1,0
D000619,2019Q4,2019,0.642940817904756,106,Republican Party,H,Twitter,1,0
D000619,2020Q1,2020,0.8895276380839724,146,Republican Party,H,Twitter,1,0
D000619,2020Q3,2020,0.5854585646472802,154,Republican Party,H,Twitter,1,0
D000619,2020Q4,2020,0.5158129424293089,135,Republican Party,H,Twitter,1,0
D000619,2021Q1,2021,0.19393957224311406,123,Republican Party,H,Twitter,1,1
D000619,2021Q2,2021,0.25972963471105187,211,Republican Party,H,Twitter,1,1
D000619,2021Q4,2021,0.03496652350257879,123,Republican Party,H,Twitter,1,1
D000619,2022Q1,2022,-0.18606187220452003,157,Republican Party,H,Twitter,1,1
D000619,2022Q3,2022,0.033982217904168596,32,Republican Party,H,Twitter,1,1
D000619,2022Q4,2022,0.13195587728618607,10,Republican Party,H,Twitter,1,1
D000623,2019Q2,2019,0.28289680944540296,425,Democratic Party,H,Twitter,0,1
D000623,2020Q1,2020,0.21847517858303844,332,Democratic Party,H,Twitter,0,1
D000623,2021Q1,2021,0.3594565199859047,334,Democratic Party,H,Twitter,0,0
D000623,2022Q3,2022,0.5105907322473178,181,Democratic Party,H,Twitter,0,0
D000624,2015Q2,2015,-0.1702061161726184,116,Democratic Party,H,Twitter,1,0
D000624,2015Q3,2015,0.004682503139385831,159,Democratic Party,H,Twitter,1,0
D000624,2020Q3,2020,-0.2200168304487445,234,Democratic Party,H,Twitter,0,1
D000624,2022Q2,2022,0.2965289533184263,210,Democratic Party,H,Twitter,0,0
D000627,2017Q2,2017,-0.35985848288569094,224,Democratic Party,H,Twitter,1,1
D000627,2017Q4,2017,-0.06694495831592416,117,Democratic Party,H,Twitter,1,1
D000627,2021Q2,2021,-0.26989159784195765,593,Democratic Party,H,Twitter,0,0
D000628,2017Q3,2017,0.5520764612669201,135,Republican Party,H,Twitter,0,0
D000628,2017Q4,2017,0.4032953395902299,94,Republican Party,H,Twitter,0,0
D000628,2018Q2,2018,0.294117764049954,78,Republican Party,H,Twitter,0,0
D000628,2019Q2,2019,0.07682952605431626,51,Republican Party,H,Twitter,1,0
D000630,2019Q3,2019,0.8448349493949551,409,Democratic Party,H,Twitter,0,1
D000631,2019Q1,2019,-0.00994564146837547,227,Democratic Party,H,Twitter,0,1
D000631,2019Q2,2019,0.19784955853428707,177,Democratic Party,H,Twitter,0,1
D000631,2020Q1,2020,0.05204407871165786,130,Democratic Party,H,Twitter,0,1
D000631,2021Q1,2021,-0.24184525253425224,155,Democratic Party,H,Twitter,0,0
D000631,2021Q2,2021,-0.0027866700971485056,120,Democratic Party,H,Twitter,0,0
D000631,2022Q1,2022,-0.10932869470365443,110,Democratic Party,H,Twitter,0,0
E000071,2022Q4,2022,0.08678834556449558,19,Republican Party,H,Twitter,1,1
E000179,2013Q2,2013,-0.33763659660593776,78,Democratic Party,H,Twitter,1,0
E000179,2013Q3,2013,-0.07542542892632476,27,Democratic Party,H,Twitter,1,0
E000179,2014Q1,2014,-0.2091620394719831,54,Democratic Party,H,Twitter,1,0
E000179,2014Q2,2014,-0.3826102838929165,101,Democratic Party,H,Twitter,1,0
E000179,2014Q3,2014,-0.18523219048677397,49,Democratic Party,H,Twitter,1,0
E000179,2014Q4,2014,-0.34275251258957795,35,Democratic Party,H,Twitter,1,0
E000179,2015Q2,2015,-0.11436658748783736,48,Democratic Party,H,Twitter,1,0
E000179,2015Q4,2015,-0.011374856315832528,44,Democratic Party,H,Twitter,1,0
E000179,2016Q2,2016,-0.08535650335869024,75,Democratic Party,H,Twitter,1,0
E000179,2016Q3,2016,-0.12407170426746016,58,Democratic Party,H,Twitter,1,0
E000179,2016Q4,2016,0.08485323568861286,61,Democratic Party,H,Twitter,1,0
E000179,2017Q1,2017,-0.2844615945745091,145,Democratic Party,H,Twitter,1,1
E000179,2017Q2,2017,-0.3937792917177961,120,Democratic Party,H,Twitter,1,1
E000179,2017Q3,2017,-0.3947780073679156,100,Democratic Party,H,Twitter,1,1
E000179,2017Q4,2017,-0.21042367057213035,124,Democratic Party,H,Twitter,1,1
E000179,2018Q2,2018,-0.20402965813548715,173,Democratic Party,H,Twitter,1,1
E000179,2018Q3,2018,-0.5493928892543378,100,Democratic Party,H,Twitter,1,1
E000179,2018Q4,2018,-0.2898341142791996,102,Democratic Party,H,Twitter,1,1
E000179,2019Q1,2019,-0.24438897531633433,133,Democratic Party,H,Twitter,0,1
E000179,2019Q2,2019,-0.2185755741772446,128,Democratic Party,H,Twitter,0,1
E000179,2019Q3,2019,-0.12805497479723055,148,Democratic Party,H,Twitter,0,1
E000179,2019Q4,2019,-0.12114141038749617,151,Democratic Party,H,Twitter,0,1
E000179,2020Q1,2020,-0.10107723128728797,178,Democratic Party,H,Twitter,0,1
E000179,2020Q4,2020,-0.684832590122183,25,Democratic Party,H,Twitter,0,1
E000215,2017Q1,2017,-0.16123488820131654,73,Democratic Party,H,Twitter,1,1
E000215,2018Q2,2018,-0.2515961749887762,69,Democratic Party,H,Twitter,1,1
E000215,2020Q4,2020,0.5861462663598287,43,Democratic Party,H,Twitter,0,1
E000285,2013Q1,2013,-0.04060362311142137,96,Republican Party,S,Twitter,1,1
E000285,2013Q2,2013,-0.36885765829777556,137,Republican Party,S,Twitter,1,1
E000285,2013Q3,2013,-0.21522542541422382,140,Republican Party,S,Twitter,1,1
E000285,2013Q4,2013,-0.3047758253318157,125,Republican Party,S,Twitter,1,1
E000285,2014Q2,2014,-0.0659851339747013,152,Republican Party,S,Twitter,1,1
E000285,2014Q3,2014,-0.16161056009562727,122,Republican Party,S,Twitter,1,1
E000285,2015Q1,2015,-0.13960162457821987,215,Republican Party,S,Twitter,0,1
E000285,2015Q2,2015,0.15522881279921266,223,Republican Party,S,Twitter,0,1
E000285,2015Q3,2015,0.09771229837256079,136,Republican Party,S,Twitter,0,1
E000285,2015Q4,2015,0.06602778077345653,167,Republican Party,S,Twitter,0,1
E000285,2016Q2,2016,0.28504131854527154,159,Republican Party,S,Twitter,0,1
E000285,2017Q1,2017,0.37233825343821375,151,Republican Party,S,Twitter,0,0
E000285,2017Q3,2017,0.38306820577539913,94,Republican Party,S,Twitter,0,0
E000285,2017Q4,2017,0.27799337220593706,109,Republican Party,S,Twitter,0,0
E000295,2019Q1,2019,0.1277203628766225,242,Republican Party,S,Twitter,0,0
E000295,2019Q4,2019,0.23811459830515533,307,Republican Party,S,Twitter,0,0
E000295,2021Q2,2021,0.054688597282208096,487,Republican Party,S,Twitter,0,1
E000295,2022Q1,2022,-0.15064535222212325,419,Republican Party,S,Twitter,0,1
E000296,2017Q3,2017,-0.4938526325940408,355,Democratic Party,H,Twitter,1,1
E000296,2018Q1,2018,-0.2835624143407246,370,Democratic Party,H,Twitter,1,1
E000296,2018Q2,2018,-0.5109300467102063,234,Democratic Party,H,Twitter,1,1
E000296,2018Q3,2018,-0.5404624128018214,191,Democratic Party,H,Twitter,1,1
E000297,2017Q1,2017,-0.541222748505127,470,Democratic Party,H,Twitter,1,1
E000297,2017Q2,2017,-0.3667929672077101,558,Democratic Party,H,Twitter,1,1
E000297,2017Q4,2017,-0.1569893680124769,388,Democratic Party,H,Twitter,1,1
E000297,2018Q1,2018,-0.16823132823715667,503,Democratic Party,H,Twitter,1,1
E000297,2019Q1,2019,-0.1639107983972127,506,Democratic Party,H,Twitter,0,1
E000297,2020Q4,2020,-0.043431696083670764,603,Democratic Party,H,Twitter,0,1
E000297,2021Q1,2021,-0.08070649362485038,890,Democratic Party,H,Twitter,0,0
E000297,2021Q4,2021,-0.6157140640271029,265,Democratic Party,H,Twitter,0,0
E000298,2018Q2,2018,0.35061833041043167,87,Republican Party,H,Twitter,0,0
E000298,2018Q3,2018,0.4303355774315676,89,Republican Party,H,Twitter,0,0
E000299,2019Q2,2019,-0.12236529963924456,296,Democratic Party,H,Twitter,0,1
F000062,2013Q1,2013,0.18490588921212708,129,Democratic Party,S,Twitter,0,0
F000062,2013Q2,2013,0.16752764402020473,62,Democratic Party,S,Twitter,0,0
F000062,2013Q3,2013,0.20584329065717594,67,Democratic Party,S,Twitter,0,0
F000062,2013Q4,2013,-0.001975901097657408,42,Democratic Party,S,Twitter,0,0
F000062,2014Q1,2014,0.48898125338806714,130,Democratic Party,S,Twitter,0,0
F000062,2014Q2,2014,0.2181432202049748,221,Democratic Party,S,Twitter,0,0
F000062,2014Q3,2014,0.2386992629978244,208,Democratic Party,S,Twitter,0,0
F000062,2015Q1,2015,0.1793804523969179,217,Democratic Party,S,Twitter,1,0
F000062,2015Q2,2015,0.10660963730407104,247,Democratic Party,S,Twitter,1,0
F000062,2015Q3,2015,0.19173767639545358,246,Democratic Party,S,Twitter,1,0
F000062,2015Q4,2015,0.3252539175355995,278,Democratic Party,S,Twitter,1,0
F000062,2016Q1,2016,0.39758120039362194,256,Democratic Party,S,Twitter,1,0
F000062,2016Q2,2016,0.39454258930014185,312,Democratic Party,S,Twitter,1,0
F000062,2017Q1,2017,0.013922103888721763,489,Democratic Party,S,Twitter,1,1
F000062,2017Q2,2017,-0.22770758949746267,476,Democratic Party,S,Twitter,1,1
F000062,2017Q3,2017,-0.3689339137656702,479,Democratic Party,S,Twitter,1,1
F000062,2017Q4,2017,-0.3311356776649355,605,Democratic Party,S,Twitter,1,1
F000062,2018Q1,2018,-0.20862530351232064,436,Democratic Party,S,Twitter,1,1
F000062,2018Q2,2018,-0.1684033248522478,506,Democratic Party,S,Twitter,1,1
F000062,2018Q4,2018,0.2840525083265768,301,Democratic Party,S,Twitter,1,1
F000062,2019Q1,2019,0.1623390190708385,380,Democratic Party,S,Twitter,1,1
F000062,2019Q2,2019,0.09707754858446471,339,Democratic Party,S,Twitter,1,1
F000062,2019Q4,2019,0.3656024526545526,292,Democratic Party,S,Twitter,1,1
F000062,2020Q3,2020,0.4592687090255326,456,Democratic Party,S,Twitter,1,1
F000062,2021Q1,2021,0.3980347883924293,339,Democratic Party,S,Twitter,1,0
F000062,2021Q2,2021,0.5187249776011008,314,Democratic Party,S,Twitter,1,0
F000062,2021Q3,2021,0.5703522966588304,256,Democratic Party,S,Twitter,1,0
F000062,2021Q4,2021,0.6214173093801475,238,Democratic Party,S,Twitter,1,0
F000062,2022Q1,2022,0.7475806973900452,189,Democratic Party,S,Twitter,1,0
F000062,2022Q3,2022,0.5796838024136542,204,Democratic Party,S,Twitter,1,0
F000444,2013Q3,2013,-0.2698572315253748,47,Republican Party,S,Twitter,1,1
F000444,2014Q1,2014,-0.18747570173324607,77,Republican Party,S,Twitter,1,1
F000444,2014Q2,2014,-0.14411274212246478,90,Republican Party,S,Twitter,1,1
F000444,2015Q4,2015,-0.29054109820144397,56,Republican Party,S,Twitter,0,1
F000444,2016Q2,2016,-0.3378700188823785,71,Republican Party,S,Twitter,0,1
F000444,2017Q1,2017,0.14947064629067813,139,Republican Party,S,Twitter,0,0
F000444,2017Q4,2017,-0.3173246035993687,75,Republican Party,S,Twitter,0,0
F000444,2018Q1,2018,-0.41657986829799803,71,Republican Party,S,Twitter,0,0
F000444,2018Q3,2018,-0.14624864650897854,48,Republican Party,S,Twitter,0,0
F000449,2013Q2,2013,0.15775852510511534,52,Republican Party,H,Twitter,0,1
F000449,2015Q1,2015,0.3782228804788606,51,Republican Party,H,Twitter,0,1
F000449,2016Q1,2016,0.1196167023165855,73,Republican Party,H,Twitter,0,1
F000449,2019Q2,2019,0.4433138776945893,84,Republican Party,H,Twitter,1,0
F000450,2013Q1,2013,0.037752299989334416,97,Republican Party,H,Twitter,0,1
F000450,2013Q2,2013,0.010574213794809825,59,Republican Party,H,Twitter,0,1
F000450,2013Q3,2013,-0.24146237511873858,43,Republican Party,H,Twitter,0,1
F000450,2013Q4,2013,-0.03133732516755854,15,Republican Party,H,Twitter,0,1
F000450,2014Q1,2014,0.08655181599360515,34,Republican Party,H,Twitter,0,1
F000450,2014Q2,2014,0.13770593479037668,90,Republican Party,H,Twitter,0,1
F000450,2014Q3,2014,0.36124103032806265,72,Republican Party,H,Twitter,0,1
F000450,2014Q4,2014,0.12107104778055666,48,Republican Party,H,Twitter,0,1
F000450,2015Q1,2015,-0.24332844821469896,56,Republican Party,H,Twitter,0,1
F000450,2015Q2,2015,0.209481768500852,110,Republican Party,H,Twitter,0,1
F000450,2015Q3,2015,0.21825806088533814,121,Republican Party,H,Twitter,0,1
F000450,2015Q4,2015,0.08297536900899692,98,Republican Party,H,Twitter,0,1
F000450,2016Q1,2016,0.2458677117472601,99,Republican Party,H,Twitter,0,1
F000450,2016Q2,2016,0.4531794817667813,102,Republican Party,H,Twitter,0,1
F000450,2016Q3,2016,0.19123968177244863,72,Republican Party,H,Twitter,0,1
F000450,2017Q1,2017,0.30633022069648475,60,Republican Party,H,Twitter,0,0
F000450,2017Q2,2017,0.7189554863534634,68,Republican Party,H,Twitter,0,0
F000450,2017Q4,2017,-0.17893263970368245,25,Republican Party,H,Twitter,0,0
F000450,2018Q1,2018,-0.4409850867668426,32,Republican Party,H,Twitter,0,0
F000450,2018Q2,2018,0.10546031136361246,48,Republican Party,H,Twitter,0,0
F000450,2018Q3,2018,0.2752895840877268,40,Republican Party,H,Twitter,0,0
F000450,2019Q1,2019,-0.5588726299346857,41,Republican Party,H,Twitter,1,0
F000450,2019Q2,2019,0.14302074234244078,47,Republican Party,H,Twitter,1,0
F000450,2019Q3,2019,0.11846716321873098,27,Republican Party,H,Twitter,1,0
F000450,2019Q4,2019,-0.45026196097987886,12,Republican Party,H,Twitter,1,0
F000450,2020Q1,2020,0.07101702705644686,44,Republican Party,H,Twitter,1,0
F000450,2020Q2,2020,-0.6506528919643765,157,Republican Party,H,Twitter,1,0
F000450,2020Q3,2020,-0.7846660954423541,49,Republican Party,H,Twitter,1,0
F000450,2020Q4,2020,-0.8181711361667873,46,Republican Party,H,Twitter,1,0
F000450,2021Q1,2021,-0.9788309207070547,51,Republican Party,H,Twitter,1,1
F000450,2021Q2,2021,-0.8623326930252592,45,Republican Party,H,Twitter,1,1
F000450,2021Q3,2021,-1.1345528755800376,51,Republican Party,H,Twitter,1,1
F000450,2021Q4,2021,-1.0950633379612966,53,Republican Party,H,Twitter,1,1
F000450,2022Q1,2022,-1.1205581169607803,57,Republican Party,H,Twitter,1,1
F000450,2022Q2,2022,-1.277291379146305,47,Republican Party,H,Twitter,1,1
F000450,2022Q3,2022,-0.9392413296033855,33,Republican Party,H,Twitter,1,1
F000450,2022Q4,2022,-0.8794766334701163,15,Republican Party,H,Twitter,1,1
F000454,2015Q2,2015,0.18504954866407433,88,Democratic Party,H,Twitter,1,0
F000454,2019Q2,2019,0.042686435653751735,151,Democratic Party,H,Twitter,0,1
F000454,2022Q1,2022,0.353669691975463,158,Democratic Party,H,Twitter,0,0
F000455,2013Q1,2013,-0.13439693114560625,47,Democratic Party,H,Twitter,1,0
F000455,2013Q3,2013,-0.29744506528674675,100,Democratic Party,H,Twitter,1,0
F000462,2013Q1,2013,0.0021534349452751803,85,Democratic Party,H,Twitter,1,0
F000462,2013Q2,2013,0.21248528867834096,95,Democratic Party,H,Twitter,1,0
F000462,2014Q1,2014,-0.15484443976646306,51,Democratic Party,H,Twitter,1,0
F000462,2014Q2,2014,-0.12489240607247369,91,Democratic Party,H,Twitter,1,0
F000462,2021Q4,2021,0.365733638432523,259,Democratic Party,H,Twitter,0,0
F000463,2013Q2,2013,0.22451620849175555,123,Republican Party,S,Twitter,1,1
F000463,2015Q1,2015,0.09708597922151338,136,Republican Party,S,Twitter,0,1
F000463,2016Q2,2016,0.38934019735686576,265,Republican Party,S,Twitter,0,1
F000463,2017Q4,2017,0.39450772577522336,142,Republican Party,S,Twitter,0,0
F000463,2019Q1,2019,0.502494305251979,240,Republican Party,S,Twitter,0,0
F000465,2021Q2,2021,-0.5135816144469137,113,Republican Party,H,Twitter,1,1
F000466,2017Q2,2017,0.2590956454010676,200,Republican Party,H,Twitter,0,0
F000466,2017Q3,2017,-0.05994890459710349,33,Republican Party,H,Twitter,0,0
F000466,2017Q4,2017,0.4166815377011057,16,Republican Party,H,Twitter,0,0
F000466,2018Q1,2018,0.4486837864372755,52,Republican Party,H,Twitter,0,0
F000466,2018Q2,2018,0.41049357707537537,30,Republican Party,H,Twitter,0,0
F000466,2018Q3,2018,0.02018173359160087,39,Republican Party,H,Twitter,0,0
F000466,2019Q1,2019,0.2720330978982839,141,Republican Party,H,Twitter,1,0
F000466,2019Q2,2019,0.33085990345702004,173,Republican Party,H,Twitter,1,0
F000466,2019Q4,2019,0.17359465856193557,84,Republican Party,H,Twitter,1,0
F000466,2020Q1,2020,0.43251879140996263,141,Republican Party,H,Twitter,1,0
F000470,2021Q1,2021,-0.030760964587586103,154,Republican Party,H,Twitter,1,1
F000470,2021Q2,2021,0.26123960929782886,158,Republican Party,H,Twitter,1,1
F000470,2022Q1,2022,0.1872209719904188,94,Republican Party,H,Twitter,1,1
F000470,2022Q2,2022,0.2621824616408022,129,Republican Party,H,Twitter,1,1
F000470,2022Q3,2022,-0.13728889116925622,133,Republican Party,H,Twitter,1,1
F000470,2022Q4,2022,-0.13181111016065492,111,Republican Party,H,Twitter,1,1
F000471,2022Q1,2022,-0.32061453182759336,86,Republican Party,H,Twitter,1,1
G000359,2013Q1,2013,-0.2932376258528679,199,Republican Party,S,Twitter,1,1
G000359,2013Q2,2013,-0.29376606732188043,288,Republican Party,S,Twitter,1,1
G000359,2013Q4,2013,-0.31342603540140823,156,Republican Party,S,Twitter,1,1
G000359,2014Q1,2014,-0.23135948912948381,192,Republican Party,S,Twitter,1,1
G000359,2014Q2,2014,-0.32932257691636513,108,Republican Party,S,Twitter,1,1
G000359,2014Q3,2014,-0.30478752805917947,92,Republican Party,S,Twitter,1,1
G000359,2015Q1,2015,-0.4781084523076596,130,Republican Party,S,Twitter,0,1
G000359,2015Q2,2015,-0.3873943312887243,95,Republican Party,S,Twitter,0,1
G000359,2016Q1,2016,-0.7521300658905284,18,Republican Party,S,Twitter,0,1
G000377,2017Q3,2017,0.10882849301928844,31,Republican Party,H,Twitter,0,0
G000377,2018Q2,2018,0.12422223730012419,55,Republican Party,H,Twitter,0,0
G000377,2019Q1,2019,0.37906282738652114,11,Republican Party,H,Twitter,1,0
G000377,2021Q3,2021,0.24224453210161523,89,Republican Party,H,Twitter,1,1
G000386,2013Q1,2013,-0.10445515843181309,137,Republican Party,S,Twitter,1,1
G000386,2013Q2,2013,-0.110678068182485,118,Republican Party,S,Twitter,1,1
G000386,2013Q3,2013,0.03388440503959092,109,Republican Party,S,Twitter,1,1
G000386,2013Q4,2013,-0.08843295020807669,94,Republican Party,S,Twitter,1,1
G000386,2014Q1,2014,0.06438003940550253,116,Republican Party,S,Twitter,1,1
G000386,2014Q2,2014,0.23445292431161588,70,Republican Party,S,Twitter,1,1
G000386,2014Q3,2014,0.23467813051093211,108,Republican Party,S,Twitter,1,1
G000386,2014Q4,2014,0.03188970728604051,65,Republican Party,S,Twitter,1,1
G000386,2015Q1,2015,0.14211078036076974,168,Republican Party,S,Twitter,0,1
G000386,2015Q2,2015,0.410995692317975,198,Republican Party,S,Twitter,0,1
G000386,2015Q3,2015,0.2532377993586212,121,Republican Party,S,Twitter,0,1
G000386,2015Q4,2015,0.2697524004988525,118,Republican Party,S,Twitter,0,1
G000386,2016Q1,2016,0.34706605739378643,198,Republican Party,S,Twitter,0,1
G000386,2016Q2,2016,0.3892354777599302,212,Republican Party,S,Twitter,0,1
G000386,2016Q3,2016,0.19706768021595242,228,Republican Party,S,Twitter,0,1
G000386,2016Q4,2016,0.12741289804826664,155,Republican Party,S,Twitter,0,1
G000386,2017Q1,2017,0.13766818123570843,245,Republican Party,S,Twitter,0,0
G000386,2017Q2,2017,0.26602332230329095,177,Republican Party,S,Twitter,0,0
G000386,2017Q3,2017,0.10440336450434688,186,Republican Party,S,Twitter,0,0
G000386,2017Q4,2017,0.20140903397918833,151,Republican Party,S,Twitter,0,0
G000386,2018Q1,2018,0.12155989488346478,157,Republican Party,S,Twitter,0,0
G000386,2018Q3,2018,0.27274921015957865,236,Republican Party,S,Twitter,0,0
G000386,2018Q4,2018,0.13349425657672592,176,Republican Party,S,Twitter,0,0
G000386,2019Q1,2019,0.26909215234239164,242,Republican Party,S,Twitter,0,0
G000386,2019Q2,2019,0.21933824911502373,271,Republican Party,S,Twitter,0,0
G000386,2019Q3,2019,0.2925957726833553,224,Republican Party,S,Twitter,0,0
G000386,2019Q4,2019,0.3131500481439309,171,Republican Party,S,Twitter,0,0
G000386,2020Q1,2020,0.06455596811917765,183,Republican Party,S,Twitter,0,0
G000386,2020Q2,2020,-0.07725287177969979,188,Republican Party,S,Twitter,0,0
G000386,2020Q3,2020,0.003154845224150962,277,Republican Party,S,Twitter,0,0
G000386,2020Q4,2020,0.001962525063489161,176,Republican Party,S,Twitter,0,0
G000386,2021Q1,2021,0.03226087919690557,171,Republican Party,S,Twitter,0,1
G000386,2021Q2,2021,-0.07479910970481903,246,Republican Party,S,Twitter,0,1
G000386,2021Q3,2021,0.11625873386313634,259,Republican Party,S,Twitter,0,1
G000386,2021Q4,2021,-0.30291962855105437,283,Republican Party,S,Twitter,0,1
G000386,2022Q1,2022,-0.03724319229471302,298,Republican Party,S,Twitter,0,1
G000386,2022Q2,2022,0.09035068851424195,360,Republican Party,S,Twitter,0,1
G000386,2022Q3,2022,0.1319120193430787,328,Republican Party,S,Twitter,0,1
G000546,2019Q1,2019,-0.09611857141949197,106,Republican Party,H,Twitter,1,0
G000546,2020Q2,2020,0.7183068544487721,132,Republican Party,H,Twitter,1,0
G000546,2020Q4,2020,0.3121009283358769,54,Republican Party,H,Twitter,1,0
G000551,2013Q3,2013,-0.3545448041765063,100,Democratic Party,H,Twitter,1,0
G000551,2013Q4,2013,-0.3354397385686144,97,Democratic Party,H,Twitter,1,0
G000551,2014Q1,2014,-0.3248893702659715,130,Democratic Party,H,Twitter,1,0
G000551,2015Q2,2015,-0.148535621679983,38,Democratic Party,H,Twitter,1,0
G000551,2015Q3,2015,-0.06251788624968686,29,Democratic Party,H,Twitter,1,0
G000551,2015Q4,2015,-0.4711043927553333,17,Democratic Party,H,Twitter,1,0
G000551,2017Q1,2017,-0.6918230078945664,52,Democratic Party,H,Twitter,1,1
G000551,2017Q3,2017,-0.7575682482874094,214,Democratic Party,H,Twitter,1,1
G000551,2017Q4,2017,-0.7460906496468902,201,Democratic Party,H,Twitter,1,1
G000551,2018Q2,2018,-0.6342330150607149,282,Democratic Party,H,Twitter,1,1
G000551,2019Q2,2019,-0.33163078361340215,237,Democratic Party,H,Twitter,0,1
G000551,2019Q4,2019,-0.3231368465603118,195,Democratic Party,H,Twitter,0,1
G000551,2022Q2,2022,0.028444578853444258,129,Democratic Party,H,Twitter,0,0
G000551,2022Q4,2022,0.07454249066070637,111,Democratic Party,H,Twitter,0,0
G000552,2013Q1,2013,-0.029052250556841942,114,Republican Party,H,Twitter,0,1
G000552,2013Q2,2013,0.04270066511248487,159,Republican Party,H,Twitter,0,1
G000552,2013Q3,2013,-0.053889891177521805,163,Republican Party,H,Twitter,0,1
G000552,2013Q4,2013,-0.04580764531544226,138,Republican Party,H,Twitter,0,1
G000552,2014Q1,2014,-0.17139351251639567,137,Republican Party,H,Twitter,0,1
G000552,2014Q2,2014,-0.022420613357002957,164,Republican Party,H,Twitter,0,1
G000552,2014Q3,2014,-0.044811268135945014,147,Republican Party,H,Twitter,0,1
G000552,2014Q4,2014,-0.1791672353369657,135,Republican Party,H,Twitter,0,1
G000552,2015Q1,2015,-0.04922131319387943,159,Republican Party,H,Twitter,0,1
G000552,2015Q2,2015,0.06844149759697934,164,Republican Party,H,Twitter,0,1
G000552,2015Q3,2015,-0.22173439998789327,165,Republican Party,H,Twitter,0,1
G000552,2015Q4,2015,0.0998948172676819,235,Republican Party,H,Twitter,0,1
G000552,2016Q1,2016,0.19760740438089772,170,Republican Party,H,Twitter,0,1
G000552,2016Q2,2016,0.08984925074369896,187,Republican Party,H,Twitter,0,1
G000552,2016Q3,2016,0.30754940938875464,125,Republican Party,H,Twitter,0,1
G000552,2017Q1,2017,-0.0812028028894843,241,Republican Party,H,Twitter,0,0
G000552,2017Q2,2017,0.12494625864687695,210,Republican Party,H,Twitter,0,0
G000552,2017Q3,2017,0.006514413340786053,171,Republican Party,H,Twitter,0,0
G000552,2017Q4,2017,0.34640935776140674,159,Republican Party,H,Twitter,0,0
G000552,2018Q1,2018,0.03424348085798291,142,Republican Party,H,Twitter,0,0
G000552,2018Q2,2018,0.3413241965834327,142,Republican Party,H,Twitter,0,0
G000552,2019Q1,2019,0.025420067435247305,143,Republican Party,H,Twitter,1,0
G000552,2019Q2,2019,0.5430118085133671,157,Republican Party,H,Twitter,1,0
G000552,2020Q1,2020,0.07171209452988621,69,Republican Party,H,Twitter,1,0
G000552,2020Q3,2020,-0.35081321747738725,119,Republican Party,H,Twitter,1,0
G000552,2021Q1,2021,-1.0754261026618375,45,Republican Party,H,Twitter,1,1
G000552,2021Q2,2021,-0.8417546492000438,37,Republican Party,H,Twitter,1,1
G000552,2021Q3,2021,-0.6691709888532364,42,Republican Party,H,Twitter,1,1
G000552,2021Q4,2021,-0.5891606595404681,56,Republican Party,H,Twitter,1,1
G000552,2022Q3,2022,-1.026147706082071,60,Republican Party,H,Twitter,1,1
G000553,2013Q4,2013,0.41350387048010323,24,Democratic Party,H,Twitter,1,0
G000553,2015Q1,2015,0.14504244210760467,35,Democratic Party,H,Twitter,1,0
G000553,2015Q2,2015,0.06032225083989936,71,Democratic Party,H,Twitter,1,0
G000553,2016Q2,2016,0.09743950093212907,40,Democratic Party,H,Twitter,1,0
G000553,2017Q1,2017,-0.5039738163918824,38,Democratic Party,H,Twitter,1,1
G000553,2017Q3,2017,-0.7496086820497878,47,Democratic Party,H,Twitter,1,1
G000553,2017Q4,2017,-0.778334401721037,42,Democratic Party,H,Twitter,1,1
G000553,2018Q1,2018,-0.829300700967544,56,Democratic Party,H,Twitter,1,1
G000553,2018Q2,2018,-0.6844069001868409,55,Democratic Party,H,Twitter,1,1
G000553,2019Q2,2019,-0.5484472426874071,80,Democratic Party,H,Twitter,0,1
G000553,2019Q3,2019,-0.38088572140661875,103,Democratic Party,H,Twitter,0,1
G000553,2019Q4,2019,-0.4481753851404633,67,Democratic Party,H,Twitter,0,1
G000553,2020Q1,2020,-0.41885132491134675,55,Democratic Party,H,Twitter,0,1
G000553,2020Q3,2020,-0.5444685129956452,68,Democratic Party,H,Twitter,0,1
G000553,2020Q4,2020,-0.3746886780838365,37,Democratic Party,H,Twitter,0,1
G000553,2021Q1,2021,-0.4634482214948547,64,Democratic Party,H,Twitter,0,0
G000553,2021Q2,2021,-0.08962503138199424,60,Democratic Party,H,Twitter,0,0
G000553,2021Q3,2021,-0.14198018363638784,72,Democratic Party,H,Twitter,0,0
G000553,2022Q1,2022,0.2943305572952936,84,Democratic Party,H,Twitter,0,0
G000553,2022Q2,2022,0.05012795370102501,79,Democratic Party,H,Twitter,0,0
G000553,2022Q3,2022,-0.006294049958285994,85,Democratic Party,H,Twitter,0,0
G000555,2017Q1,2017,-0.4270029025250604,381,Democratic Party,S,Twitter,1,1
G000555,2021Q2,2021,0.016862691334932203,434,Democratic Party,S,Twitter,1,0
G000558,2020Q3,2020,0.5747035040566009,43,Republican Party,H,Twitter,1,0
G000558,2021Q2,2021,0.7607438287241011,99,Republican Party,H,Twitter,1,1
G000558,2021Q4,2021,0.46385346639247543,129,Republican Party,H,Twitter,1,1
G000558,2022Q3,2022,0.5258960381552897,123,Republican Party,H,Twitter,1,1
G000559,2013Q1,2013,0.21513918538824636,278,Democratic Party,H,Twitter,1,0
G000559,2013Q2,2013,0.29878180645877767,265,Democratic Party,H,Twitter,1,0
G000559,2013Q3,2013,0.30759134107005526,256,Democratic Party,H,Twitter,1,0
G000559,2013Q4,2013,0.14383417682861638,319,Democratic Party,H,Twitter,1,0
G000559,2014Q1,2014,0.2314152321133357,213,Democratic Party,H,Twitter,1,0
G000559,2014Q2,2014,0.2575142344139171,191,Democratic Party,H,Twitter,1,0
G000559,2014Q3,2014,0.37328570338058736,234,Democratic Party,H,Twitter,1,0
G000559,2014Q4,2014,0.3516227884060199,168,Democratic Party,H,Twitter,1,0
G000559,2015Q1,2015,0.21670626393532313,123,Democratic Party,H,Twitter,1,0
G000559,2015Q2,2015,0.27281533297164967,205,Democratic Party,H,Twitter,1,0
G000559,2015Q3,2015,0.17475979363518676,107,Democratic Party,H,Twitter,1,0
G000559,2015Q4,2015,-0.014895613224137806,78,Democratic Party,H,Twitter,1,0
G000559,2016Q1,2016,0.027241226570611603,71,Democratic Party,H,Twitter,1,0
G000559,2016Q2,2016,0.09694219756736946,51,Democratic Party,H,Twitter,1,0
G000559,2016Q3,2016,0.3448429021600084,47,Democratic Party,H,Twitter,1,0
G000559,2017Q1,2017,0.27613688167362593,327,Democratic Party,H,Twitter,1,1
G000559,2017Q3,2017,0.2084649890449971,264,Democratic Party,H,Twitter,1,1
G000559,2017Q4,2017,0.20271380369003006,176,Democratic Party,H,Twitter,1,1
G000559,2018Q1,2018,0.24237587556947707,215,Democratic Party,H,Twitter,1,1
G000559,2018Q2,2018,0.28434816264894164,266,Democratic Party,H,Twitter,1,1
G000559,2018Q3,2018,0.6052597641967594,121,Democratic Party,H,Twitter,1,1
G000559,2018Q4,2018,0.3849092353505329,119,Democratic Party,H,Twitter,1,1
G000559,2019Q1,2019,0.593578066797835,212,Democratic Party,H,Twitter,0,1
G000559,2019Q2,2019,0.7222966309696452,275,Democratic Party,H,Twitter,0,1
G000559,2022Q3,2022,-0.4393405334126642,207,Democratic Party,H,Twitter,0,0
G000560,2016Q2,2016,0.3883567984466925,58,Republican Party,H,Twitter,0,1
G000560,2017Q3,2017,0.29530405623257405,78,Republican Party,H,Twitter,0,0
G000562,2013Q2,2013,0.30932039199252614,223,Republican Party,H,Twitter,0,1
G000562,2013Q3,2013,0.15768067443805853,234,Republican Party,H,Twitter,0,1
G000562,2014Q2,2014,0.33529776037271797,67,Republican Party,H,Twitter,0,1
G000562,2015Q2,2015,0.4384229806128761,265,Republican Party,S,Twitter,0,1
G000562,2016Q1,2016,0.0630208475611071,125,Republican Party,S,Twitter,0,1
G000562,2016Q2,2016,0.48603980219497084,95,Republican Party,S,Twitter,0,1
G000562,2017Q1,2017,0.5991876060842721,123,Republican Party,S,Twitter,0,0
G000562,2017Q2,2017,0.26422574153092093,99,Republican Party,S,Twitter,0,0
G000562,2017Q4,2017,0.3330516901432822,81,Republican Party,S,Twitter,0,0
G000562,2019Q2,2019,0.3830519101474596,161,Republican Party,S,Twitter,0,0
G000562,2019Q4,2019,0.3355043402315469,189,Republican Party,S,Twitter,0,0
G000562,2020Q2,2020,0.456765286819745,325,Republican Party,S,Twitter,0,0
G000565,2013Q3,2013,-0.2768223206531085,332,Republican Party,H,Twitter,0,1
G000565,2014Q2,2014,-0.016019125586745418,219,Republican Party,H,Twitter,0,1
G000565,2014Q3,2014,-0.22738090896873261,171,Republican Party,H,Twitter,0,1
G000565,2015Q2,2015,-0.11179304800030682,202,Republican Party,H,Twitter,0,1
G000565,2015Q4,2015,-0.23188203159878673,151,Republican Party,H,Twitter,0,1
G000565,2016Q2,2016,-0.05960201264963751,130,Republican Party,H,Twitter,0,1
G000565,2016Q3,2016,-0.20424140719118655,82,Republican Party,H,Twitter,0,1
G000565,2017Q3,2017,-0.09900281529180853,121,Republican Party,H,Twitter,0,0
G000565,2017Q4,2017,0.024395054108831707,113,Republican Party,H,Twitter,0,0
G000565,2018Q2,2018,0.13007809537859824,189,Republican Party,H,Twitter,0,0
G000565,2019Q1,2019,-0.18882164998205778,139,Republican Party,H,Twitter,1,0
G000565,2019Q2,2019,-0.3386214921577456,115,Republican Party,H,Twitter,1,0
G000565,2019Q3,2019,-0.7261019262834651,215,Republican Party,H,Twitter,1,0
G000565,2019Q4,2019,-0.9408264984936396,280,Republican Party,H,Twitter,1,0
G000568,2013Q2,2013,0.25324629418867073,40,Republican Party,H,Twitter,0,1
G000568,2019Q1,2019,0.2263511535082341,28,Republican Party,H,Twitter,1,0
G000571,2013Q2,2013,0.40514358554284136,86,Democratic Party,H,Twitter,1,0
G000571,2013Q3,2013,0.33348322553213616,65,Democratic Party,H,Twitter,1,0
G000571,2016Q1,2016,0.2502301640157754,119,Democratic Party,H,Twitter,1,0
G000571,2017Q3,2017,0.16380953890945588,117,Democratic Party,H,Twitter,1,1
G000571,2017Q4,2017,0.4184926762728243,308,Democratic Party,H,Twitter,1,1
G000571,2018Q2,2018,0.4373832133062624,389,Democratic Party,H,Twitter,1,1
G000574,2015Q2,2015,-0.0007707960412560102,226,Democratic Party,H,Twitter,1,0
G000574,2015Q3,2015,-0.03764932405203403,180,Democratic Party,H,Twitter,1,0
G000574,2015Q4,2015,0.3984698134232484,181,Democratic Party,H,Twitter,1,0
G000574,2017Q3,2017,-0.44483738998945677,196,Democratic Party,H,Twitter,1,1
G000574,2017Q4,2017,-0.4084759378487985,139,Democratic Party,H,Twitter,1,1
G000574,2018Q2,2018,-0.27837529612024603,129,Democratic Party,H,Twitter,1,1
G000576,2017Q3,2017,0.39537784705369305,109,Republican Party,H,Twitter,0,0
G000576,2019Q4,2019,0.2296410089053229,124,Republican Party,H,Twitter,1,0
G000576,2020Q1,2020,0.2937509551254796,156,Republican Party,H,Twitter,1,0
G000576,2020Q3,2020,0.29875792084283687,163,Republican Party,H,Twitter,1,0
G000576,2020Q4,2020,0.323294282922661,155,Republican Party,H,Twitter,1,0
G000576,2021Q1,2021,0.10323892757429173,201,Republican Party,H,Twitter,1,1
G000576,2021Q2,2021,0.06378728889163385,227,Republican Party,H,Twitter,1,1
G000576,2021Q3,2021,0.0026086061971168444,212,Republican Party,H,Twitter,1,1
G000576,2021Q4,2021,-0.027828682925116383,173,Republican Party,H,Twitter,1,1
G000576,2022Q1,2022,0.13688661877455746,158,Republican Party,H,Twitter,1,1
G000576,2022Q2,2022,0.04089732411273451,153,Republican Party,H,Twitter,1,1
G000576,2022Q3,2022,0.0030539101969045634,143,Republican Party,H,Twitter,1,1
G000577,2015Q2,2015,0.06664410163911556,82,Republican Party,H,Twitter,0,1
G000577,2016Q3,2016,0.6148603316878124,101,Republican Party,H,Twitter,0,1
G000577,2018Q2,2018,0.740726036191421,48,Republican Party,H,Twitter,0,0
G000577,2019Q4,2019,0.739054382471404,39,Republican Party,H,Twitter,1,0
G000577,2021Q2,2021,0.7755670571431496,103,Republican Party,H,Twitter,1,1
G000577,2022Q3,2022,0.4455923555521321,124,Republican Party,H,Twitter,1,1
G000578,2017Q1,2017,0.4024624095380172,47,Republican Party,H,Twitter,0,0
G000578,2017Q4,2017,0.24644648139131925,249,Republican Party,H,Twitter,0,0
G000578,2018Q1,2018,0.06178462170852734,365,Republican Party,H,Twitter,0,0
G000579,2017Q1,2017,0.5182939311066449,184,Republican Party,H,Twitter,0,0
G000579,2017Q3,2017,0.3019836469215662,257,Republican Party,H,Twitter,0,0
G000582,2018Q2,2018,1.0875889147293054,348,New Progressive,H,Twitter,0,0
G000582,2020Q1,2020,1.1991839936344018,436,Republican Party,H,Twitter,1,0
G000582,2020Q4,2020,1.0455229888867736,129,Republican Party,H,Twitter,1,0
G000583,2019Q4,2019,0.3354826947841207,563,Democratic Party,H,Twitter,0,1
G000583,2020Q2,2020,0.6533123199684593,578,Democratic Party,H,Twitter,0,1
G000585,2019Q3,2019,-0.13476782721186154,264,Democratic Party,H,Twitter,0,1
G000586,2019Q4,2019,-0.0805275450737318,181,Democratic Party,H,Twitter,0,1
G000586,2022Q2,2022,0.20496694720695519,526,Democratic Party,H,Twitter,0,0
G000587,2019Q4,2019,-0.04213043027023112,423,Democratic Party,H,Twitter,0,1
G000587,2021Q1,2021,0.32122806143037197,319,Democratic Party,H,Twitter,0,0
G000587,2021Q2,2021,0.0991358811489704,338,Democratic Party,H,Twitter,0,0
G000587,2021Q4,2021,0.25550606613901794,497,Democratic Party,H,Twitter,0,0
G000587,2022Q1,2022,0.2518843900770143,259,Democratic Party,H,Twitter,0,0
G000587,2022Q2,2022,0.09199214764223068,270,Democratic Party,H,Twitter,0,0
G000587,2022Q3,2022,0.23699901041205848,276,Democratic Party,H,Twitter,0,0
G000587,2022Q4,2022,0.46735350380462987,359,Democratic Party,H,Twitter,0,0
G000590,2019Q3,2019,-0.31269728641402683,120,Republican Party,H,Twitter,1,0
G000591,2021Q4,2021,-0.5782237613766276,105,Republican Party,H,Twitter,1,1
G000591,2022Q2,2022,-0.446095379368907,82,Republican Party,H,Twitter,1,1
G000593,2021Q2,2021,-0.3672654617877914,171,Republican Party,H,Twitter,1,1
G000595,2021Q1,2021,-0.56991545968033,129,Republican Party,H,Twitter,1,1
G000595,2021Q4,2021,-0.9780011323108505,60,Republican Party,H,Twitter,1,1
G000595,2022Q2,2022,-0.4743156791087734,77,Republican Party,H,Twitter,1,1
G000595,2022Q3,2022,-0.7647042438814403,67,Republican Party,H,Twitter,1,1
G000596,2021Q1,2021,-0.4925940263130783,137,Republican Party,H,Twitter,1,1
G000596,2022Q2,2022,-1.0763273466020098,513,Republican Party,H,Twitter,1,1
H000338,2013Q1,2013,0.0027582168938234592,92,Republican Party,S,Twitter,1,1
H000338,2013Q2,2013,0.24479925026063923,47,Republican Party,S,Twitter,1,1
H000338,2013Q3,2013,-0.06060782240994881,69,Republican Party,S,Twitter,1,1
H000338,2013Q4,2013,-0.149399709212009,61,Republican Party,S,Twitter,1,1
H000338,2014Q1,2014,-0.07034240163260609,192,Republican Party,S,Twitter,1,1
H000338,2014Q2,2014,-0.020870804375477957,264,Republican Party,S,Twitter,1,1
H000338,2014Q3,2014,0.22610855064443083,226,Republican Party,S,Twitter,1,1
H000338,2014Q4,2014,0.020977639157808328,194,Republican Party,S,Twitter,1,1
H000338,2015Q1,2015,-0.02092923562821624,257,Republican Party,S,Twitter,0,1
H000338,2015Q2,2015,0.14340263314663257,142,Republican Party,S,Twitter,0,1
H000338,2015Q3,2015,-0.18661136817087767,173,Republican Party,S,Twitter,0,1
H000338,2015Q4,2015,0.1108688610344209,300,Republican Party,S,Twitter,0,1
H000338,2016Q1,2016,-0.21885636298973757,363,Republican Party,S,Twitter,0,1
H000338,2016Q2,2016,0.002100758785121219,288,Republican Party,S,Twitter,0,1
H000338,2016Q3,2016,0.16072632317563623,305,Republican Party,S,Twitter,0,1
H000338,2017Q1,2017,-0.22073279715546654,377,Republican Party,S,Twitter,0,0
H000338,2017Q2,2017,0.02304821299560654,539,Republican Party,S,Twitter,0,0
H000338,2017Q3,2017,0.2963383295434831,575,Republican Party,S,Twitter,0,0
H000338,2017Q4,2017,0.22052901031790423,333,Republican Party,S,Twitter,0,0
H000338,2018Q1,2018,0.2423002818378025,380,Republican Party,S,Twitter,0,0
H000338,2018Q2,2018,0.16770674691601256,437,Republican Party,S,Twitter,0,0
H000338,2018Q3,2018,-0.17395200589250187,680,Republican Party,S,Twitter,0,0
H000338,2018Q4,2018,-0.08362139083880513,398,Republican Party,S,Twitter,0,0
H000874,2013Q1,2013,0.13839152655750558,357,Democratic Party,H,Twitter,1,0
H000874,2013Q2,2013,0.12465355078974304,389,Democratic Party,H,Twitter,1,0
H000874,2013Q3,2013,0.01396969857611101,352,Democratic Party,H,Twitter,1,0
H000874,2013Q4,2013,0.13975463494267212,338,Democratic Party,H,Twitter,1,0
H000874,2014Q1,2014,0.14555700315175787,361,Democratic Party,H,Twitter,1,0
H000874,2014Q2,2014,0.02305306089435535,367,Democratic Party,H,Twitter,1,0
H000874,2014Q3,2014,-0.018974832329491022,344,Democratic Party,H,Twitter,1,0
H000874,2014Q4,2014,0.367179139935588,234,Democratic Party,H,Twitter,1,0
H000874,2015Q1,2015,0.22809720948047954,470,Democratic Party,H,Twitter,1,0
H000874,2015Q2,2015,0.21653308755501147,454,Democratic Party,H,Twitter,1,0
H000874,2015Q3,2015,0.4506682730659567,465,Democratic Party,H,Twitter,1,0
H000874,2015Q4,2015,0.5435815305775605,454,Democratic Party,H,Twitter,1,0
H000874,2016Q1,2016,0.399992991100332,391,Democratic Party,H,Twitter,1,0
H000874,2016Q2,2016,0.149354213694712,471,Democratic Party,H,Twitter,1,0
H000874,2016Q3,2016,0.1759219853212959,290,Democratic Party,H,Twitter,1,0
H000874,2017Q1,2017,-0.1435326020307408,655,Democratic Party,H,Twitter,1,1
H000874,2017Q2,2017,-0.05370722879099815,645,Democratic Party,H,Twitter,1,1
H000874,2017Q3,2017,-0.12627737399020175,600,Democratic Party,H,Twitter,1,1
H000874,2017Q4,2017,-0.22281534965782399,719,Democratic Party,H,Twitter,1,1
H000874,2018Q1,2018,-0.06241718465202503,550,Democratic Party,H,Twitter,1,1
H000874,2018Q2,2018,-0.12288044399326523,650,Democratic Party,H,Twitter,1,1
H000874,2018Q3,2018,0.02930350454084094,480,Democratic Party,H,Twitter,1,1
H000874,2018Q4,2018,0.11128797454697205,326,Democratic Party,H,Twitter,1,1
H000874,2019Q1,2019,-0.036503177924212565,590,Democratic Party,H,Twitter,0,1
H000874,2019Q2,2019,0.22357057865389787,548,Democratic Party,H,Twitter,0,1
H000874,2019Q3,2019,0.17656782923508635,488,Democratic Party,H,Twitter,0,1
H000874,2019Q4,2019,0.21872210383468735,496,Democratic Party,H,Twitter,0,1
H000874,2020Q1,2020,0.39000558550322434,654,Democratic Party,H,Twitter,0,1
H000874,2020Q2,2020,0.5929055596651416,800,Democratic Party,H,Twitter,0,1
H000874,2020Q3,2020,-0.10417643393875725,670,Democratic Party,H,Twitter,0,1
H000874,2020Q4,2020,0.054479396795998745,436,Democratic Party,H,Twitter,0,1
H000874,2021Q1,2021,0.34240368072934985,439,Democratic Party,H,Twitter,0,0
H000874,2021Q2,2021,0.4255149058515754,450,Democratic Party,H,Twitter,0,0
H000874,2021Q3,2021,0.3689488980685463,361,Democratic Party,H,Twitter,0,0
H000874,2021Q4,2021,0.4420044303064425,299,Democratic Party,H,Twitter,0,0
H000874,2022Q1,2022,0.4486606268961177,428,Democratic Party,H,Twitter,0,0
H000874,2022Q2,2022,0.3501101752683117,383,Democratic Party,H,Twitter,0,0
H000874,2022Q3,2022,0.25667047166791235,368,Democratic Party,H,Twitter,0,0
H000874,2022Q4,2022,0.24238589793000778,280,Democratic Party,H,Twitter,0,0
H001038,2013Q1,2013,0.4436840653847354,244,Democratic Party,H,Twitter,1,0
H001038,2013Q2,2013,0.39329163832619524,347,Democratic Party,H,Twitter,1,0
H001038,2013Q3,2013,0.4107146670540555,250,Democratic Party,H,Twitter,1,0
H001038,2013Q4,2013,0.33797822447681614,139,Democratic Party,H,Twitter,1,0
H001038,2014Q1,2014,0.3988099683017416,240,Democratic Party,H,Twitter,1,0
H001038,2014Q2,2014,0.509051966078344,283,Democratic Party,H,Twitter,1,0
H001038,2014Q3,2014,0.452833413797524,255,Democratic Party,H,Twitter,1,0
H001038,2015Q1,2015,0.5004647295174721,309,Democratic Party,H,Twitter,1,0
H001038,2015Q2,2015,0.5434806794715197,392,Democratic Party,H,Twitter,1,0
H001038,2015Q4,2015,0.6997738036952961,322,Democratic Party,H,Twitter,1,0
H001038,2016Q1,2016,0.7566544295317805,364,Democratic Party,H,Twitter,1,0
H001038,2016Q2,2016,0.8119682457941036,488,Democratic Party,H,Twitter,1,0
H001038,2017Q1,2017,0.2774458575490501,245,Democratic Party,H,Twitter,1,1
H001038,2017Q2,2017,0.3829389361981625,214,Democratic Party,H,Twitter,1,1
H001038,2017Q4,2017,0.31533199082998786,124,Democratic Party,H,Twitter,1,1
H001041,2013Q2,2013,-0.10577847262600557,178,Republican Party,S,Twitter,1,1
H001041,2013Q3,2013,-0.16747831219772027,128,Republican Party,S,Twitter,1,1
H001041,2014Q1,2014,-0.03599405808100671,115,Republican Party,S,Twitter,1,1
H001041,2014Q2,2014,-0.22461662239454802,104,Republican Party,S,Twitter,1,1
H001041,2014Q3,2014,0.2842508507868398,78,Republican Party,S,Twitter,1,1
H001041,2015Q1,2015,0.003511510457294201,159,Republican Party,S,Twitter,0,1
H001041,2015Q2,2015,0.113557148939537,180,Republican Party,S,Twitter,0,1
H001041,2015Q3,2015,0.13265536442851078,151,Republican Party,S,Twitter,0,1
H001041,2015Q4,2015,0.12887599062695823,136,Republican Party,S,Twitter,0,1
H001041,2016Q1,2016,0.18175537094267974,187,Republican Party,S,Twitter,0,1
H001041,2016Q2,2016,0.4440318193681324,240,Republican Party,S,Twitter,0,1
H001041,2016Q3,2016,0.19652323712228587,129,Republican Party,S,Twitter,0,1
H001041,2017Q4,2017,0.379881409102505,236,Republican Party,S,Twitter,0,0
H001042,2013Q2,2013,-0.04549084059129417,73,Democratic Party,S,Twitter,0,0
H001042,2013Q4,2013,-0.07893002896815193,93,Democratic Party,S,Twitter,0,0
H001042,2016Q2,2016,0.14666959438286037,71,Democratic Party,S,Twitter,1,0
H001042,2017Q1,2017,-0.7855211523221719,150,Democratic Party,S,Twitter,1,1
H001042,2018Q1,2018,-0.43815161454814283,101,Democratic Party,S,Twitter,1,1
H001042,2018Q3,2018,-0.45515438261495295,105,Democratic Party,S,Twitter,1,1
H001042,2019Q1,2019,-0.429661108490461,90,Democratic Party,S,Twitter,1,1
H001042,2019Q2,2019,-0.4417867139094934,107,Democratic Party,S,Twitter,1,1
H001042,2021Q1,2021,-0.44135838734534066,121,Democratic Party,S,Twitter,1,0
H001042,2021Q2,2021,-0.2364185109283637,124,Democratic Party,S,Twitter,1,0
H001042,2022Q2,2022,-0.02679838695113,127,Democratic Party,S,Twitter,1,0
H001046,2014Q3,2014,0.13538944674587974,135,Democratic Party,S,Twitter,0,0
H001046,2015Q4,2015,0.3526353515577934,156,Democratic Party,S,Twitter,1,0
H001046,2016Q2,2016,0.44150666175295283,181,Democratic Party,S,Twitter,1,0
H001046,2017Q1,2017,-0.4181114660713942,446,Democratic Party,S,Twitter,1,1
H001046,2020Q2,2020,0.23228223594127725,225,Democratic Party,S,Twitter,1,1
H001047,2014Q1,2014,-0.2747234566780212,265,Democratic Party,H,Twitter,1,0
H001052,2013Q4,2013,0.0110527547084273,52,Republican Party,H,Twitter,0,1
H001052,2018Q1,2018,0.11947284904078805,68,Republican Party,H,Twitter,0,0
H001052,2019Q2,2019,-0.03654355632711207,48,Republican Party,H,Twitter,1,0
H001053,2013Q2,2013,0.11044226258316049,223,Republican Party,H,Twitter,0,1
H001053,2013Q4,2013,-0.17994849095439583,176,Republican Party,H,Twitter,0,1
H001053,2014Q1,2014,-0.09648617170572811,148,Republican Party,H,Twitter,0,1
H001053,2015Q4,2015,0.04897310447008588,152,Republican Party,H,Twitter,0,1
H001053,2017Q3,2017,0.14992715994930716,179,Republican Party,H,Twitter,0,0
H001053,2017Q4,2017,0.15778824179233747,207,Republican Party,H,Twitter,0,0
H001053,2018Q2,2018,0.39161011254632516,228,Republican Party,H,Twitter,0,0
H001053,2019Q1,2019,0.3642478018582436,164,Republican Party,H,Twitter,1,0
H001053,2019Q2,2019,0.4771216028532785,166,Republican Party,H,Twitter,1,0
H001053,2021Q1,2021,-0.42838401563118333,125,Republican Party,H,Twitter,1,1
H001056,2013Q2,2013,0.1812660738313995,16,Republican Party,H,Twitter,0,1
H001056,2021Q2,2021,0.5078799111363594,46,Republican Party,H,Twitter,1,1
H001058,2014Q2,2014,-0.13515643462625315,220,Republican Party,H,Twitter,0,1
H001058,2014Q3,2014,-0.15180956660382336,225,Republican Party,H,Twitter,0,1
H001058,2015Q3,2015,-0.4015065831766634,83,Republican Party,H,Twitter,0,1
H001058,2015Q4,2015,-0.19530333387511928,88,Republican Party,H,Twitter,0,1
H001058,2016Q3,2016,-0.3257065296538531,32,Republican Party,H,Twitter,0,1
H001058,2017Q1,2017,0.008585454723940239,86,Republican Party,H,Twitter,0,0
H001058,2017Q4,2017,-0.35446654209382633,29,Republican Party,H,Twitter,0,0
H001058,2018Q1,2018,-0.1549504346389382,63,Republican Party,H,Twitter,0,0
H001058,2018Q3,2018,0.17521807831977013,46,Republican Party,H,Twitter,0,0
H001058,2019Q3,2019,-0.045370179458734686,57,Republican Party,H,Twitter,1,0
H001058,2019Q4,2019,-0.1495740927121923,55,Republican Party,H,Twitter,1,0
H001058,2020Q2,2020,-0.03894930300890836,62,Republican Party,H,Twitter,1,0
H001058,2021Q2,2021,-0.6504180652965257,38,Republican Party,H,Twitter,1,1
H001061,2013Q1,2013,0.40792716311707705,57,Republican Party,S,Twitter,1,1
H001061,2013Q2,2013,0.3278131913202063,65,Republican Party,S,Twitter,1,1
H001061,2013Q3,2013,0.4004261927516367,51,Republican Party,S,Twitter,1,1
H001061,2014Q1,2014,0.41981126959917675,151,Republican Party,S,Twitter,1,1
H001061,2014Q2,2014,0.6535963687202001,115,Republican Party,S,Twitter,1,1
H001061,2014Q3,2014,0.5957407834805626,93,Republican Party,S,Twitter,1,1
H001061,2014Q4,2014,0.3508754178999401,56,Republican Party,S,Twitter,1,1
H001061,2015Q1,2015,0.3601937098771574,131,Republican Party,S,Twitter,0,1
H001061,2016Q1,2016,0.7467075782348475,105,Republican Party,S,Twitter,0,1
H001065,2013Q2,2013,0.10146260167084535,72,Republican Party,H,Twitter,0,1
H001065,2013Q4,2013,-0.38764135789601684,34,Republican Party,H,Twitter,0,1
H001065,2014Q1,2014,0.009044713175195566,42,Republican Party,H,Twitter,0,1
H001065,2014Q2,2014,-0.5613471839251662,14,Republican Party,H,Twitter,0,1
H001066,2013Q1,2013,-0.05896000039272736,211,Democratic Party,H,Twitter,1,0
H001066,2013Q2,2013,-0.022635701707401968,167,Democratic Party,H,Twitter,1,0
H001066,2013Q4,2013,-0.07797450450486035,128,Democratic Party,H,Twitter,1,0
H001066,2014Q1,2014,-0.16685252808688011,225,Democratic Party,H,Twitter,1,0
H001066,2014Q2,2014,-0.13809863863869454,160,Democratic Party,H,Twitter,1,0
H001066,2014Q3,2014,-0.08417295940873841,158,Democratic Party,H,Twitter,1,0
H001066,2019Q2,2019,0.17947681237990637,343,Democratic Party,H,Twitter,0,1
H001066,2019Q4,2019,0.24291508303245243,367,Democratic Party,H,Twitter,0,1
H001066,2021Q4,2021,0.44318705350126064,341,Democratic Party,H,Twitter,0,0
H001067,2013Q2,2013,0.03614791992815844,246,Republican Party,H,Twitter,0,1
H001067,2014Q3,2014,0.03387224102427023,277,Republican Party,H,Twitter,0,1
H001068,2014Q1,2014,-0.42616760639496915,82,Democratic Party,H,Twitter,1,0
H001068,2015Q3,2015,-0.21508803384121924,44,Democratic Party,H,Twitter,1,0
H001068,2016Q3,2016,0.07498646285951154,28,Democratic Party,H,Twitter,1,0
H001068,2017Q3,2017,0.13154662870143405,42,Democratic Party,H,Twitter,1,1
H001068,2018Q3,2018,-0.15729343693727205,34,Democratic Party,H,Twitter,1,1
H001068,2019Q3,2019,0.38265366244771326,34,Democratic Party,H,Twitter,0,1
H001068,2019Q4,2019,0.2677049221426135,209,Democratic Party,H,Twitter,0,1
H001068,2020Q4,2020,0.14854813513831885,211,Democratic Party,H,Twitter,0,1
H001069,2013Q2,2013,0.0960012436315906,162,Democratic Party,S,Twitter,0,0
H001069,2013Q4,2013,0.36666597784701527,322,Democratic Party,S,Twitter,0,0
H001069,2015Q1,2015,0.4045995068000986,555,Democratic Party,S,Twitter,1,0
H001069,2015Q2,2015,0.3891089191692982,605,Democratic Party,S,Twitter,1,0
H001069,2015Q3,2015,0.5112375396872199,529,Democratic Party,S,Twitter,1,0
H001069,2015Q4,2015,0.36769990736038577,481,Democratic Party,S,Twitter,1,0
H001069,2016Q1,2016,0.5993391487907029,406,Democratic Party,S,Twitter,1,0
H001069,2016Q2,2016,0.6035040703164852,538,Democratic Party,S,Twitter,1,0
H001071,2016Q1,2016,-0.11932270162603098,113,Republican Party,H,Twitter,0,1
H001071,2016Q3,2016,0.025912833338515615,146,Republican Party,H,Twitter,0,1
H001071,2017Q4,2017,0.17588856946666154,143,Republican Party,H,Twitter,0,0
H001071,2020Q2,2020,-0.7889409167711301,149,Republican Party,H,Twitter,1,0
H001071,2021Q1,2021,-0.8088365024942225,129,Republican Party,H,Twitter,1,1
H001072,2015Q4,2015,0.22214724814889775,67,Republican Party,H,Twitter,0,1
H001072,2016Q1,2016,0.19008136409393386,56,Republican Party,H,Twitter,0,1
H001072,2016Q2,2016,0.24207993549620974,43,Republican Party,H,Twitter,0,1
H001072,2016Q3,2016,0.1959604228499224,59,Republican Party,H,Twitter,0,1
H001072,2017Q1,2017,0.5574617186047591,112,Republican Party,H,Twitter,0,0
H001072,2017Q2,2017,0.39008593065494274,90,Republican Party,H,Twitter,0,0
H001072,2017Q4,2017,0.14813072265505775,56,Republican Party,H,Twitter,0,0
H001072,2018Q1,2018,0.010721400914571536,93,Republican Party,H,Twitter,0,0
H001072,2018Q2,2018,0.3274712726356803,91,Republican Party,H,Twitter,0,0
H001072,2018Q3,2018,0.39066261856721707,119,Republican Party,H,Twitter,0,0
H001072,2019Q1,2019,0.17049678455106906,140,Republican Party,H,Twitter,1,0
H001072,2019Q2,2019,0.5047734716697766,137,Republican Party,H,Twitter,1,0
H001072,2019Q4,2019,0.3135021041851397,224,Republican Party,H,Twitter,1,0
H001072,2020Q1,2020,0.6987351438656161,282,Republican Party,H,Twitter,1,0
H001072,2020Q3,2020,0.6783018273338048,273,Republican Party,H,Twitter,1,0
H001072,2020Q4,2020,0.5436080759359389,266,Republican Party,H,Twitter,1,0
H001072,2021Q2,2021,0.1923547275817496,171,Republican Party,H,Twitter,1,1
H001072,2022Q1,2022,0.038910082484851685,140,Republican Party,H,Twitter,1,1
H001072,2022Q2,2022,0.012300197626860871,148,Republican Party,H,Twitter,1,1
H001072,2022Q3,2022,0.18063564996583487,156,Republican Party,H,Twitter,1,1
H001072,2022Q4,2022,-0.01151347714799027,101,Republican Party,H,Twitter,1,1
H001073,2015Q2,2015,0.056278913581450436,203,Republican Party,H,Twitter,0,1
H001073,2016Q2,2016,-0.0005161569204540344,195,Republican Party,H,Twitter,0,1
H001073,2019Q1,2019,0.06250305253809023,80,Republican Party,H,Twitter,1,0
H001076,2017Q1,2017,-0.09486286284373963,464,Democratic Party,S,Twitter,1,1
H001076,2017Q3,2017,0.13221335262220532,352,Democratic Party,S,Twitter,1,1
H001076,2018Q2,2018,0.1496762815780459,325,Democratic Party,S,Twitter,1,1
H001076,2020Q3,2020,0.17710555893032123,369,Democratic Party,S,Twitter,1,1
H001076,2022Q2,2022,0.3167446329178878,259,Democratic Party,S,Twitter,1,0
H001079,2020Q3,2020,0.3308467020014307,154,Republican Party,S,Twitter,0,0
H001079,2021Q4,2021,-0.36622893871847234,158,Republican Party,S,Twitter,0,1
H001080,2019Q4,2019,-0.05223204846613559,254,Democratic Party,H,Twitter,0,1
H001080,2020Q3,2020,0.0729870282560068,324,Democratic Party,H,Twitter,0,1
H001082,2019Q2,2019,-0.5803419005419415,86,Republican Party,H,Twitter,1,0
H001082,2021Q4,2021,-0.8924031193001691,115,Republican Party,H,Twitter,1,1
H001082,2022Q2,2022,-0.6595725410079025,106,Republican Party,H,Twitter,1,1
H001085,2021Q3,2021,0.44846310679575135,199,Democratic Party,H,Twitter,0,0
H001089,2020Q4,2020,-0.19100699209179334,168,Republican Party,S,Twitter,0,0
H001089,2022Q2,2022,-0.45977864831726,194,Republican Party,S,Twitter,0,1
I000024,2013Q1,2013,0.054621501425972434,136,Republican Party,S,Twitter,1,1
I000024,2013Q2,2013,-0.25188281048122213,173,Republican Party,S,Twitter,1,1
I000024,2013Q3,2013,-0.35595530764288064,178,Republican Party,S,Twitter,1,1
I000024,2013Q4,2013,-0.3545094141951572,188,Republican Party,S,Twitter,1,1
I000024,2014Q1,2014,-0.25515038061633366,311,Republican Party,S,Twitter,1,1
I000024,2014Q2,2014,-0.11107528241917869,227,Republican Party,S,Twitter,1,1
I000024,2014Q3,2014,0.051707604404809024,193,Republican Party,S,Twitter,1,1
I000024,2014Q4,2014,0.060693153042387094,71,Republican Party,S,Twitter,1,1
I000024,2015Q1,2015,-0.12853970773488968,133,Republican Party,S,Twitter,0,1
I000024,2015Q2,2015,0.13788081716164455,117,Republican Party,S,Twitter,0,1
I000024,2015Q3,2015,-0.06661933211117377,74,Republican Party,S,Twitter,0,1
I000024,2015Q4,2015,0.16511036866327022,128,Republican Party,S,Twitter,0,1
I000024,2016Q2,2016,0.433114652072104,110,Republican Party,S,Twitter,0,1
I000024,2016Q3,2016,0.08448158205221769,58,Republican Party,S,Twitter,0,1
I000024,2017Q1,2017,0.4805529603151734,166,Republican Party,S,Twitter,0,0
I000024,2017Q4,2017,0.2954182916078852,131,Republican Party,S,Twitter,0,0
I000024,2018Q2,2018,0.2593768851991956,113,Republican Party,S,Twitter,0,0
I000024,2018Q3,2018,-0.18631193989983647,66,Republican Party,S,Twitter,0,0
I000024,2018Q4,2018,-0.23364371077229792,54,Republican Party,S,Twitter,0,0
I000024,2019Q1,2019,-0.23118876575523314,122,Republican Party,S,Twitter,0,0
I000024,2019Q2,2019,-0.04864716389275317,137,Republican Party,S,Twitter,0,0
I000024,2019Q4,2019,-0.08235509385268472,209,Republican Party,S,Twitter,0,0
I000024,2020Q1,2020,0.11329412048074637,243,Republican Party,S,Twitter,0,0
I000024,2020Q2,2020,0.1495958785704513,320,Republican Party,S,Twitter,0,0
I000024,2020Q3,2020,0.21938456994228817,308,Republican Party,S,Twitter,0,0
I000024,2020Q4,2020,0.14781641227386214,249,Republican Party,S,Twitter,0,0
I000024,2021Q1,2021,-0.22712988780778967,257,Republican Party,S,Twitter,0,1
I000024,2021Q2,2021,0.017682470796646896,280,Republican Party,S,Twitter,0,1
I000055,2013Q2,2013,0.2980103031351543,40,Republican Party,S,Twitter,1,1
I000055,2013Q3,2013,0.38985766371586333,49,Republican Party,S,Twitter,1,1
I000055,2013Q4,2013,-0.09107321172739849,53,Republican Party,S,Twitter,1,1
I000055,2014Q2,2014,0.05730146539943374,144,Republican Party,S,Twitter,1,1
I000055,2014Q3,2014,0.35285026190211255,176,Republican Party,S,Twitter,1,1
I000055,2015Q1,2015,0.12740751341137457,174,Republican Party,S,Twitter,0,1
I000055,2015Q2,2015,0.10363497255387641,227,Republican Party,S,Twitter,0,1
I000055,2015Q3,2015,-0.05051027414977312,224,Republican Party,S,Twitter,0,1
I000055,2015Q4,2015,0.21140210553908845,188,Republican Party,S,Twitter,0,1
I000055,2016Q2,2016,0.2497652908711373,284,Republican Party,S,Twitter,0,1
I000055,2017Q1,2017,0.3077188717576152,177,Republican Party,S,Twitter,0,0
I000055,2017Q2,2017,0.43885005663614424,239,Republican Party,S,Twitter,0,0
I000055,2018Q1,2018,0.6509807860597283,340,Republican Party,S,Twitter,0,0
I000055,2018Q4,2018,0.46359254949404355,219,Republican Party,S,Twitter,0,0
I000055,2019Q2,2019,0.6132115599843673,302,Republican Party,S,Twitter,0,0
I000056,2013Q1,2013,0.1584833422082277,521,Republican Party,H,Twitter,0,1
I000056,2013Q2,2013,0.14390477839723181,662,Republican Party,H,Twitter,0,1
I000056,2013Q3,2013,0.28394422276706727,611,Republican Party,H,Twitter,0,1
I000056,2014Q1,2014,0.2781354586489789,231,Republican Party,H,Twitter,0,1
I000056,2014Q2,2014,0.40799943135037087,443,Republican Party,H,Twitter,0,1
I000056,2014Q4,2014,0.1814794347950479,266,Republican Party,H,Twitter,0,1
I000056,2017Q4,2017,0.12063623112575902,112,Republican Party,H,Twitter,0,0
J000032,2016Q3,2016,-0.1757466922909512,125,Democratic Party,H,Twitter,1,0
J000032,2016Q4,2016,-0.12725003953623581,68,Democratic Party,H,Twitter,1,0
J000032,2017Q1,2017,-0.6288578012668836,216,Democratic Party,H,Twitter,1,1
J000032,2017Q2,2017,-0.5468675046771995,182,Democratic Party,H,Twitter,1,1
J000032,2017Q3,2017,-0.703651365648979,182,Democratic Party,H,Twitter,1,1
J000032,2017Q4,2017,-0.5677994493275782,129,Democratic Party,H,Twitter,1,1
J000032,2018Q1,2018,-0.33942566362960175,177,Democratic Party,H,Twitter,1,1
J000032,2018Q2,2018,-0.3765332593982845,260,Democratic Party,H,Twitter,1,1
J000032,2018Q3,2018,-0.509013171327412,222,Democratic Party,H,Twitter,1,1
J000032,2018Q4,2018,-0.42199103177897257,162,Democratic Party,H,Twitter,1,1
J000032,2019Q1,2019,-0.03640377413433904,371,Democratic Party,H,Twitter,0,1
J000032,2019Q2,2019,-0.03346336122234839,323,Democratic Party,H,Twitter,0,1
J000032,2019Q3,2019,0.07089822966463555,270,Democratic Party,H,Twitter,0,1
J000032,2019Q4,2019,-0.033318448261877354,294,Democratic Party,H,Twitter,0,1
J000032,2020Q1,2020,-0.02642532957472196,164,Democratic Party,H,Twitter,0,1
J000032,2020Q2,2020,-0.0069655397834400895,184,Democratic Party,H,Twitter,0,1
J000032,2020Q3,2020,-0.1953166588761,129,Democratic Party,H,Twitter,0,1
J000032,2020Q4,2020,-0.05923249922842503,174,Democratic Party,H,Twitter,0,1
J000032,2021Q1,2021,0.022324884259066577,258,Democratic Party,H,Twitter,0,0
J000032,2021Q2,2021,-0.06969634377089176,153,Democratic Party,H,Twitter,0,0
J000032,2021Q3,2021,-0.17417989511379886,318,Democratic Party,H,Twitter,0,0
J000032,2021Q4,2021,0.10993279652711048,381,Democratic Party,H,Twitter,0,0
J000032,2022Q1,2022,-0.07100468249924938,237,Democratic Party,H,Twitter,0,0
J000032,2022Q2,2022,0.058424339653259494,275,Democratic Party,H,Twitter,0,0
J000032,2022Q3,2022,0.1315350273412759,264,Democratic Party,H,Twitter,0,0
J000032,2022Q4,2022,-0.23946319022469817,287,Democratic Party,H,Twitter,0,0
J000126,2013Q1,2013,0.13708743755567848,313,Democratic Party,H,Twitter,1,0
J000126,2013Q2,2013,0.13800805317441056,308,Democratic Party,H,Twitter,1,0
J000126,2013Q3,2013,0.06056387388188889,342,Democratic Party,H,Twitter,1,0
J000126,2013Q4,2013,0.13056796443218202,163,Democratic Party,H,Twitter,1,0
J000126,2014Q2,2014,0.1150538534887159,267,Democratic Party,H,Twitter,1,0
J000126,2014Q3,2014,-0.04116111022830777,251,Democratic Party,H,Twitter,1,0
J000126,2014Q4,2014,-0.000907124311958716,54,Democratic Party,H,Twitter,1,0
J000126,2015Q1,2015,-0.09473783701708123,48,Democratic Party,H,Twitter,1,0
J000126,2015Q2,2015,-0.1396498479027867,66,Democratic Party,H,Twitter,1,0
J000126,2015Q3,2015,-0.09052576885592478,83,Democratic Party,H,Twitter,1,0
J000126,2016Q1,2016,0.3622505233668992,191,Democratic Party,H,Twitter,1,0
J000126,2016Q3,2016,0.1017080725963968,150,Democratic Party,H,Twitter,1,0
J000126,2017Q1,2017,0.06726698336746648,228,Democratic Party,H,Twitter,1,1
J000126,2017Q4,2017,0.23385576380172474,61,Democratic Party,H,Twitter,1,1
J000126,2018Q1,2018,0.5492468615913433,92,Democratic Party,H,Twitter,1,1
J000126,2019Q1,2019,-0.06417310571032032,84,Democratic Party,H,Twitter,0,1
J000126,2019Q3,2019,0.1471335195861524,25,Democratic Party,H,Twitter,0,1
J000126,2019Q4,2019,0.6451489290335096,30,Democratic Party,H,Twitter,0,1
J000126,2020Q1,2020,0.5167928700857429,86,Democratic Party,H,Twitter,0,1
J000126,2020Q3,2020,0.1334002610792351,62,Democratic Party,H,Twitter,0,1
J000126,2021Q1,2021,0.3169423638112035,40,Democratic Party,H,Twitter,0,0
J000126,2021Q2,2021,0.39977232733936174,65,Democratic Party,H,Twitter,0,0
J000255,2013Q2,2013,-0.32198879884505704,82,Republican Party,H,Twitter,0,1
J000255,2014Q3,2014,0.0307006040575938,80,Republican Party,H,Twitter,0,1
J000255,2015Q2,2015,-0.19894322840799938,55,Republican Party,H,Twitter,0,1
J000288,2013Q2,2013,-0.009470657130646336,82,Democratic Party,H,Twitter,1,0
J000288,2013Q3,2013,-0.1345232436277932,40,Democratic Party,H,Twitter,1,0
J000288,2013Q4,2013,0.1636349743677325,27,Democratic Party,H,Twitter,1,0
J000288,2014Q1,2014,-0.05363626780464575,47,Democratic Party,H,Twitter,1,0
J000288,2014Q3,2014,0.09801114300139707,69,Democratic Party,H,Twitter,1,0
J000288,2015Q2,2015,0.054161867557448604,55,Democratic Party,H,Twitter,1,0
J000288,2015Q3,2015,-0.43823907430842585,82,Democratic Party,H,Twitter,1,0
J000288,2015Q4,2015,-0.10668567299811255,50,Democratic Party,H,Twitter,1,0
J000288,2016Q1,2016,0.17965369925622582,75,Democratic Party,H,Twitter,1,0
J000288,2016Q2,2016,0.12502312337186097,84,Democratic Party,H,Twitter,1,0
J000288,2016Q3,2016,-0.27903189672197004,50,Democratic Party,H,Twitter,1,0
J000288,2017Q1,2017,-0.19888706485305413,155,Democratic Party,H,Twitter,1,1
J000288,2017Q2,2017,0.06918573406718652,127,Democratic Party,H,Twitter,1,1
J000288,2018Q2,2018,-0.053144415937431806,123,Democratic Party,H,Twitter,1,1
J000288,2019Q1,2019,0.04750745715037051,124,Democratic Party,H,Twitter,0,1
J000289,2019Q1,2019,-0.5101505460989952,119,Republican Party,H,Twitter,1,0
J000289,2021Q1,2021,-1.141705199667051,167,Republican Party,H,Twitter,1,1
J000289,2022Q2,2022,-0.8621249979229051,263,Republican Party,H,Twitter,1,1
J000289,2022Q3,2022,-0.9698602649679932,296,Republican Party,H,Twitter,1,1
J000289,2022Q4,2022,-0.8615868239015425,262,Republican Party,H,Twitter,1,1
J000292,2013Q2,2013,-0.08129534248205265,188,Republican Party,H,Twitter,0,1
J000292,2014Q1,2014,0.15027386132999138,138,Republican Party,H,Twitter,0,1
J000292,2015Q4,2015,0.3571992015864423,105,Republican Party,H,Twitter,0,1
J000293,2015Q4,2015,0.4305931346903849,158,Republican Party,S,Twitter,0,1
J000293,2020Q2,2020,0.3211652134795511,94,Republican Party,S,Twitter,0,0
J000293,2020Q3,2020,-0.21627286484225186,165,Republican Party,S,Twitter,0,0
J000294,2013Q1,2013,-0.18980744925423776,79,Democratic Party,H,Twitter,1,0
J000294,2013Q2,2013,-0.29201192918898017,52,Democratic Party,H,Twitter,1,0
J000294,2013Q3,2013,-0.44145741532763166,39,Democratic Party,H,Twitter,1,0
J000294,2013Q4,2013,-0.6082858470426694,46,Democratic Party,H,Twitter,1,0
J000294,2014Q1,2014,-0.3739172445878973,82,Democratic Party,H,Twitter,1,0
J000294,2014Q2,2014,-0.5372008198244534,100,Democratic Party,H,Twitter,1,0
J000294,2014Q3,2014,-0.38346192144553604,77,Democratic Party,H,Twitter,1,0
J000294,2014Q4,2014,-0.35919281059865954,69,Democratic Party,H,Twitter,1,0
J000294,2015Q1,2015,-0.6714880414935984,79,Democratic Party,H,Twitter,1,0
J000294,2015Q2,2015,-0.5298729478364269,65,Democratic Party,H,Twitter,1,0
J000294,2015Q4,2015,-0.4332234843671669,70,Democratic Party,H,Twitter,1,0
J000294,2016Q1,2016,-0.38132452256956884,80,Democratic Party,H,Twitter,1,0
J000294,2016Q2,2016,-0.3952564332188424,68,Democratic Party,H,Twitter,1,0
J000294,2017Q1,2017,-1.081166247612917,152,Democratic Party,H,Twitter,1,1
J000294,2017Q4,2017,-1.1895049058418117,130,Democratic Party,H,Twitter,1,1
J000294,2018Q1,2018,-1.2481953956999674,151,Democratic Party,H,Twitter,1,1
J000294,2018Q2,2018,-1.164312132404513,128,Democratic Party,H,Twitter,1,1
J000298,2017Q1,2017,-0.4959724043477063,965,Democratic Party,H,Twitter,1,1
J000298,2017Q2,2017,-0.45519708180453555,932,Democratic Party,H,Twitter,1,1
J000298,2017Q3,2017,-0.2463937626686014,919,Democratic Party,H,Twitter,1,1
J000298,2017Q4,2017,-0.4171404806478862,830,Democratic Party,H,Twitter,1,1
J000298,2018Q2,2018,-0.3313276224060479,634,Democratic Party,H,Twitter,1,1
J000298,2019Q1,2019,-0.36189827681517933,633,Democratic Party,H,Twitter,0,1
J000298,2019Q3,2019,-0.30134868756651334,640,Democratic Party,H,Twitter,0,1
J000299,2017Q2,2017,-0.03601844269769915,81,Republican Party,H,Twitter,0,0
J000299,2017Q4,2017,0.07049492611446227,121,Republican Party,H,Twitter,0,0
J000299,2021Q1,2021,-0.1653409582780961,179,Republican Party,H,Twitter,1,1
J000299,2021Q2,2021,-0.4410188680008374,180,Republican Party,H,Twitter,1,1
J000299,2021Q3,2021,-0.5526402196019358,242,Republican Party,H,Twitter,1,1
J000299,2021Q4,2021,-0.5674696615311432,174,Republican Party,H,Twitter,1,1
J000299,2022Q1,2022,-0.5194493286444912,158,Republican Party,H,Twitter,1,1
J000299,2022Q2,2022,-0.6785752783100093,179,Republican Party,H,Twitter,1,1
J000299,2022Q3,2022,-0.7319440462333051,155,Republican Party,H,Twitter,1,1
J000299,2022Q4,2022,-0.4445216434439151,101,Republican Party,H,Twitter,1,1
J000300,2018Q3,2018,0.254925909195078,88,Democratic Party,S,Twitter,1,1
J000300,2019Q2,2019,0.1897445749385037,89,Democratic Party,S,Twitter,1,1
J000301,2019Q4,2019,0.21488326901877583,105,Republican Party,H,Twitter,1,0
J000302,2020Q3,2020,0.011803530184357824,67,Republican Party,H,Twitter,1,0
J000302,2021Q2,2021,-0.44450184899333306,90,Republican Party,H,Twitter,1,1
J000302,2021Q3,2021,-0.5243179366076661,71,Republican Party,H,Twitter,1,1
J000302,2021Q4,2021,-0.19380790809575102,124,Republican Party,H,Twitter,1,1
J000302,2022Q1,2022,-0.23673783136419044,106,Republican Party,H,Twitter,1,1
J000302,2022Q2,2022,-0.20003163374253666,92,Republican Party,H,Twitter,1,1
J000302,2022Q3,2022,-0.11619910020239743,57,Republican Party,H,Twitter,1,1
J000302,2022Q4,2022,0.03424946616327642,46,Republican Party,H,Twitter,1,1
K000009,2013Q1,2013,0.12980433696817462,55,Democratic Party,H,Twitter,1,0
K000009,2013Q2,2013,0.23331659858721063,30,Democratic Party,H,Twitter,1,0
K000009,2013Q3,2013,0.3011827007726408,10,Democratic Party,H,Twitter,1,0
K000009,2013Q4,2013,0.22761873840572483,35,Democratic Party,H,Twitter,1,0
K000009,2014Q1,2014,0.3560389775318854,55,Democratic Party,H,Twitter,1,0
K000009,2014Q2,2014,0.6424482478757646,48,Democratic Party,H,Twitter,1,0
K000009,2014Q3,2014,0.4427263990151422,106,Democratic Party,H,Twitter,1,0
K000009,2014Q4,2014,0.4026743845687139,26,Democratic Party,H,Twitter,1,0
K000009,2015Q1,2015,-0.02895344582510731,122,Democratic Party,H,Twitter,1,0
K000009,2015Q2,2015,0.016782135629571236,150,Democratic Party,H,Twitter,1,0
K000009,2015Q3,2015,0.08264006258656405,142,Democratic Party,H,Twitter,1,0
K000009,2015Q4,2015,0.1843956564529172,186,Democratic Party,H,Twitter,1,0
K000009,2016Q1,2016,0.17149785299141793,54,Democratic Party,H,Twitter,1,0
K000009,2016Q2,2016,-0.17783104364907046,167,Democratic Party,H,Twitter,1,0
K000009,2016Q3,2016,0.15600654526735108,155,Democratic Party,H,Twitter,1,0
K000009,2016Q4,2016,-0.14055211708824122,25,Democratic Party,H,Twitter,1,0
K000009,2017Q1,2017,0.02052741641654408,170,Democratic Party,H,Twitter,1,1
K000009,2017Q2,2017,-0.15387842205138622,197,Democratic Party,H,Twitter,1,1
K000009,2017Q3,2017,0.1547753872520813,191,Democratic Party,H,Twitter,1,1
K000009,2017Q4,2017,-0.251328363066496,200,Democratic Party,H,Twitter,1,1
K000009,2018Q1,2018,-0.13550208455290813,201,Democratic Party,H,Twitter,1,1
K000009,2018Q2,2018,-0.20119606356969622,156,Democratic Party,H,Twitter,1,1
K000009,2018Q3,2018,-0.06683809110123681,131,Democratic Party,H,Twitter,1,1
K000009,2019Q1,2019,-0.17542274522389603,139,Democratic Party,H,Twitter,0,1
K000009,2019Q2,2019,0.16251850643236915,131,Democratic Party,H,Twitter,0,1
K000009,2019Q3,2019,0.016694586192261916,58,Democratic Party,H,Twitter,0,1
K000009,2019Q4,2019,-0.08813463988053183,74,Democratic Party,H,Twitter,0,1
K000009,2020Q1,2020,0.103092594270943,95,Democratic Party,H,Twitter,0,1
K000009,2020Q3,2020,-0.5963925921104933,72,Democratic Party,H,Twitter,0,1
K000009,2021Q1,2021,-0.1286792974017581,89,Democratic Party,H,Twitter,0,0
K000009,2021Q2,2021,0.20639771068850002,39,Democratic Party,H,Twitter,0,0
K000009,2021Q4,2021,-0.09342120768000016,61,Democratic Party,H,Twitter,0,0
K000009,2022Q1,2022,0.1914441624424139,81,Democratic Party,H,Twitter,0,0
K000009,2022Q2,2022,-0.04485013714645062,53,Democratic Party,H,Twitter,0,0
K000009,2022Q4,2022,0.003455016281584811,37,Democratic Party,H,Twitter,0,0
K000362,2013Q2,2013,-1.2002881934801042,46,Republican Party,H,Twitter,0,1
K000362,2013Q3,2013,-0.6587928727659446,51,Republican Party,H,Twitter,0,1
K000362,2014Q1,2014,-0.6497796167766436,43,Republican Party,H,Twitter,0,1
K000362,2014Q2,2014,-1.110225856709671,43,Republican Party,H,Twitter,0,1
K000362,2014Q3,2014,-0.7071277762711912,37,Republican Party,H,Twitter,0,1
K000362,2015Q2,2015,-0.7456499055333901,31,Republican Party,H,Twitter,0,1
K000362,2015Q3,2015,-0.6635907954102879,54,Republican Party,H,Twitter,0,1
K000362,2016Q2,2016,-0.654802523402871,61,Republican Party,H,Twitter,0,1
K000362,2016Q3,2016,-0.826950098519289,63,Republican Party,H,Twitter,0,1
K000362,2017Q1,2017,-0.6693656010534607,60,Republican Party,H,Twitter,0,0
K000362,2017Q2,2017,-0.6980844575744837,70,Republican Party,H,Twitter,0,0
K000362,2017Q3,2017,-0.5623016593802044,68,Republican Party,H,Twitter,0,0
K000362,2018Q1,2018,-0.8601125304564959,124,Republican Party,H,Twitter,0,0
K000362,2018Q2,2018,-0.8500277026648978,81,Republican Party,H,Twitter,0,0
K000362,2020Q1,2020,-0.7337545668110961,50,Republican Party,H,Twitter,1,0
K000367,2018Q1,2018,0.632045000486786,18,Democratic Party,S,Twitter,1,1
K000367,2018Q2,2018,0.5649904715898069,73,Democratic Party,S,Twitter,1,1
K000367,2018Q4,2018,0.5399365261210384,72,Democratic Party,S,Twitter,1,1
K000367,2019Q1,2019,0.5201843871257945,71,Democratic Party,S,Twitter,1,1
K000367,2020Q2,2020,0.9341624319023349,89,Democratic Party,S,Twitter,1,1
K000367,2020Q3,2020,0.5425311535761282,57,Democratic Party,S,Twitter,1,1
K000367,2021Q4,2021,0.12489885131060147,90,Democratic Party,S,Twitter,1,0
K000367,2022Q1,2022,-0.03622897397539515,158,Democratic Party,S,Twitter,1,0
K000367,2022Q2,2022,-0.10491152024852816,161,Democratic Party,S,Twitter,1,0
K000367,2022Q3,2022,0.21637141495086856,85,Democratic Party,S,Twitter,1,0
K000375,2014Q1,2014,-0.12325424030018707,43,Democratic Party,H,Twitter,1,0
K000375,2015Q2,2015,0.09854525363637753,47,Democratic Party,H,Twitter,1,0
K000375,2018Q2,2018,-0.4721022509818274,24,Democratic Party,H,Twitter,1,1
K000376,2013Q3,2013,-0.5660251916376715,100,Republican Party,H,Twitter,0,1
K000376,2014Q1,2014,-0.3844498008871373,127,Republican Party,H,Twitter,0,1
K000376,2014Q2,2014,-0.2623178067266364,125,Republican Party,H,Twitter,0,1
K000376,2015Q1,2015,-0.484056893652458,97,Republican Party,H,Twitter,0,1
K000376,2015Q2,2015,-0.2750613402959496,91,Republican Party,H,Twitter,0,1
K000376,2015Q4,2015,-0.30469372875209944,65,Republican Party,H,Twitter,0,1
K000376,2016Q2,2016,-0.20548741297710235,73,Republican Party,H,Twitter,0,1
K000376,2018Q2,2018,-0.24556752615536526,62,Republican Party,H,Twitter,0,0
K000376,2022Q3,2022,-0.1503691198633741,110,Republican Party,H,Twitter,1,1
K000378,2013Q3,2013,0.15734782619858545,204,Republican Party,H,Twitter,0,1
K000379,2018Q2,2018,-0.685311443714206,113,Democratic Party,H,Twitter,1,1
K000380,2013Q3,2013,-0.35611271250536514,98,Democratic Party,H,Twitter,1,0
K000380,2013Q4,2013,-0.37281663153634653,79,Democratic Party,H,Twitter,1,0
K000380,2014Q1,2014,-0.12330549392835084,100,Democratic Party,H,Twitter,1,0
K000380,2014Q2,2014,-0.19896976002817265,127,Democratic Party,H,Twitter,1,0
K000380,2015Q1,2015,-0.2703666402657889,154,Democratic Party,H,Twitter,1,0
K000380,2015Q2,2015,-0.5468823786089302,201,Democratic Party,H,Twitter,1,0
K000380,2015Q3,2015,-0.2683956416365903,158,Democratic Party,H,Twitter,1,0
K000380,2015Q4,2015,-0.0896528193516568,102,Democratic Party,H,Twitter,1,0
K000380,2016Q1,2016,0.42044977309601395,192,Democratic Party,H,Twitter,1,0
K000380,2016Q2,2016,-0.17685852592808946,262,Democratic Party,H,Twitter,1,0
K000380,2016Q3,2016,0.13962860783436187,145,Democratic Party,H,Twitter,1,0
K000380,2017Q1,2017,-0.39990199720555747,275,Democratic Party,H,Twitter,1,1
K000380,2017Q2,2017,-0.34972170231944205,308,Democratic Party,H,Twitter,1,1
K000380,2017Q3,2017,-0.22123760568001716,282,Democratic Party,H,Twitter,1,1
K000380,2017Q4,2017,-0.3469949268867126,243,Democratic Party,H,Twitter,1,1
K000380,2018Q1,2018,-0.08773933885990923,187,Democratic Party,H,Twitter,1,1
K000380,2018Q2,2018,-0.22852943819603813,216,Democratic Party,H,Twitter,1,1
K000381,2013Q3,2013,0.07970480674456612,26,Democratic Party,H,Twitter,1,0
K000381,2014Q2,2014,0.13471729886904707,78,Democratic Party,H,Twitter,1,0
K000381,2015Q1,2015,0.04868684200447826,107,Democratic Party,H,Twitter,1,0
K000381,2015Q2,2015,-0.0752775552412401,105,Democratic Party,H,Twitter,1,0
K000381,2016Q3,2016,0.26202779032759643,60,Democratic Party,H,Twitter,1,0
K000382,2013Q2,2013,0.008602267200311377,156,Democratic Party,H,Twitter,1,0
K000382,2013Q4,2013,0.028154606212729156,74,Democratic Party,H,Twitter,1,0
K000382,2016Q2,2016,0.060642670633884746,91,Democratic Party,H,Twitter,1,0
K000382,2020Q1,2020,0.5621534113535593,216,Democratic Party,H,Twitter,0,1
K000383,2013Q2,2013,0.18598793210654593,109,Independent,S,Twitter,0,0
K000383,2014Q1,2014,0.3282597698566329,161,Independent,S,Twitter,0,0
K000383,2015Q1,2015,0.4364201374442249,150,Independent,S,Twitter,0,0
K000383,2015Q2,2015,0.2649630215575737,135,Independent,S,Twitter,0,0
K000383,2015Q3,2015,0.2661269255012001,134,Independent,S,Twitter,0,0
K000383,2015Q4,2015,0.543800188707069,101,Independent,S,Twitter,0,0
K000383,2016Q1,2016,0.46301085695569916,151,Independent,S,Twitter,0,0
K000383,2016Q2,2016,0.49893257492310183,160,Independent,S,Twitter,0,0
K000383,2017Q1,2017,0.2531440321286655,210,Independent,S,Twitter,0,0
K000383,2017Q2,2017,0.47526024833711633,136,Independent,S,Twitter,0,0
K000383,2017Q4,2017,0.2744484635341816,123,Independent,S,Twitter,0,0
K000383,2018Q1,2018,0.16464706106311092,143,Independent,S,Twitter,0,0
K000383,2021Q4,2021,0.3613152806810077,141,Independent,S,Twitter,0,0
K000385,2013Q4,2013,0.23160312203970812,95,Democratic Party,H,Twitter,1,0
K000385,2015Q1,2015,-0.4202617404303293,63,Democratic Party,H,Twitter,1,0
K000385,2015Q2,2015,0.24978945571460112,61,Democratic Party,H,Twitter,1,0
K000385,2015Q4,2015,0.5636613239993575,27,Democratic Party,H,Twitter,1,0
K000385,2017Q1,2017,-0.3991822609583305,254,Democratic Party,H,Twitter,1,1
K000385,2017Q4,2017,-0.5302437248831567,288,Democratic Party,H,Twitter,1,1
K000385,2019Q4,2019,-0.199640998257314,163,Democratic Party,H,Twitter,0,1
K000386,2015Q4,2015,0.35302235149973216,20,Republican Party,H,Twitter,0,1
K000386,2016Q1,2016,0.3214999391773654,20,Republican Party,H,Twitter,0,1
K000386,2016Q2,2016,0.31757611446003636,12,Republican Party,H,Twitter,0,1
K000386,2017Q2,2017,0.3147073144509146,20,Republican Party,H,Twitter,0,0
K000386,2018Q2,2018,0.593903788683876,77,Republican Party,H,Twitter,0,0
K000386,2018Q3,2018,0.5279538779644455,17,Republican Party,H,Twitter,0,0
K000386,2021Q2,2021,0.467035518190689,34,Republican Party,H,Twitter,1,1
K000388,2019Q4,2019,-0.24879955344771854,81,Republican Party,H,Twitter,1,0
K000389,2017Q1,2017,0.163594168680677,394,Democratic Party,H,Twitter,1,1
K000389,2018Q2,2018,-0.027807315491775973,599,Democratic Party,H,Twitter,1,1
K000391,2017Q1,2017,0.061369199281129355,198,Democratic Party,H,Twitter,1,1
K000391,2017Q2,2017,-0.049491282217529346,304,Democratic Party,H,Twitter,1,1
K000391,2017Q4,2017,-0.2520359889791861,386,Democratic Party,H,Twitter,1,1
K000391,2018Q2,2018,-0.23155021935756354,221,Democratic Party,H,Twitter,1,1
K000393,2020Q2,2020,-0.13159494669440983,129,Republican Party,S,Twitter,0,0
K000393,2021Q1,2021,-0.27355459159787165,135,Republican Party,S,Twitter,0,1
K000393,2021Q2,2021,-0.45321374960411925,145,Republican Party,S,Twitter,0,1
K000395,2019Q4,2019,0.08878128633842328,249,Republican Party,H,Twitter,1,0
K000395,2020Q1,2020,0.02886122374937228,332,Republican Party,H,Twitter,1,0
K000395,2020Q3,2020,0.27714108759851835,265,Republican Party,H,Twitter,1,0
K000395,2021Q2,2021,0.10153332827872213,241,Republican Party,H,Twitter,1,1
K000395,2021Q4,2021,-0.08623601697407897,204,Republican Party,H,Twitter,1,1
K000395,2022Q1,2022,-0.010085854459057454,185,Republican Party,H,Twitter,1,1
K000395,2022Q2,2022,-0.08823216183558784,161,Republican Party,H,Twitter,1,1
K000395,2022Q3,2022,-0.07880933970406566,102,Republican Party,H,Twitter,1,1
K000395,2022Q4,2022,0.022042622006572997,28,Republican Party,H,Twitter,1,1
K000397,2021Q2,2021,0.2602554161731997,279,Republican Party,H,Twitter,1,1
K000397,2021Q3,2021,0.010157630141811397,264,Republican Party,H,Twitter,1,1
K000397,2022Q2,2022,-0.08999512244225219,343,Republican Party,H,Twitter,1,1
K000397,2022Q3,2022,-0.02727741936914127,460,Republican Party,H,Twitter,1,1
K000397,2022Q4,2022,-0.024082251039148437,417,Republican Party,H,Twitter,1,1
L000174,2013Q1,2013,0.30812068400901477,318,Democratic Party,S,Twitter,0,0
L000174,2013Q2,2013,0.30176453880421505,331,Democratic Party,S,Twitter,0,0
L000174,2013Q3,2013,0.3434985068718448,197,Democratic Party,S,Twitter,0,0
L000174,2013Q4,2013,0.03413003516561598,253,Democratic Party,S,Twitter,0,0
L000174,2014Q1,2014,0.24527761628447814,286,Democratic Party,S,Twitter,0,0
L000174,2014Q2,2014,0.20090890590268193,309,Democratic Party,S,Twitter,0,0
L000174,2014Q3,2014,0.25423131573184155,236,Democratic Party,S,Twitter,0,0
L000174,2014Q4,2014,0.08002333538049614,242,Democratic Party,S,Twitter,0,0
L000174,2015Q1,2015,-0.0369634097344932,390,Democratic Party,S,Twitter,1,0
L000174,2015Q2,2015,-0.15655463232362504,340,Democratic Party,S,Twitter,1,0
L000174,2015Q3,2015,0.07959958625040321,255,Democratic Party,S,Twitter,1,0
L000174,2015Q4,2015,0.016499832788598012,210,Democratic Party,S,Twitter,1,0
L000174,2016Q1,2016,-0.05954441137304301,381,Democratic Party,S,Twitter,1,0
L000174,2016Q2,2016,-0.052592327228755766,482,Democratic Party,S,Twitter,1,0
L000174,2016Q3,2016,0.07029785219330789,254,Democratic Party,S,Twitter,1,0
L000174,2016Q4,2016,-0.09561637007683207,182,Democratic Party,S,Twitter,1,0
L000174,2017Q1,2017,-0.2552278903123721,342,Democratic Party,S,Twitter,1,1
L000174,2017Q2,2017,-0.2383197772227383,354,Democratic Party,S,Twitter,1,1
L000174,2017Q3,2017,-0.2969615985149737,247,Democratic Party,S,Twitter,1,1
L000174,2017Q4,2017,-0.358509029778705,293,Democratic Party,S,Twitter,1,1
L000174,2018Q1,2018,-0.1213804149474788,297,Democratic Party,S,Twitter,1,1
L000174,2018Q2,2018,0.1340038977062384,287,Democratic Party,S,Twitter,1,1
L000174,2018Q3,2018,-0.1646630230304179,315,Democratic Party,S,Twitter,1,1
L000174,2018Q4,2018,0.010491184403091285,239,Democratic Party,S,Twitter,1,1
L000174,2019Q1,2019,-0.08541712371732399,236,Democratic Party,S,Twitter,1,1
L000174,2019Q2,2019,-0.11122438138334008,245,Democratic Party,S,Twitter,1,1
L000174,2019Q3,2019,-0.16753637335005325,182,Democratic Party,S,Twitter,1,1
L000174,2019Q4,2019,-0.06169369821253231,199,Democratic Party,S,Twitter,1,1
L000174,2020Q1,2020,-0.11158684961035882,263,Democratic Party,S,Twitter,1,1
L000174,2020Q2,2020,-0.15543971127717499,172,Democratic Party,S,Twitter,1,1
L000174,2020Q3,2020,-0.15102743514836364,207,Democratic Party,S,Twitter,1,1
L000174,2020Q4,2020,-0.13345544410448237,127,Democratic Party,S,Twitter,1,1
L000174,2021Q1,2021,0.012894893800963083,93,Democratic Party,S,Twitter,1,0
L000174,2021Q2,2021,0.2705672121342035,180,Democratic Party,S,Twitter,1,0
L000174,2021Q3,2021,0.2191486557802335,128,Democratic Party,S,Twitter,1,0
L000174,2021Q4,2021,0.21646215394115292,147,Democratic Party,S,Twitter,1,0
L000174,2022Q1,2022,0.3067951861428606,121,Democratic Party,S,Twitter,1,0
L000174,2022Q2,2022,0.09484520588144411,134,Democratic Party,S,Twitter,1,0
L000174,2022Q4,2022,0.4094492047648528,90,Democratic Party,S,Twitter,1,0
L000266,2021Q4,2021,-0.33363275138729453,208,Republican Party,H,Twitter,1,1
L000266,2022Q1,2022,-0.16360276188288142,210,Republican Party,H,Twitter,1,1
L000273,2021Q1,2021,0.17538416167664658,163,Democratic Party,H,Twitter,0,0
L000273,2021Q3,2021,0.3971119116417645,241,Democratic Party,H,Twitter,0,0
L000273,2021Q4,2021,0.3987551772515849,189,Democratic Party,H,Twitter,0,0
L000273,2022Q4,2022,0.2375088578124373,173,Democratic Party,H,Twitter,0,0
L000287,2015Q2,2015,-0.4821382392896581,44,Democratic Party,H,Twitter,1,0
L000287,2018Q2,2018,-0.9696222048465788,20,Democratic Party,H,Twitter,1,1
L000397,2014Q1,2014,-0.01880809869076194,59,Democratic Party,H,Twitter,1,0
L000397,2014Q3,2014,-0.009761311444427042,79,Democratic Party,H,Twitter,1,0
L000397,2015Q4,2015,-0.23931821503435474,55,Democratic Party,H,Twitter,1,0
L000397,2017Q2,2017,-0.44324082105856905,78,Democratic Party,H,Twitter,1,1
L000397,2019Q1,2019,0.20269550522261762,19,Democratic Party,H,Twitter,0,1
L000397,2019Q2,2019,-0.15401382919501153,43,Democratic Party,H,Twitter,0,1
L000397,2019Q4,2019,-0.04295195908341173,107,Democratic Party,H,Twitter,0,1
L000397,2021Q1,2021,0.34618895186556903,23,Democratic Party,H,Twitter,0,0
L000397,2021Q2,2021,0.4514054473159148,51,Democratic Party,H,Twitter,0,0
L000397,2022Q3,2022,0.31891811276701837,65,Democratic Party,H,Twitter,0,0
L000397,2022Q4,2022,0.6087018722022467,19,Democratic Party,H,Twitter,0,0
L000480,2013Q1,2013,0.049445705563010124,79,Democratic Party,H,Twitter,1,0
L000480,2013Q3,2013,0.006083340116249436,96,Democratic Party,H,Twitter,1,0
L000480,2013Q4,2013,0.2557992194572778,105,Democratic Party,H,Twitter,1,0
L000480,2014Q3,2014,-0.09225539714472841,78,Democratic Party,H,Twitter,1,0
L000480,2015Q1,2015,0.026416099509733285,140,Democratic Party,H,Twitter,1,0
L000480,2015Q2,2015,0.0819012574384458,94,Democratic Party,H,Twitter,1,0
L000480,2016Q2,2016,-0.6346581820610078,32,Democratic Party,H,Twitter,1,0
L000480,2017Q3,2017,-0.22637804764063577,166,Democratic Party,H,Twitter,1,1
L000480,2019Q1,2019,-0.19173087994770663,137,Democratic Party,H,Twitter,0,1
L000480,2019Q2,2019,-0.0632237585222569,105,Democratic Party,H,Twitter,0,1
L000480,2020Q1,2020,0.07591543791829021,97,Democratic Party,H,Twitter,0,1
L000480,2020Q3,2020,0.23749670618821622,122,Democratic Party,H,Twitter,0,1
L000491,2013Q2,2013,0.12603015112799146,76,Republican Party,H,Twitter,0,1
L000491,2015Q2,2015,0.197418671149371,32,Republican Party,H,Twitter,0,1
L000491,2017Q1,2017,0.5056037448328553,32,Republican Party,H,Twitter,0,0
L000491,2019Q4,2019,0.29083790123624326,60,Republican Party,H,Twitter,1,0
L000491,2020Q3,2020,0.6071658927971819,107,Republican Party,H,Twitter,1,0
L000491,2021Q2,2021,0.3400420462358403,111,Republican Party,H,Twitter,1,1
L000491,2022Q3,2022,0.4117454497479847,38,Republican Party,H,Twitter,1,1
L000551,2013Q1,2013,-0.2566778967216626,181,Democratic Party,H,Twitter,1,0
L000551,2013Q2,2013,-0.1919189349474467,125,Democratic Party,H,Twitter,1,0
L000551,2013Q3,2013,-0.0928909386383926,164,Democratic Party,H,Twitter,1,0
L000551,2013Q4,2013,-0.367512206082238,99,Democratic Party,H,Twitter,1,0
L000551,2014Q1,2014,-0.14189987033252222,94,Democratic Party,H,Twitter,1,0
L000551,2014Q2,2014,-0.14455414579137701,165,Democratic Party,H,Twitter,1,0
L000551,2014Q3,2014,-0.04735419343328583,218,Democratic Party,H,Twitter,1,0
L000551,2014Q4,2014,0.03799356852887716,167,Democratic Party,H,Twitter,1,0
L000551,2015Q1,2015,-0.30458485827541515,232,Democratic Party,H,Twitter,1,0
L000551,2015Q2,2015,-0.24768597070405501,263,Democratic Party,H,Twitter,1,0
L000551,2015Q3,2015,-0.13634632354551374,246,Democratic Party,H,Twitter,1,0
L000551,2015Q4,2015,-0.13195038738436574,247,Democratic Party,H,Twitter,1,0
L000551,2016Q1,2016,-0.1764227915996495,291,Democratic Party,H,Twitter,1,0
L000551,2016Q2,2016,-0.2123092746411986,397,Democratic Party,H,Twitter,1,0
L000551,2016Q3,2016,-0.25876428739837626,345,Democratic Party,H,Twitter,1,0
L000551,2017Q1,2017,-0.8077046389403565,384,Democratic Party,H,Twitter,1,1
L000551,2017Q2,2017,-0.599880438196002,248,Democratic Party,H,Twitter,1,1
L000551,2017Q3,2017,-0.5817763758906426,157,Democratic Party,H,Twitter,1,1
L000551,2017Q4,2017,-0.667350096769666,226,Democratic Party,H,Twitter,1,1
L000551,2018Q1,2018,-0.5844995956505308,243,Democratic Party,H,Twitter,1,1
L000551,2018Q2,2018,-0.4410435392647256,319,Democratic Party,H,Twitter,1,1
L000551,2018Q3,2018,-0.5964111935303347,303,Democratic Party,H,Twitter,1,1
L000551,2019Q1,2019,-0.3527048001381652,333,Democratic Party,H,Twitter,0,1
L000551,2019Q2,2019,-0.3389491955601045,483,Democratic Party,H,Twitter,0,1
L000551,2019Q3,2019,-0.44362798998131653,419,Democratic Party,H,Twitter,0,1
L000551,2019Q4,2019,-0.5738912378366123,333,Democratic Party,H,Twitter,0,1
L000551,2020Q3,2020,-0.446196736477363,309,Democratic Party,H,Twitter,0,1
L000551,2020Q4,2020,-0.5223736565298492,282,Democratic Party,H,Twitter,0,1
L000551,2021Q1,2021,-0.28974538434004143,309,Democratic Party,H,Twitter,0,0
L000551,2021Q2,2021,-0.06295205084543037,291,Democratic Party,H,Twitter,0,0
L000551,2021Q3,2021,-0.12638073332056302,223,Democratic Party,H,Twitter,0,0
L000551,2022Q1,2022,-0.13671342811337509,251,Democratic Party,H,Twitter,0,0
L000551,2022Q2,2022,-0.19420362774452107,172,Democratic Party,H,Twitter,0,0
L000551,2022Q3,2022,-0.1406680419103416,131,Democratic Party,H,Twitter,0,0
L000557,2013Q2,2013,0.33529548595985337,74,Democratic Party,H,Twitter,1,0
L000557,2022Q3,2022,0.30040005821686117,206,Democratic Party,H,Twitter,0,0
L000559,2013Q2,2013,-0.06814756219586128,82,Democratic Party,H,Twitter,1,0
L000559,2014Q2,2014,0.2636673576352548,444,Democratic Party,H,Twitter,1,0
L000559,2014Q3,2014,0.1617419283210673,400,Democratic Party,H,Twitter,1,0
L000559,2015Q2,2015,0.22485753913866452,602,Democratic Party,H,Twitter,1,0
L000559,2016Q1,2016,0.37792401913715945,558,Democratic Party,H,Twitter,1,0
L000559,2016Q2,2016,0.30761326532650346,609,Democratic Party,H,Twitter,1,0
L000559,2017Q1,2017,0.2334703025748596,364,Democratic Party,H,Twitter,1,1
L000559,2017Q2,2017,0.4296629874472269,336,Democratic Party,H,Twitter,1,1
L000559,2017Q3,2017,0.3630389279038477,324,Democratic Party,H,Twitter,1,1
L000559,2017Q4,2017,0.2265359283774202,283,Democratic Party,H,Twitter,1,1
L000559,2018Q2,2018,0.22378310009776453,321,Democratic Party,H,Twitter,1,1
L000559,2019Q2,2019,0.24102231964285917,237,Democratic Party,H,Twitter,0,1
L000559,2019Q3,2019,0.3162343981295259,194,Democratic Party,H,Twitter,0,1
L000559,2021Q3,2021,0.175485516474668,185,Democratic Party,H,Twitter,0,0
L000560,2018Q2,2018,0.6202495583516632,242,Democratic Party,H,Twitter,1,1
L000562,2013Q3,2013,0.2364889976170371,66,Democratic Party,H,Twitter,1,0
L000562,2013Q4,2013,0.3369319255422378,52,Democratic Party,H,Twitter,1,0
L000562,2015Q2,2015,-0.049473455104275726,107,Democratic Party,H,Twitter,1,0
L000562,2016Q3,2016,0.48777992518305985,237,Democratic Party,H,Twitter,1,0
L000563,2015Q2,2015,-0.22544865207186235,102,Democratic Party,H,Twitter,1,0
L000564,2013Q2,2013,-0.03875529788152498,134,Republican Party,H,Twitter,0,1
L000564,2013Q3,2013,0.05122123289351765,77,Republican Party,H,Twitter,0,1
L000564,2013Q4,2013,-0.23739273807275607,140,Republican Party,H,Twitter,0,1
L000564,2014Q2,2014,0.4134064262625682,230,Republican Party,H,Twitter,0,1
L000564,2014Q3,2014,0.2388588282116397,120,Republican Party,H,Twitter,0,1
L000564,2014Q4,2014,-0.07051266672726589,92,Republican Party,H,Twitter,0,1
L000564,2015Q2,2015,0.10631108909156584,146,Republican Party,H,Twitter,0,1
L000564,2015Q3,2015,-0.13111788728694282,109,Republican Party,H,Twitter,0,1
L000564,2015Q4,2015,0.09208540393303048,137,Republican Party,H,Twitter,0,1
L000564,2016Q1,2016,0.050948510489676004,86,Republican Party,H,Twitter,0,1
L000564,2016Q3,2016,-0.29516290560519626,123,Republican Party,H,Twitter,0,1
L000564,2017Q1,2017,-0.05229197811211572,172,Republican Party,H,Twitter,0,0
L000564,2017Q3,2017,0.25954693046830407,79,Republican Party,H,Twitter,0,0
L000564,2017Q4,2017,0.1392056131644032,184,Republican Party,H,Twitter,0,0
L000564,2018Q2,2018,0.17874202418626567,98,Republican Party,H,Twitter,0,0
L000564,2019Q4,2019,-0.8043580921701752,107,Republican Party,H,Twitter,1,0
L000564,2020Q4,2020,-0.6582101675005476,60,Republican Party,H,Twitter,1,0
L000564,2021Q4,2021,-0.5825078620426587,149,Republican Party,H,Twitter,1,1
L000566,2014Q1,2014,0.2084750449193022,101,Republican Party,H,Twitter,0,1
L000566,2019Q4,2019,0.3934006578548836,123,Republican Party,H,Twitter,1,0
L000566,2021Q3,2021,-0.12487026849502143,127,Republican Party,H,Twitter,1,1
L000569,2015Q2,2015,-0.19995639440490517,31,Republican Party,H,Twitter,0,1
L000569,2016Q1,2016,0.22925331780133054,45,Republican Party,H,Twitter,0,1
L000569,2016Q4,2016,0.2600124561898488,42,Republican Party,H,Twitter,0,1
L000569,2017Q4,2017,0.06057886725655819,49,Republican Party,H,Twitter,0,0
L000569,2021Q2,2021,-0.14764698724214598,53,Republican Party,H,Twitter,1,1
L000569,2022Q2,2022,-0.286979440169749,32,Republican Party,H,Twitter,1,1
L000570,2013Q3,2013,0.10120679577005352,17,Democratic Party,H,Twitter,1,0
L000570,2014Q3,2014,-0.12056855935230877,69,Democratic Party,H,Twitter,1,0
L000570,2019Q4,2019,-0.0729745262448156,327,Democratic Party,H,Twitter,0,1
L000575,2014Q1,2014,-0.10466596489348055,45,Republican Party,H,Twitter,0,1
L000575,2014Q3,2014,0.048869931728189236,55,Republican Party,H,Twitter,0,1
L000575,2015Q3,2015,-0.2747428649768619,145,Republican Party,S,Twitter,0,1
L000575,2015Q4,2015,-0.2520332291767706,99,Republican Party,S,Twitter,0,1
L000575,2016Q2,2016,-0.11329929294656998,130,Republican Party,S,Twitter,0,1
L000575,2018Q1,2018,-0.14030034273191003,173,Republican Party,S,Twitter,0,0
L000575,2018Q2,2018,0.04490710726135222,182,Republican Party,S,Twitter,0,0
L000575,2019Q1,2019,0.030254581216408855,131,Republican Party,S,Twitter,0,0
L000575,2019Q2,2019,0.37606237489054906,297,Republican Party,S,Twitter,0,0
L000575,2020Q1,2020,0.19095499622669113,203,Republican Party,S,Twitter,0,0
L000575,2020Q2,2020,0.110105904108772,288,Republican Party,S,Twitter,0,0
L000575,2020Q3,2020,0.012117720641134762,223,Republican Party,S,Twitter,0,0
L000575,2021Q1,2021,-0.33358630723424637,172,Republican Party,S,Twitter,0,1
L000575,2021Q3,2021,-0.6630091937348195,210,Republican Party,S,Twitter,0,1
L000575,2021Q4,2021,-0.6561820004995977,263,Republican Party,S,Twitter,0,1
L000575,2022Q1,2022,-0.48886394529256105,438,Republican Party,S,Twitter,0,1
L000575,2022Q4,2022,-0.5595134585159469,155,Republican Party,S,Twitter,0,1
L000577,2013Q1,2013,-0.1700975160318992,84,Republican Party,S,Twitter,1,1
L000577,2013Q2,2013,-0.4401572767064058,173,Republican Party,S,Twitter,1,1
L000577,2013Q3,2013,-0.25491942242163035,140,Republican Party,S,Twitter,1,1
L000577,2013Q4,2013,-0.2602013055309783,124,Republican Party,S,Twitter,1,1
L000577,2014Q3,2014,0.0633893841210037,133,Republican Party,S,Twitter,1,1
L000577,2015Q1,2015,0.03640869520750485,63,Republican Party,S,Twitter,0,1
L000577,2015Q2,2015,0.1551154555838116,117,Republican Party,S,Twitter,0,1
L000577,2015Q3,2015,-0.19406459345333893,84,Republican Party,S,Twitter,0,1
L000577,2015Q4,2015,-0.3550753638850136,89,Republican Party,S,Twitter,0,1
L000577,2016Q1,2016,0.34831513089645905,90,Republican Party,S,Twitter,0,1
L000577,2016Q2,2016,0.06266229796017335,61,Republican Party,S,Twitter,0,1
L000577,2017Q4,2017,0.254486731698606,62,Republican Party,S,Twitter,0,0
L000577,2018Q1,2018,0.39075136549764306,76,Republican Party,S,Twitter,0,0
L000577,2018Q2,2018,-0.11385298327369427,123,Republican Party,S,Twitter,0,0
L000577,2018Q4,2018,-0.14121604909699162,59,Republican Party,S,Twitter,0,0
L000577,2019Q4,2019,-0.0561339328745449,47,Republican Party,S,Twitter,0,0
L000577,2020Q1,2020,0.009844756913036577,128,Republican Party,S,Twitter,0,0
L000577,2020Q2,2020,-0.03409467347549451,112,Republican Party,S,Twitter,0,0
L000577,2020Q3,2020,0.033833190621985164,117,Republican Party,S,Twitter,0,0
L000577,2020Q4,2020,-0.3608455881968592,162,Republican Party,S,Twitter,0,0
L000577,2021Q1,2021,-0.006745597587968601,153,Republican Party,S,Twitter,0,1
L000577,2021Q2,2021,-0.36447360842111864,129,Republican Party,S,Twitter,0,1
L000577,2021Q3,2021,-0.503463476745777,92,Republican Party,S,Twitter,0,1
L000577,2021Q4,2021,-0.36634041904431963,128,Republican Party,S,Twitter,0,1
L000577,2022Q1,2022,-0.37468785085443906,100,Republican Party,S,Twitter,0,1
L000577,2022Q2,2022,-0.410672884608963,81,Republican Party,S,Twitter,0,1
L000577,2022Q4,2022,-0.542216181854228,75,Republican Party,S,Twitter,0,1
L000578,2013Q2,2013,-0.2638084678410165,25,Republican Party,H,Twitter,0,1
L000578,2013Q4,2013,-0.3970469712877606,10,Republican Party,H,Twitter,0,1
L000578,2015Q1,2015,0.10001094601734808,11,Republican Party,H,Twitter,0,1
L000578,2015Q2,2015,-0.19061373351916872,10,Republican Party,H,Twitter,0,1
L000578,2015Q4,2015,-0.09369560487569213,12,Republican Party,H,Twitter,0,1
L000578,2016Q3,2016,-0.12295919531012618,14,Republican Party,H,Twitter,0,1
L000578,2017Q1,2017,-0.04654281832131081,19,Republican Party,H,Twitter,0,0
L000578,2018Q1,2018,-0.11243768941348779,28,Republican Party,H,Twitter,0,0
L000578,2018Q2,2018,0.36255247833755216,43,Republican Party,H,Twitter,0,0
L000578,2018Q3,2018,0.5080094214065644,92,Republican Party,H,Twitter,0,0
L000578,2019Q1,2019,0.3022230759679071,146,Republican Party,H,Twitter,1,0
L000578,2019Q2,2019,0.5206799734575503,175,Republican Party,H,Twitter,1,0
L000578,2019Q3,2019,0.48122011372439794,162,Republican Party,H,Twitter,1,0
L000578,2019Q4,2019,-0.17215262245021268,146,Republican Party,H,Twitter,1,0
L000578,2020Q1,2020,-0.2810240636182946,21,Republican Party,H,Twitter,1,0
L000578,2020Q2,2020,-0.10067268339550753,16,Republican Party,H,Twitter,1,0
L000578,2020Q3,2020,0.16866912428467698,23,Republican Party,H,Twitter,1,0
L000578,2020Q4,2020,-0.06252670226854468,25,Republican Party,H,Twitter,1,0
L000578,2021Q4,2021,-0.4896087490515191,30,Republican Party,H,Twitter,1,1
L000578,2022Q1,2022,-0.4808355754426055,97,Republican Party,H,Twitter,1,1
L000578,2022Q2,2022,-0.5133514219146192,115,Republican Party,H,Twitter,1,1
L000578,2022Q3,2022,-0.6422399094859611,83,Republican Party,H,Twitter,1,1
L000578,2022Q4,2022,-0.8396399184295155,64,Republican Party,H,Twitter,1,1
L000579,2013Q3,2013,0.08845420416009372,121,Democratic Party,H,Twitter,1,0
L000579,2013Q4,2013,0.03290505988453415,120,Democratic Party,H,Twitter,1,0
L000579,2014Q1,2014,0.1932118702093389,119,Democratic Party,H,Twitter,1,0
L000579,2014Q2,2014,0.10166640796182842,116,Democratic Party,H,Twitter,1,0
L000579,2014Q3,2014,-0.1729242647576261,60,Democratic Party,H,Twitter,1,0
L000579,2015Q2,2015,-0.09545687224439295,99,Democratic Party,H,Twitter,1,0
L000579,2015Q3,2015,-0.14818710843958532,106,Democratic Party,H,Twitter,1,0
L000579,2015Q4,2015,0.24748151179530117,98,Democratic Party,H,Twitter,1,0
L000579,2016Q3,2016,0.35318893061718337,89,Democratic Party,H,Twitter,1,0
L000579,2017Q1,2017,-0.3377137737737611,93,Democratic Party,H,Twitter,1,1
L000579,2017Q4,2017,-0.5772081405205026,193,Democratic Party,H,Twitter,1,1
L000581,2015Q1,2015,-0.041018100248696496,149,Democratic Party,H,Twitter,1,0
L000581,2015Q2,2015,-0.36385977923388546,134,Democratic Party,H,Twitter,1,0
L000581,2015Q3,2015,-0.20535753510370225,342,Democratic Party,H,Twitter,1,0
L000581,2016Q2,2016,0.01062567196820604,129,Democratic Party,H,Twitter,1,0
L000581,2017Q1,2017,-0.2770564032340262,238,Democratic Party,H,Twitter,1,1
L000581,2017Q4,2017,-0.32991110217221414,89,Democratic Party,H,Twitter,1,1
L000581,2018Q1,2018,-0.18117914486461262,142,Democratic Party,H,Twitter,1,1
L000581,2019Q4,2019,-0.008334862853828921,135,Democratic Party,H,Twitter,0,1
L000581,2020Q1,2020,0.168300157985939,149,Democratic Party,H,Twitter,0,1
L000581,2021Q1,2021,-0.035091193985101694,245,Democratic Party,H,Twitter,0,0
L000582,2017Q3,2017,-0.2928848402528711,198,Democratic Party,H,Twitter,1,1
L000582,2017Q4,2017,-0.09535950350454006,183,Democratic Party,H,Twitter,1,1
L000582,2018Q2,2018,0.043902799095467834,154,Democratic Party,H,Twitter,1,1
L000582,2022Q2,2022,0.24087594879260224,154,Democratic Party,H,Twitter,0,0
L000583,2015Q1,2015,-0.04258187954597505,131,Republican Party,H,Twitter,0,1
L000583,2015Q2,2015,-0.05272738019394585,99,Republican Party,H,Twitter,0,1
L000583,2018Q1,2018,-0.13965391768771857,132,Republican Party,H,Twitter,0,0
L000585,2017Q1,2017,0.10138142622185392,91,Republican Party,H,Twitter,0,0
L000585,2017Q3,2017,0.48195763201502506,80,Republican Party,H,Twitter,0,0
L000585,2017Q4,2017,0.411748879195861,91,Republican Party,H,Twitter,0,0
L000589,2019Q1,2019,0.3376385930057669,182,Republican Party,H,Twitter,1,0
L000589,2019Q2,2019,0.3177206850724983,179,Republican Party,H,Twitter,1,0
L000589,2019Q3,2019,0.4303193308946064,141,Republican Party,H,Twitter,1,0
L000589,2019Q4,2019,-0.17251924608432964,227,Republican Party,H,Twitter,1,0
L000589,2020Q1,2020,0.14389690234337316,213,Republican Party,H,Twitter,1,0
L000592,2019Q1,2019,-0.284162055653257,178,Democratic Party,H,Twitter,0,1
L000592,2019Q2,2019,-0.30169436986470816,192,Democratic Party,H,Twitter,0,1
L000592,2019Q3,2019,-0.37791357783239965,236,Democratic Party,H,Twitter,0,1
L000592,2019Q4,2019,-0.2567751434497516,177,Democratic Party,H,Twitter,0,1
L000592,2020Q1,2020,-0.3237658952170304,188,Democratic Party,H,Twitter,0,1
L000592,2021Q1,2021,-0.15751858449365733,325,Democratic Party,H,Twitter,0,0
L000592,2021Q4,2021,-0.22645741875121045,353,Democratic Party,H,Twitter,0,0
L000593,2019Q3,2019,0.10818528179009929,150,Democratic Party,H,Twitter,0,1
M000087,2013Q1,2013,0.07765322733586866,50,Democratic Party,H,Twitter,1,0
M000087,2013Q2,2013,-0.38717838066470245,61,Democratic Party,H,Twitter,1,0
M000087,2013Q3,2013,-0.17910188542488867,54,Democratic Party,H,Twitter,1,0
M000087,2013Q4,2013,-0.07724046841017185,103,Democratic Party,H,Twitter,1,0
M000087,2014Q1,2014,-0.07414255542269742,134,Democratic Party,H,Twitter,1,0
M000087,2014Q2,2014,-0.06447884718136186,90,Democratic Party,H,Twitter,1,0
M000087,2015Q1,2015,-0.18073059270055192,135,Democratic Party,H,Twitter,1,0
M000087,2015Q2,2015,-0.14595464495654029,139,Democratic Party,H,Twitter,1,0
M000087,2015Q3,2015,-0.148662093429402,89,Democratic Party,H,Twitter,1,0
M000087,2015Q4,2015,-0.03348312626537983,83,Democratic Party,H,Twitter,1,0
M000087,2016Q1,2016,0.054063616661054074,92,Democratic Party,H,Twitter,1,0
M000087,2016Q2,2016,-0.04637142955071915,153,Democratic Party,H,Twitter,1,0
M000087,2016Q3,2016,-0.0660525451277911,98,Democratic Party,H,Twitter,1,0
M000087,2017Q1,2017,-0.5275871089228452,324,Democratic Party,H,Twitter,1,1
M000087,2017Q3,2017,-0.36707288074079436,1127,Democratic Party,H,Twitter,1,1
M000087,2017Q4,2017,-0.4107705742907886,429,Democratic Party,H,Twitter,1,1
M000087,2019Q3,2019,-0.24561338109180633,337,Democratic Party,H,Twitter,0,1
M000087,2019Q4,2019,-0.37964877450372053,302,Democratic Party,H,Twitter,0,1
M000087,2020Q1,2020,-0.04526147233186136,557,Democratic Party,H,Twitter,0,1
M000087,2020Q3,2020,-0.08127471199022239,618,Democratic Party,H,Twitter,0,1
M000087,2021Q1,2021,0.15768894377037132,615,Democratic Party,H,Twitter,0,0
M000087,2021Q2,2021,0.31493524165839626,615,Democratic Party,H,Twitter,0,0
M000087,2021Q4,2021,0.3465233382643656,422,Democratic Party,H,Twitter,0,0
M000087,2022Q2,2022,0.22971287322239514,391,Democratic Party,H,Twitter,0,0
M000087,2022Q3,2022,0.06850603978831545,462,Democratic Party,H,Twitter,0,0
M000087,2022Q4,2022,0.2694056010099037,138,Democratic Party,H,Twitter,0,0
M000133,2013Q4,2013,-0.04265518553618654,194,Democratic Party,S,Twitter,0,0
M000133,2014Q2,2014,-0.13607432563984243,210,Democratic Party,S,Twitter,0,0
M000133,2015Q1,2015,-0.18979370858590383,344,Democratic Party,S,Twitter,1,0
M000133,2015Q4,2015,-0.07822352133022845,269,Democratic Party,S,Twitter,1,0
M000133,2016Q1,2016,0.18976117241921636,300,Democratic Party,S,Twitter,1,0
M000133,2016Q2,2016,-0.019397151143917286,274,Democratic Party,S,Twitter,1,0
M000133,2016Q3,2016,0.03636526958410475,299,Democratic Party,S,Twitter,1,0
M000133,2017Q1,2017,-0.6299982429034486,673,Democratic Party,S,Twitter,1,1
M000133,2017Q2,2017,-0.46736250594265943,646,Democratic Party,S,Twitter,1,1
M000133,2017Q4,2017,-0.47733254421945365,335,Democratic Party,S,Twitter,1,1
M000133,2018Q2,2018,-0.26809473948174206,443,Democratic Party,S,Twitter,1,1
M000133,2019Q1,2019,-0.37995131149441064,349,Democratic Party,S,Twitter,1,1
M000133,2022Q1,2022,0.13339792309834056,337,Democratic Party,S,Twitter,1,0
M000194,2021Q2,2021,-0.30181453701144834,327,Republican Party,H,Twitter,1,1
M000194,2021Q3,2021,-0.10164663438623599,249,Republican Party,H,Twitter,1,1
M000194,2022Q2,2022,0.25939009663387996,295,Republican Party,H,Twitter,1,1
M000312,2013Q1,2013,-0.24859422500070677,198,Democratic Party,H,Twitter,1,0
M000312,2013Q2,2013,-0.13360047202657335,96,Democratic Party,H,Twitter,1,0
M000312,2013Q3,2013,-0.5407079654179164,125,Democratic Party,H,Twitter,1,0
M000312,2013Q4,2013,-0.44223415134817384,157,Democratic Party,H,Twitter,1,0
M000312,2014Q1,2014,-0.46227096637707527,80,Democratic Party,H,Twitter,1,0
M000312,2014Q2,2014,0.1986430321393009,110,Democratic Party,H,Twitter,1,0
M000312,2014Q3,2014,0.21485733051456646,59,Democratic Party,H,Twitter,1,0
M000312,2014Q4,2014,0.00832806913509584,43,Democratic Party,H,Twitter,1,0
M000312,2015Q1,2015,-0.2790049435482214,49,Democratic Party,H,Twitter,1,0
M000312,2015Q2,2015,0.04599468572710772,133,Democratic Party,H,Twitter,1,0
M000312,2015Q3,2015,-0.07818849257798528,209,Democratic Party,H,Twitter,1,0
M000312,2015Q4,2015,0.05947408182274822,231,Democratic Party,H,Twitter,1,0
M000312,2016Q1,2016,0.15891563537295875,287,Democratic Party,H,Twitter,1,0
M000312,2016Q2,2016,-0.1466216719963247,353,Democratic Party,H,Twitter,1,0
M000312,2016Q3,2016,-0.06590980897400235,277,Democratic Party,H,Twitter,1,0
M000312,2017Q1,2017,-0.7101405518697896,741,Democratic Party,H,Twitter,1,1
M000312,2017Q2,2017,-0.5432993900215667,324,Democratic Party,H,Twitter,1,1
M000312,2017Q3,2017,-0.2905901954938555,253,Democratic Party,H,Twitter,1,1
M000312,2017Q4,2017,-0.4123980457065204,246,Democratic Party,H,Twitter,1,1
M000312,2018Q1,2018,-0.3891590194786187,241,Democratic Party,H,Twitter,1,1
M000312,2018Q2,2018,-0.5172106826381648,222,Democratic Party,H,Twitter,1,1
M000312,2018Q4,2018,-0.3789798640099323,140,Democratic Party,H,Twitter,1,1
M000312,2019Q1,2019,-0.2626244800785022,204,Democratic Party,H,Twitter,0,1
M000312,2019Q2,2019,-0.2336720307168992,264,Democratic Party,H,Twitter,0,1
M000312,2019Q3,2019,-0.16803435027659216,414,Democratic Party,H,Twitter,0,1
M000312,2019Q4,2019,-0.10877046252197527,262,Democratic Party,H,Twitter,0,1
M000312,2020Q1,2020,-0.008645749339549853,372,Democratic Party,H,Twitter,0,1
M000312,2020Q2,2020,-0.0875390065293027,326,Democratic Party,H,Twitter,0,1
M000312,2020Q3,2020,-0.3462249488530952,288,Democratic Party,H,Twitter,0,1
M000312,2020Q4,2020,-0.14620124148377078,214,Democratic Party,H,Twitter,0,1
M000312,2021Q1,2021,-0.29931304014494986,300,Democratic Party,H,Twitter,0,0
M000312,2021Q2,2021,-0.0390354848782953,278,Democratic Party,H,Twitter,0,0
M000312,2021Q3,2021,0.11666663372816502,244,Democratic Party,H,Twitter,0,0
M000312,2021Q4,2021,0.0058010903193983126,173,Democratic Party,H,Twitter,0,0
M000312,2022Q1,2022,0.007745227379139985,283,Democratic Party,H,Twitter,0,0
M000312,2022Q2,2022,-0.1033707893163158,328,Democratic Party,H,Twitter,0,0
M000312,2022Q3,2022,-0.002912762396818852,369,Democratic Party,H,Twitter,0,0
M000312,2022Q4,2022,0.09947471895134159,242,Democratic Party,H,Twitter,0,0
M000355,2013Q1,2013,-0.12730202991913442,244,Republican Party,S,Twitter,1,1
M000355,2013Q2,2013,-0.12991630381786354,309,Republican Party,S,Twitter,1,1
M000355,2013Q3,2013,-0.06671559083906572,350,Republican Party,S,Twitter,1,1
M000355,2013Q4,2013,-0.12173690885020556,322,Republican Party,S,Twitter,1,1
M000355,2014Q1,2014,0.0635254323814734,368,Republican Party,S,Twitter,1,1
M000355,2014Q2,2014,-0.014412859536333778,477,Republican Party,S,Twitter,1,1
M000355,2014Q3,2014,0.20100273809363717,468,Republican Party,S,Twitter,1,1
M000355,2014Q4,2014,0.09998446288733512,135,Republican Party,S,Twitter,1,1
M000355,2015Q1,2015,-0.003927514623020231,303,Republican Party,S,Twitter,0,1
M000355,2015Q2,2015,0.12324176227030767,292,Republican Party,S,Twitter,0,1
M000355,2015Q3,2015,0.1066591239906363,188,Republican Party,S,Twitter,0,1
M000355,2015Q4,2015,-0.027010405993420514,218,Republican Party,S,Twitter,0,1
M000355,2016Q1,2016,0.37874330910804854,157,Republican Party,S,Twitter,0,1
M000355,2016Q2,2016,0.40057365208797335,102,Republican Party,S,Twitter,0,1
M000355,2016Q3,2016,0.4104183511573601,83,Republican Party,S,Twitter,0,1
M000355,2016Q4,2016,0.5835548948945384,78,Republican Party,S,Twitter,0,1
M000355,2017Q1,2017,0.26445525519642604,209,Republican Party,S,Twitter,0,0
M000355,2017Q2,2017,0.5386264174451444,150,Republican Party,S,Twitter,0,0
M000355,2017Q3,2017,0.45294502554024485,106,Republican Party,S,Twitter,0,0
M000355,2017Q4,2017,0.3430736379071119,136,Republican Party,S,Twitter,0,0
M000355,2018Q1,2018,0.4429475172194368,155,Republican Party,S,Twitter,0,0
M000355,2018Q2,2018,0.5890529633606248,267,Republican Party,S,Twitter,0,0
M000355,2018Q3,2018,0.42220144927153536,207,Republican Party,S,Twitter,0,0
M000355,2018Q4,2018,0.2772100776338975,137,Republican Party,S,Twitter,0,0
M000355,2019Q1,2019,0.24911348696908028,240,Republican Party,S,Twitter,0,0
M000355,2019Q2,2019,0.45484104493905,188,Republican Party,S,Twitter,0,0
M000355,2019Q3,2019,0.7717018163197451,209,Republican Party,S,Twitter,0,0
M000355,2019Q4,2019,0.5095616971822753,285,Republican Party,S,Twitter,0,0
M000355,2020Q1,2020,0.45100057815631994,317,Republican Party,S,Twitter,0,0
M000355,2020Q2,2020,0.8245207377268876,399,Republican Party,S,Twitter,0,0
M000355,2020Q3,2020,0.7642614677451312,310,Republican Party,S,Twitter,0,0
M000355,2020Q4,2020,0.6820344010425817,225,Republican Party,S,Twitter,0,0
M000355,2021Q1,2021,0.6278670685044737,217,Republican Party,S,Twitter,0,1
M000355,2021Q2,2021,0.2842343612851433,234,Republican Party,S,Twitter,0,1
M000355,2021Q3,2021,0.27489585554626556,195,Republican Party,S,Twitter,0,1
M000355,2021Q4,2021,0.48353696782481376,172,Republican Party,S,Twitter,0,1
M000355,2022Q1,2022,0.41661155694787944,207,Republican Party,S,Twitter,0,1
M000355,2022Q2,2022,0.12151916656022826,88,Republican Party,S,Twitter,0,1
M000355,2022Q3,2022,0.3363127579870731,132,Republican Party,S,Twitter,0,1
M000355,2022Q4,2022,0.5426228191075652,55,Republican Party,S,Twitter,0,1
M000639,2013Q1,2013,-0.03316524643299797,83,Democratic Party,S,Twitter,0,0
M000639,2013Q2,2013,0.02713611945549979,411,Democratic Party,S,Twitter,0,0
M000639,2013Q3,2013,0.028756356683977448,237,Democratic Party,S,Twitter,0,0
M000639,2013Q4,2013,-0.1431625427998892,174,Democratic Party,S,Twitter,0,0
M000639,2014Q1,2014,-0.03164460068277604,230,Democratic Party,S,Twitter,0,0
M000639,2014Q2,2014,-0.14909688107077157,211,Democratic Party,S,Twitter,0,0
M000639,2014Q3,2014,-0.09283086508296391,130,Democratic Party,S,Twitter,0,0
M000639,2015Q1,2015,-0.2300720822366784,123,Democratic Party,S,Twitter,1,0
M000639,2015Q2,2015,-0.1707544309319695,121,Democratic Party,S,Twitter,1,0
M000639,2015Q3,2015,-0.22953506458993048,102,Democratic Party,S,Twitter,1,0
M000639,2016Q2,2016,-0.15298218101454306,70,Democratic Party,S,Twitter,1,0
M000639,2017Q3,2017,-0.35467279670100144,471,Democratic Party,S,Twitter,1,1
M000639,2017Q4,2017,-0.7499660176182176,459,Democratic Party,S,Twitter,1,1
M000639,2018Q1,2018,-0.33222720074891443,535,Democratic Party,S,Twitter,1,1
M000639,2018Q2,2018,-0.3877958438939643,521,Democratic Party,S,Twitter,1,1
M000639,2018Q3,2018,-0.5100589333223341,498,Democratic Party,S,Twitter,1,1
M000639,2018Q4,2018,-0.3294509018960981,365,Democratic Party,S,Twitter,1,1
M000639,2019Q1,2019,-0.2965341146239798,569,Democratic Party,S,Twitter,1,1
M000639,2019Q2,2019,-0.2374603907512829,410,Democratic Party,S,Twitter,1,1
M000639,2019Q3,2019,-0.23616191709319778,387,Democratic Party,S,Twitter,1,1
M000639,2019Q4,2019,-0.16293598811120688,457,Democratic Party,S,Twitter,1,1
M000639,2020Q3,2020,-0.22492228549220272,374,Democratic Party,S,Twitter,1,1
M000639,2020Q4,2020,-0.12720899146473072,344,Democratic Party,S,Twitter,1,1
M000639,2021Q1,2021,-0.05193278624546497,566,Democratic Party,S,Twitter,1,0
M000639,2021Q3,2021,0.013385983924288936,295,Democratic Party,S,Twitter,1,0
M000639,2022Q1,2022,0.13319434513243247,395,Democratic Party,S,Twitter,1,0
M000639,2022Q2,2022,-0.15128795533110795,378,Democratic Party,S,Twitter,1,0
M000639,2022Q3,2022,-0.03229828427324615,331,Democratic Party,S,Twitter,1,0
M000871,2021Q2,2021,-0.20859838084316418,91,Republican Party,H,Twitter,1,1
M000871,2021Q3,2021,-0.54199448834835,101,Republican Party,H,Twitter,1,1
M000871,2022Q1,2022,-0.3912753312979692,40,Republican Party,H,Twitter,1,1
M000934,2013Q1,2013,0.2339044664432616,122,Republican Party,S,Twitter,1,1
M000934,2013Q2,2013,0.16307558352035273,198,Republican Party,S,Twitter,1,1
M000934,2014Q2,2014,0.282251142576697,256,Republican Party,S,Twitter,1,1
M000934,2015Q1,2015,0.343363014737167,104,Republican Party,S,Twitter,0,1
M000934,2015Q4,2015,0.2185346356774695,62,Republican Party,S,Twitter,0,1
M000934,2016Q2,2016,0.40430373291264365,142,Republican Party,S,Twitter,0,1
M000934,2018Q2,2018,0.5592655783218973,110,Republican Party,S,Twitter,0,0
M000934,2020Q4,2020,0.6626027465203553,136,Republican Party,S,Twitter,0,0
M000934,2022Q1,2022,0.33686892223009585,157,Republican Party,S,Twitter,0,1
M000934,2022Q2,2022,0.16817980015781187,105,Republican Party,S,Twitter,0,1
M000934,2022Q3,2022,0.502025950931967,95,Republican Party,S,Twitter,0,1
M001111,2013Q1,2013,0.2343288581912483,251,Democratic Party,S,Twitter,0,0
M001111,2013Q2,2013,0.3440278249709873,422,Democratic Party,S,Twitter,0,0
M001111,2013Q3,2013,0.04795385165879607,379,Democratic Party,S,Twitter,0,0
M001111,2013Q4,2013,0.17225447067062452,328,Democratic Party,S,Twitter,0,0
M001111,2014Q1,2014,0.00901386294646915,424,Democratic Party,S,Twitter,0,0
M001111,2014Q2,2014,0.23149424961565074,551,Democratic Party,S,Twitter,0,0
M001111,2014Q3,2014,0.17907432981507412,298,Democratic Party,S,Twitter,0,0
M001111,2015Q1,2015,0.24281385043630233,344,Democratic Party,S,Twitter,1,0
M001111,2015Q2,2015,0.29201987044627986,460,Democratic Party,S,Twitter,1,0
M001111,2015Q3,2015,0.2017002643622507,479,Democratic Party,S,Twitter,1,0
M001111,2015Q4,2015,0.4251576056134254,372,Democratic Party,S,Twitter,1,0
M001111,2016Q1,2016,0.42675442633814203,343,Democratic Party,S,Twitter,1,0
M001111,2016Q2,2016,0.34388604633574404,439,Democratic Party,S,Twitter,1,0
M001111,2017Q1,2017,-0.6118440773781497,626,Democratic Party,S,Twitter,1,1
M001111,2017Q2,2017,-0.5693598108414712,513,Democratic Party,S,Twitter,1,1
M001111,2017Q3,2017,-0.32826803156038814,423,Democratic Party,S,Twitter,1,1
M001111,2017Q4,2017,-0.36089316036540703,518,Democratic Party,S,Twitter,1,1
M001111,2018Q1,2018,-0.19704923400185312,526,Democratic Party,S,Twitter,1,1
M001111,2018Q2,2018,-0.12953484234716212,524,Democratic Party,S,Twitter,1,1
M001111,2018Q3,2018,-0.3777072059354289,591,Democratic Party,S,Twitter,1,1
M001111,2018Q4,2018,-0.17831140906363385,616,Democratic Party,S,Twitter,1,1
M001111,2019Q1,2019,-0.3824308141160004,983,Democratic Party,S,Twitter,1,1
M001111,2019Q2,2019,-0.031730797591312046,587,Democratic Party,S,Twitter,1,1
M001111,2019Q4,2019,-0.1542604735921901,468,Democratic Party,S,Twitter,1,1
M001111,2020Q1,2020,0.07018676995544226,483,Democratic Party,S,Twitter,1,1
M001111,2021Q1,2021,0.3862908766278578,507,Democratic Party,S,Twitter,1,0
M001111,2021Q3,2021,0.3442550549270721,455,Democratic Party,S,Twitter,1,0
M001111,2021Q4,2021,0.2922951369185184,465,Democratic Party,S,Twitter,1,0
M001111,2022Q1,2022,0.22994230289667628,522,Democratic Party,S,Twitter,1,0
M001111,2022Q3,2022,-0.03328402107642535,372,Democratic Party,S,Twitter,1,0
M001135,2022Q2,2022,0.6173775257578386,196,Democratic Party,H,Twitter,0,0
M001137,2013Q3,2013,-0.241581895888825,72,Democratic Party,H,Twitter,1,0
M001137,2021Q2,2021,0.03060815432747773,43,Democratic Party,H,Twitter,0,0
M001137,2022Q1,2022,0.21532768315838982,82,Democratic Party,H,Twitter,0,0
M001137,2022Q2,2022,-0.16200855527523167,87,Democratic Party,H,Twitter,0,0
M001143,2015Q2,2015,-0.09149934785335737,67,Democratic Party,H,Twitter,1,0
M001143,2015Q3,2015,-0.3039862269763125,59,Democratic Party,H,Twitter,1,0
M001143,2016Q3,2016,0.2796901964856959,177,Democratic Party,H,Twitter,1,0
M001143,2017Q3,2017,-0.33450467052300786,350,Democratic Party,H,Twitter,1,1
M001143,2018Q3,2018,0.06825056093268607,192,Democratic Party,H,Twitter,1,1
M001143,2019Q1,2019,0.12385174338917888,304,Democratic Party,H,Twitter,0,1
M001143,2019Q2,2019,0.3589360336177479,308,Democratic Party,H,Twitter,0,1
M001143,2020Q3,2020,0.3171134367732843,444,Democratic Party,H,Twitter,0,1
M001153,2013Q1,2013,0.014815912412949429,83,Republican Party,S,Twitter,1,1
M001153,2013Q2,2013,-0.08112080622299374,91,Republican Party,S,Twitter,1,1
M001153,2013Q3,2013,0.03559409984906751,45,Republican Party,S,Twitter,1,1
M001153,2013Q4,2013,-0.14886928720717887,68,Republican Party,S,Twitter,1,1
M001153,2014Q1,2014,0.12435294111077098,104,Republican Party,S,Twitter,1,1
M001153,2014Q2,2014,-0.07255778734866636,71,Republican Party,S,Twitter,1,1
M001153,2014Q4,2014,0.34020848889186217,62,Republican Party,S,Twitter,1,1
M001153,2015Q1,2015,0.15859031509001717,188,Republican Party,S,Twitter,0,1
M001153,2015Q2,2015,0.3483366562894503,212,Republican Party,S,Twitter,0,1
M001153,2015Q4,2015,0.02101867456590728,159,Republican Party,S,Twitter,0,1
M001153,2016Q1,2016,0.227710216729954,160,Republican Party,S,Twitter,0,1
M001153,2016Q2,2016,0.4131620457587313,138,Republican Party,S,Twitter,0,1
M001153,2016Q3,2016,0.4308290328879824,97,Republican Party,S,Twitter,0,1
M001153,2017Q1,2017,0.5552834977203522,122,Republican Party,S,Twitter,0,0
M001153,2017Q4,2017,0.6724391870115995,176,Republican Party,S,Twitter,0,0
M001153,2018Q4,2018,0.949901325874752,327,Republican Party,S,Twitter,0,0
M001153,2019Q1,2019,0.8541784726486693,472,Republican Party,S,Twitter,0,0
M001153,2020Q2,2020,0.8872156288554862,484,Republican Party,S,Twitter,0,0
M001153,2021Q4,2021,0.6722090617121038,281,Republican Party,S,Twitter,0,1
M001156,2016Q3,2016,0.17238118487291404,131,Republican Party,H,Twitter,0,1
M001156,2019Q2,2019,0.15894471358239415,72,Republican Party,H,Twitter,1,0
M001156,2019Q3,2019,0.17775536877606782,55,Republican Party,H,Twitter,1,0
M001156,2019Q4,2019,-0.13829172769758755,87,Republican Party,H,Twitter,1,0
M001156,2020Q1,2020,-0.00452493878099702,87,Republican Party,H,Twitter,1,0
M001156,2020Q2,2020,-0.049818268384580894,94,Republican Party,H,Twitter,1,0
M001156,2021Q2,2021,-0.2871273098934705,51,Republican Party,H,Twitter,1,1
M001156,2022Q2,2022,-0.38014610510202756,68,Republican Party,H,Twitter,1,1
M001157,2014Q3,2014,-0.015089777759027968,44,Republican Party,H,Twitter,0,1
M001157,2015Q2,2015,-0.3396870576679285,62,Republican Party,H,Twitter,0,1
M001157,2018Q3,2018,0.25004015082177417,70,Republican Party,H,Twitter,0,0
M001157,2019Q1,2019,0.0286130088407158,72,Republican Party,H,Twitter,1,0
M001157,2019Q2,2019,0.02826842763098557,84,Republican Party,H,Twitter,1,0
M001157,2019Q3,2019,0.16863487113039355,94,Republican Party,H,Twitter,1,0
M001157,2019Q4,2019,0.04315958270227214,102,Republican Party,H,Twitter,1,0
M001157,2020Q1,2020,0.07134846585997705,188,Republican Party,H,Twitter,1,0
M001157,2020Q3,2020,0.07502339595061092,107,Republican Party,H,Twitter,1,0
M001157,2020Q4,2020,0.13860389305762869,110,Republican Party,H,Twitter,1,0
M001157,2021Q2,2021,-0.18018174595764996,111,Republican Party,H,Twitter,1,1
M001158,2016Q1,2016,-0.06464705497527029,36,Republican Party,H,Twitter,0,1
M001159,2019Q3,2019,0.22099572144651114,64,Republican Party,H,Twitter,1,0
M001159,2020Q3,2020,-0.18266140685530136,67,Republican Party,H,Twitter,1,0
M001159,2021Q3,2021,-0.5211041677793523,131,Republican Party,H,Twitter,1,1
M001159,2022Q2,2022,-0.26966081443996376,222,Republican Party,H,Twitter,1,1
M001159,2022Q3,2022,-0.6623227836139375,150,Republican Party,H,Twitter,1,1
M001160,2013Q2,2013,-0.19298030722164597,213,Democratic Party,H,Twitter,1,0
M001160,2014Q2,2014,-0.14063755375611,157,Democratic Party,H,Twitter,1,0
M001160,2014Q3,2014,-0.4058071106722055,91,Democratic Party,H,Twitter,1,0
M001160,2014Q4,2014,-0.3084919377268446,139,Democratic Party,H,Twitter,1,0
M001160,2015Q1,2015,-0.446407718090637,136,Democratic Party,H,Twitter,1,0
M001160,2015Q4,2015,-0.33180674096054513,141,Democratic Party,H,Twitter,1,0
M001160,2017Q1,2017,-0.6884001684639819,249,Democratic Party,H,Twitter,1,1
M001160,2017Q3,2017,-0.5682469903129043,140,Democratic Party,H,Twitter,1,1
M001160,2018Q2,2018,-0.6020065141337457,141,Democratic Party,H,Twitter,1,1
M001160,2019Q2,2019,-0.13256924813153273,168,Democratic Party,H,Twitter,0,1
M001163,2016Q3,2016,0.1458953748474931,60,Democratic Party,H,Twitter,1,0
M001165,2014Q3,2014,-0.2185443835080111,196,Republican Party,H,Twitter,0,1
M001165,2014Q4,2014,-0.28800810663386933,106,Republican Party,H,Twitter,0,1
M001165,2015Q1,2015,-0.09181428892966129,277,Republican Party,H,Twitter,0,1
M001165,2015Q2,2015,-0.09778970287326075,395,Republican Party,H,Twitter,0,1
M001165,2015Q3,2015,-0.2698716609292595,317,Republican Party,H,Twitter,0,1
M001165,2015Q4,2015,-0.0054280011655822285,261,Republican Party,H,Twitter,0,1
M001165,2016Q1,2016,-0.28512684527964943,178,Republican Party,H,Twitter,0,1
M001165,2016Q2,2016,-0.05267378433467199,124,Republican Party,H,Twitter,0,1
M001165,2016Q3,2016,-0.303389769639086,77,Republican Party,H,Twitter,0,1
M001165,2017Q1,2017,-0.05266147085180025,152,Republican Party,H,Twitter,0,0
M001165,2017Q2,2017,0.12988272509656398,216,Republican Party,H,Twitter,0,0
M001165,2017Q3,2017,0.0030125963922987774,154,Republican Party,H,Twitter,0,0
M001165,2017Q4,2017,-0.15180802966859125,132,Republican Party,H,Twitter,0,0
M001165,2018Q1,2018,-0.3525007347679115,95,Republican Party,H,Twitter,0,0
M001165,2018Q2,2018,-0.21533162045792198,138,Republican Party,H,Twitter,0,0
M001165,2018Q3,2018,-0.414159139164003,75,Republican Party,H,Twitter,0,0
M001165,2018Q4,2018,-0.4222031317991503,59,Republican Party,H,Twitter,0,0
M001165,2019Q2,2019,-0.3323183587387491,232,Republican Party,H,Twitter,1,0
M001165,2020Q1,2020,-0.6092895192548404,363,Republican Party,H,Twitter,1,0
M001165,2022Q2,2022,-0.7947824476345755,171,Republican Party,H,Twitter,1,1
M001165,2022Q3,2022,-0.7701092151945667,166,Republican Party,H,Twitter,1,1
M001166,2013Q2,2013,0.22657467396793868,37,Democratic Party,H,Twitter,1,0
M001166,2013Q3,2013,0.24719324174978563,58,Democratic Party,H,Twitter,1,0
M001166,2014Q1,2014,0.42943559335821074,57,Democratic Party,H,Twitter,1,0
M001166,2014Q2,2014,0.21673978764103355,49,Democratic Party,H,Twitter,1,0
M001166,2015Q2,2015,0.18619356370297008,31,Democratic Party,H,Twitter,1,0
M001166,2016Q2,2016,0.08688289233107988,64,Democratic Party,H,Twitter,1,0
M001166,2017Q1,2017,0.3172936653088161,74,Democratic Party,H,Twitter,1,1
M001166,2017Q3,2017,-0.1823295163335788,61,Democratic Party,H,Twitter,1,1
M001166,2018Q1,2018,0.3735032124704562,48,Democratic Party,H,Twitter,1,1
M001166,2020Q3,2020,0.22279133147807775,32,Democratic Party,H,Twitter,0,1
M001169,2015Q1,2015,0.5326946078360228,45,Democratic Party,S,Twitter,1,0
M001169,2015Q2,2015,0.5272666569830664,59,Democratic Party,S,Twitter,1,0
M001169,2015Q4,2015,0.5447320959324021,64,Democratic Party,S,Twitter,1,0
M001169,2016Q1,2016,0.8089132111218108,62,Democratic Party,S,Twitter,1,0
M001169,2016Q2,2016,0.8167778256383679,61,Democratic Party,S,Twitter,1,0
M001169,2017Q1,2017,0.1496644419644784,35,Democratic Party,S,Twitter,1,1
M001169,2017Q2,2017,0.5021311025724262,37,Democratic Party,S,Twitter,1,1
M001169,2017Q3,2017,0.8315610623046933,29,Democratic Party,S,Twitter,1,1
M001169,2018Q1,2018,0.5834682096106657,37,Democratic Party,S,Twitter,1,1
M001170,2013Q2,2013,0.6525759302082075,136,Democratic Party,S,Twitter,0,0
M001176,2013Q1,2013,-0.5282642522905078,97,Democratic Party,S,Twitter,0,0
M001176,2013Q2,2013,-0.2294851975284943,94,Democratic Party,S,Twitter,0,0
M001176,2013Q3,2013,-0.3775357962530894,66,Democratic Party,S,Twitter,0,0
M001176,2013Q4,2013,-0.3072583664224382,85,Democratic Party,S,Twitter,0,0
M001176,2014Q1,2014,-0.3686354082543145,80,Democratic Party,S,Twitter,0,0
M001176,2015Q1,2015,-0.6020135618150575,62,Democratic Party,S,Twitter,1,0
M001176,2015Q2,2015,-0.21567744201923775,147,Democratic Party,S,Twitter,1,0
M001176,2015Q3,2015,-0.1285186814290401,232,Democratic Party,S,Twitter,1,0
M001176,2015Q4,2015,-0.08488648099117904,184,Democratic Party,S,Twitter,1,0
M001176,2016Q1,2016,0.12131051786519696,340,Democratic Party,S,Twitter,1,0
M001176,2016Q2,2016,-0.1258760189218505,327,Democratic Party,S,Twitter,1,0
M001176,2017Q1,2017,-0.5907874859264401,535,Democratic Party,S,Twitter,1,1
M001176,2017Q2,2017,-0.4158388347053802,755,Democratic Party,S,Twitter,1,1
M001176,2017Q3,2017,-0.30469331961569046,623,Democratic Party,S,Twitter,1,1
M001176,2017Q4,2017,-0.6148984677669672,567,Democratic Party,S,Twitter,1,1
M001176,2018Q1,2018,-0.33241413499840816,384,Democratic Party,S,Twitter,1,1
M001176,2018Q2,2018,-0.3509376221984275,303,Democratic Party,S,Twitter,1,1
M001176,2018Q4,2018,-0.8186613290501122,362,Democratic Party,S,Twitter,1,1
M001176,2019Q1,2019,-0.6337061217741359,375,Democratic Party,S,Twitter,1,1
M001176,2020Q3,2020,-0.6327690242573496,297,Democratic Party,S,Twitter,1,1
M001176,2020Q4,2020,-0.5104281094868425,418,Democratic Party,S,Twitter,1,1
M001176,2022Q1,2022,-0.06370259517274027,414,Democratic Party,S,Twitter,1,0
M001177,2015Q2,2015,0.23886029666782527,14,Republican Party,H,Twitter,0,1
M001177,2017Q3,2017,-0.40183833967957616,21,Republican Party,H,Twitter,0,0
M001177,2017Q4,2017,0.04067468050478481,14,Republican Party,H,Twitter,0,0
M001177,2019Q4,2019,-0.1255527571125284,26,Republican Party,H,Twitter,1,0
M001177,2020Q1,2020,0.4660395796319554,30,Republican Party,H,Twitter,1,0
M001177,2020Q4,2020,0.06029780023866855,42,Republican Party,H,Twitter,1,0
M001177,2021Q1,2021,-0.5094241436917185,56,Republican Party,H,Twitter,1,1
M001177,2022Q4,2022,-0.7949232328245379,11,Republican Party,H,Twitter,1,1
M001180,2014Q2,2014,0.4583700295728605,142,Republican Party,H,Twitter,0,1
M001180,2015Q3,2015,-0.018281009616586314,191,Republican Party,H,Twitter,0,1
M001180,2018Q2,2018,0.6694747375110579,229,Republican Party,H,Twitter,0,0
M001183,2013Q1,2013,0.021811448479429948,123,Democratic Party,S,Twitter,0,0
M001183,2013Q2,2013,0.2086349469707915,347,Democratic Party,S,Twitter,0,0
M001183,2013Q3,2013,0.09798296581233744,137,Democratic Party,S,Twitter,0,0
M001183,2014Q2,2014,0.04155244431987768,177,Democratic Party,S,Twitter,0,0
M001183,2014Q4,2014,-0.029176760142238876,137,Democratic Party,S,Twitter,0,0
M001183,2015Q1,2015,0.21756745441384787,168,Democratic Party,S,Twitter,1,0
M001183,2015Q2,2015,0.19930902252269422,263,Democratic Party,S,Twitter,1,0
M001183,2015Q4,2015,0.3584001391209962,238,Democratic Party,S,Twitter,1,0
M001183,2016Q1,2016,0.5988573476729503,248,Democratic Party,S,Twitter,1,0
M001183,2016Q2,2016,0.5124908931596709,207,Democratic Party,S,Twitter,1,0
M001183,2016Q3,2016,0.7655912803013037,145,Democratic Party,S,Twitter,1,0
M001183,2017Q1,2017,0.11948221202124931,125,Democratic Party,S,Twitter,1,1
M001183,2017Q2,2017,0.2504506101659677,126,Democratic Party,S,Twitter,1,1
M001183,2018Q2,2018,0.19037320656163825,155,Democratic Party,S,Twitter,1,1
M001183,2019Q1,2019,0.3588561124165157,169,Democratic Party,S,Twitter,1,1
M001183,2019Q2,2019,0.19682533067820354,351,Democratic Party,S,Twitter,1,1
M001183,2019Q4,2019,0.230213850543262,381,Democratic Party,S,Twitter,1,1
M001183,2020Q1,2020,0.4863857011630784,336,Democratic Party,S,Twitter,1,1
M001183,2020Q2,2020,0.49130662804952263,482,Democratic Party,S,Twitter,1,1
M001183,2021Q1,2021,-0.00447267547531351,70,Democratic Party,S,Twitter,1,0
M001183,2021Q3,2021,0.5558364146329758,152,Democratic Party,S,Twitter,1,0
M001184,2015Q2,2015,-0.42933215283013293,45,Republican Party,H,Twitter,0,1
M001185,2016Q2,2016,-0.09530395325145304,258,Democratic Party,H,Twitter,1,0
M001187,2013Q3,2013,0.12450376816640908,120,Republican Party,H,Twitter,0,1
M001187,2014Q2,2014,-0.2096020672832752,209,Republican Party,H,Twitter,0,1
M001187,2019Q1,2019,-0.7464062828514961,109,Republican Party,H,Twitter,1,0
M001187,2020Q1,2020,-0.8432444191521203,244,Republican Party,H,Twitter,1,0
M001195,2015Q2,2015,0.3047614103256844,60,Republican Party,H,Twitter,0,1
M001195,2016Q3,2016,0.4089099979529898,65,Republican Party,H,Twitter,0,1
M001197,2015Q1,2015,0.5149209745451063,147,Republican Party,H,Twitter,0,1
M001197,2015Q2,2015,0.5188803012527673,158,Republican Party,H,Twitter,0,1
M001197,2015Q4,2015,0.3918577074318587,147,Republican Party,H,Twitter,0,1
M001197,2016Q2,2016,0.7288707873681408,164,Republican Party,H,Twitter,0,1
M001197,2017Q1,2017,0.7412632731322654,117,Republican Party,H,Twitter,0,0
M001197,2017Q2,2017,0.4543159757355403,198,Republican Party,H,Twitter,0,0
M001199,2017Q1,2017,0.4946307538984738,121,Republican Party,H,Twitter,0,0
M001199,2021Q2,2021,-0.4741482862913917,387,Republican Party,H,Twitter,1,1
M001200,2017Q1,2017,-0.3066307259897489,263,Democratic Party,H,Twitter,1,1
M001200,2017Q4,2017,-0.19624047058306046,176,Democratic Party,H,Twitter,1,1
M001201,2017Q1,2017,0.24509371608540068,65,Republican Party,H,Twitter,0,0
M001201,2017Q3,2017,0.1815944721077941,107,Republican Party,H,Twitter,0,0
M001201,2017Q4,2017,0.1839545782520055,67,Republican Party,H,Twitter,0,0
M001201,2018Q1,2018,0.4953785117730689,74,Republican Party,H,Twitter,0,0
M001201,2018Q2,2018,0.5678709463516134,101,Republican Party,H,Twitter,0,0
M001201,2019Q1,2019,0.2524551867091887,186,Republican Party,H,Twitter,1,0
M001203,2019Q2,2019,0.33396565522745547,100,Democratic Party,H,Twitter,0,1
M001203,2022Q2,2022,0.5567572927158806,227,Democratic Party,H,Twitter,0,0
M001204,2021Q4,2021,-0.7086927149357966,214,Republican Party,H,Twitter,1,1
M001204,2022Q1,2022,-0.33795974053863365,188,Republican Party,H,Twitter,1,1
M001204,2022Q2,2022,-0.3172504156590546,62,Republican Party,H,Twitter,1,1
M001206,2019Q2,2019,0.038373251114583846,259,Democratic Party,H,Twitter,0,1
M001206,2019Q4,2019,0.054055718785886935,267,Democratic Party,H,Twitter,0,1
M001206,2022Q2,2022,0.14509916359631664,306,Democratic Party,H,Twitter,0,0
M001206,2022Q3,2022,0.21296390601481918,303,Democratic Party,H,Twitter,0,0
M001208,2020Q3,2020,0.43640663324211854,140,Democratic Party,H,Twitter,0,1
M001208,2021Q1,2021,0.13206966854441682,158,Democratic Party,H,Twitter,0,0
M001211,2021Q4,2021,-1.054096312141213,161,Republican Party,H,Twitter,1,1
M001214,2021Q2,2021,0.5933746925261927,44,Democratic Party,H,Twitter,0,0
M001214,2022Q1,2022,0.7311532848718674,53,Democratic Party,H,Twitter,0,0
M001215,2021Q2,2021,0.3918129014143701,412,Republican Party,H,Twitter,1,1
M001215,2021Q3,2021,0.14263960182511928,378,Republican Party,H,Twitter,1,1
M001215,2021Q4,2021,0.1562199542780603,372,Republican Party,H,Twitter,1,1
M001215,2022Q1,2022,0.057668004173108064,302,Republican Party,H,Twitter,1,1
M001215,2022Q2,2022,0.20926234315792816,278,Republican Party,H,Twitter,1,1
M001215,2022Q3,2022,0.42809838050348836,171,Republican Party,H,Twitter,1,1
N000002,2013Q1,2013,-0.4170212228589816,101,Democratic Party,H,Twitter,1,0
N000002,2013Q3,2013,-0.31778726150362957,61,Democratic Party,H,Twitter,1,0
N000002,2014Q2,2014,-0.21739860465203167,85,Democratic Party,H,Twitter,1,0
N000002,2015Q2,2015,-0.4474947173209651,93,Democratic Party,H,Twitter,1,0
N000002,2016Q2,2016,-0.11605463596676632,107,Democratic Party,H,Twitter,1,0
N000002,2017Q1,2017,0.18757436591539647,629,Democratic Party,H,Twitter,1,1
N000002,2017Q2,2017,-0.18036567361183234,237,Democratic Party,H,Twitter,1,1
N000002,2017Q3,2017,-0.5677317769664503,206,Democratic Party,H,Twitter,1,1
N000002,2017Q4,2017,-0.21614207671181304,147,Democratic Party,H,Twitter,1,1
N000002,2018Q2,2018,-0.18921800639467,171,Democratic Party,H,Twitter,1,1
N000002,2018Q3,2018,-0.3988574947029488,116,Democratic Party,H,Twitter,1,1
N000002,2019Q1,2019,0.2536068864920464,187,Democratic Party,H,Twitter,0,1
N000002,2019Q2,2019,0.1993594362005969,161,Democratic Party,H,Twitter,0,1
N000002,2019Q3,2019,0.06955539838234089,107,Democratic Party,H,Twitter,0,1
N000002,2019Q4,2019,-0.25718833811197683,110,Democratic Party,H,Twitter,0,1
N000002,2020Q2,2020,-0.03412181633302987,309,Democratic Party,H,Twitter,0,1
N000002,2021Q1,2021,-0.20866533386750086,159,Democratic Party,H,Twitter,0,0
N000002,2021Q2,2021,-0.19548233401508125,123,Democratic Party,H,Twitter,0,0
N000002,2021Q4,2021,0.22131102273533163,150,Democratic Party,H,Twitter,0,0
N000002,2022Q1,2022,0.38192627734492723,231,Democratic Party,H,Twitter,0,0
N000002,2022Q2,2022,-0.022904710570631776,170,Democratic Party,H,Twitter,0,0
N000002,2022Q3,2022,0.141884968386749,177,Democratic Party,H,Twitter,0,0
N000002,2022Q4,2022,-0.09241639586657097,127,Democratic Party,H,Twitter,0,0
N000015,2017Q1,2017,0.0805010376658606,56,Democratic Party,H,Twitter,1,1
N000015,2017Q2,2017,0.2986917927850263,58,Democratic Party,H,Twitter,1,1
N000015,2017Q3,2017,0.10752472889497351,65,Democratic Party,H,Twitter,1,1
N000015,2017Q4,2017,-0.28870317538000867,68,Democratic Party,H,Twitter,1,1
N000015,2018Q3,2018,0.16465369870038776,65,Democratic Party,H,Twitter,1,1
N000015,2019Q2,2019,0.6582539044632785,70,Democratic Party,H,Twitter,0,1
N000015,2019Q4,2019,0.49089537078380935,99,Democratic Party,H,Twitter,0,1
N000015,2020Q2,2020,0.44222608799164603,122,Democratic Party,H,Twitter,0,1
N000015,2021Q1,2021,0.22931674793517495,111,Democratic Party,H,Twitter,0,0
N000015,2021Q3,2021,0.49541859454203774,104,Democratic Party,H,Twitter,0,0
N000015,2021Q4,2021,0.4658530383920786,76,Democratic Party,H,Twitter,0,0
N000015,2022Q1,2022,0.6133845517950189,76,Democratic Party,H,Twitter,0,0
N000015,2022Q3,2022,0.32395057754962775,62,Democratic Party,H,Twitter,0,0
N000026,2021Q2,2021,-0.6726497684523237,38,Republican Party,H,Twitter,1,1
N000032,2014Q1,2014,0.20022296433967127,21,Democratic Party,S,Twitter,0,0
N000032,2014Q2,2014,-0.2826533303569839,13,Democratic Party,S,Twitter,0,0
N000032,2014Q4,2014,0.3530309993031678,11,Democratic Party,S,Twitter,0,0
N000032,2017Q1,2017,-0.5499005261766183,10,Democratic Party,S,Twitter,1,1
N000032,2017Q2,2017,-0.3855442112989017,14,Democratic Party,S,Twitter,1,1
N000032,2017Q3,2017,0.603851099301332,50,Democratic Party,S,Twitter,1,1
N000032,2017Q4,2017,0.07308951702887463,108,Democratic Party,S,Twitter,1,1
N000032,2018Q1,2018,0.13707826473710139,233,Democratic Party,S,Twitter,1,1
N000032,2018Q2,2018,0.25718663921469226,238,Democratic Party,S,Twitter,1,1
N000032,2018Q3,2018,0.14527099744654523,147,Democratic Party,S,Twitter,1,1
N000032,2018Q4,2018,0.6317686498100675,77,Democratic Party,S,Twitter,1,1
N000147,2013Q1,2013,-0.0689073313193337,36,Democratic Party,H,Twitter,1,0
N000147,2013Q2,2013,0.027321975359226106,70,Democratic Party,H,Twitter,1,0
N000147,2013Q3,2013,-0.011669149209025363,60,Democratic Party,H,Twitter,1,0
N000147,2014Q2,2014,0.30888796634028726,117,Democratic Party,H,Twitter,1,0
N000147,2014Q3,2014,0.005925975922035499,118,Democratic Party,H,Twitter,1,0
N000147,2014Q4,2014,0.16168208573301096,128,Democratic Party,H,Twitter,1,0
N000147,2015Q1,2015,0.1303774652036411,153,Democratic Party,H,Twitter,1,0
N000147,2015Q2,2015,-0.19617252527644696,178,Democratic Party,H,Twitter,1,0
N000147,2015Q3,2015,-0.3311943118667317,114,Democratic Party,H,Twitter,1,0
N000147,2015Q4,2015,0.0653692229170575,100,Democratic Party,H,Twitter,1,0
N000147,2016Q2,2016,0.021336354762269125,152,Democratic Party,H,Twitter,1,0
N000147,2016Q3,2016,0.1869042285109202,112,Democratic Party,H,Twitter,1,0
N000147,2017Q2,2017,-0.04340858346502425,147,Democratic Party,H,Twitter,1,1
N000147,2017Q3,2017,-0.2539195705060272,182,Democratic Party,H,Twitter,1,1
N000147,2017Q4,2017,-0.11478291665674609,200,Democratic Party,H,Twitter,1,1
N000147,2018Q3,2018,-0.24704633140864635,168,Democratic Party,H,Twitter,1,1
N000147,2019Q1,2019,0.09668668867388773,161,Democratic Party,H,Twitter,0,1
N000147,2019Q4,2019,0.1438982068902247,165,Democratic Party,H,Twitter,0,1
N000147,2020Q4,2020,0.5230688202340195,168,Democratic Party,H,Twitter,0,1
N000147,2021Q2,2021,0.5713950826920431,347,Democratic Party,H,Twitter,0,0
N000147,2022Q3,2022,0.6399393793738676,134,Democratic Party,H,Twitter,0,0
N000179,2013Q1,2013,-0.26511928674394847,20,Democratic Party,H,Twitter,1,0
N000179,2013Q2,2013,-0.42189439425654846,29,Democratic Party,H,Twitter,1,0
N000179,2014Q1,2014,-0.040682152987842314,18,Democratic Party,H,Twitter,1,0
N000179,2015Q2,2015,-0.2203701636941455,19,Democratic Party,H,Twitter,1,0
N000179,2015Q4,2015,0.24303360827851334,19,Democratic Party,H,Twitter,1,0
N000179,2016Q2,2016,-0.16240752886808593,48,Democratic Party,H,Twitter,1,0
N000179,2019Q2,2019,-0.008632534775458632,91,Democratic Party,H,Twitter,0,1
N000179,2020Q1,2020,0.5902493538322409,113,Democratic Party,H,Twitter,0,1
N000181,2015Q2,2015,0.18259735531224436,10,Republican Party,H,Twitter,0,1
N000189,2015Q2,2015,0.3759584086368591,70,Republican Party,H,Twitter,0,1
N000189,2015Q3,2015,0.17517804429827147,66,Republican Party,H,Twitter,0,1
N000189,2015Q4,2015,0.5211416053809026,71,Republican Party,H,Twitter,0,1
N000189,2016Q1,2016,0.5418222225003256,61,Republican Party,H,Twitter,0,1
N000189,2016Q3,2016,0.48070710819073315,30,Republican Party,H,Twitter,0,1
N000189,2017Q1,2017,0.278648690377136,41,Republican Party,H,Twitter,0,0
N000189,2017Q3,2017,0.14859543570780537,21,Republican Party,H,Twitter,0,0
N000189,2017Q4,2017,0.27610738914814775,56,Republican Party,H,Twitter,0,0
N000189,2018Q2,2018,0.48275753949060246,38,Republican Party,H,Twitter,0,0
N000189,2018Q3,2018,0.48870289019036406,39,Republican Party,H,Twitter,0,0
N000189,2018Q4,2018,0.26279543097738994,23,Republican Party,H,Twitter,0,0
N000189,2019Q1,2019,0.16171248794954293,35,Republican Party,H,Twitter,1,0
N000189,2019Q4,2019,0.6034329886929183,134,Republican Party,H,Twitter,1,0
N000189,2020Q1,2020,0.764430281285794,200,Republican Party,H,Twitter,1,0
N000189,2020Q3,2020,0.5492508769196315,320,Republican Party,H,Twitter,1,0
N000189,2021Q1,2021,0.327613712103255,182,Republican Party,H,Twitter,1,1
N000189,2021Q2,2021,0.06167595033733976,238,Republican Party,H,Twitter,1,1
N000189,2022Q1,2022,0.17326254947747388,192,Republican Party,H,Twitter,1,1
N000190,2017Q4,2017,0.005886135682543584,95,Republican Party,H,Twitter,0,0
N000190,2018Q2,2018,-0.009465242603674023,151,Republican Party,H,Twitter,0,0
N000190,2019Q1,2019,-0.1642156926642349,126,Republican Party,H,Twitter,1,0
N000190,2019Q2,2019,-0.22910198562396716,80,Republican Party,H,Twitter,1,0
N000191,2019Q2,2019,0.4609367520281355,286,Democratic Party,H,Twitter,0,1
N000191,2019Q4,2019,0.38914313456846894,299,Democratic Party,H,Twitter,0,1
N000191,2020Q1,2020,0.42953829118738385,281,Democratic Party,H,Twitter,0,1
N000191,2021Q1,2021,0.05140123148937616,217,Democratic Party,H,Twitter,0,0
N000191,2021Q3,2021,0.3957881973572772,237,Democratic Party,H,Twitter,0,0
N000191,2022Q3,2022,0.44079316973111426,179,Democratic Party,H,Twitter,0,0
O000168,2013Q1,2013,-0.1679224434339468,125,Republican Party,H,Twitter,0,1
O000168,2015Q4,2015,-0.4486861117635284,160,Republican Party,H,Twitter,0,1
O000168,2016Q2,2016,0.019694517103771427,185,Republican Party,H,Twitter,0,1
O000168,2017Q1,2017,-0.11165120127799508,173,Republican Party,H,Twitter,0,0
O000168,2018Q1,2018,0.09533254252234195,203,Republican Party,H,Twitter,0,0
O000168,2018Q2,2018,0.3313831073950167,232,Republican Party,H,Twitter,0,0
O000168,2018Q3,2018,0.32484632866767293,225,Republican Party,H,Twitter,0,0
O000168,2019Q1,2019,0.1961895661164004,309,Republican Party,H,Twitter,1,0
O000168,2020Q1,2020,-0.13936115344254466,486,Republican Party,H,Twitter,1,0
O000171,2017Q4,2017,0.6579289849396672,233,Democratic Party,H,Twitter,1,1
O000172,2020Q3,2020,0.8745822054733657,106,Democratic Party,H,Twitter,0,1
O000172,2021Q3,2021,0.5570913437958734,114,Democratic Party,H,Twitter,0,0
P000034,2013Q1,2013,0.29312113804602613,257,Democratic Party,H,Twitter,1,0
P000034,2014Q1,2014,0.2441575345789998,274,Democratic Party,H,Twitter,1,0
P000034,2015Q1,2015,0.1465298297370062,206,Democratic Party,H,Twitter,1,0
P000034,2015Q2,2015,0.07722407110450111,232,Democratic Party,H,Twitter,1,0
P000034,2015Q3,2015,0.18784683259694965,214,Democratic Party,H,Twitter,1,0
P000034,2015Q4,2015,0.18927126455454532,209,Democratic Party,H,Twitter,1,0
P000034,2016Q1,2016,0.4852071736714279,182,Democratic Party,H,Twitter,1,0
P000034,2016Q2,2016,0.05383037791381747,238,Democratic Party,H,Twitter,1,0
P000034,2016Q3,2016,0.49256561303848034,242,Democratic Party,H,Twitter,1,0
P000034,2017Q1,2017,-0.3532839819897171,467,Democratic Party,H,Twitter,1,1
P000034,2017Q2,2017,-0.30170485501043476,477,Democratic Party,H,Twitter,1,1
P000034,2017Q4,2017,-0.19715728015203984,508,Democratic Party,H,Twitter,1,1
P000034,2018Q1,2018,-0.0400172305013034,593,Democratic Party,H,Twitter,1,1
P000034,2018Q2,2018,0.03158421219881757,478,Democratic Party,H,Twitter,1,1
P000034,2018Q3,2018,-0.04879427762885782,474,Democratic Party,H,Twitter,1,1
P000034,2019Q2,2019,0.22657879609592496,448,Democratic Party,H,Twitter,0,1
P000034,2019Q3,2019,0.16563862630985843,405,Democratic Party,H,Twitter,0,1
P000034,2019Q4,2019,0.10788644610156158,429,Democratic Party,H,Twitter,0,1
P000034,2020Q3,2020,-0.04506153335496621,726,Democratic Party,H,Twitter,0,1
P000034,2020Q4,2020,-0.01479613017374539,625,Democratic Party,H,Twitter,0,1
P000034,2021Q2,2021,0.5094161123248862,501,Democratic Party,H,Twitter,0,0
P000034,2021Q3,2021,0.5723818287124403,451,Democratic Party,H,Twitter,0,0
P000034,2021Q4,2021,0.6046104899507715,425,Democratic Party,H,Twitter,0,0
P000034,2022Q2,2022,0.5075985124342147,430,Democratic Party,H,Twitter,0,0
P000034,2022Q3,2022,0.3849786138941756,439,Democratic Party,H,Twitter,0,0
P000034,2022Q4,2022,0.33021243111037857,397,Democratic Party,H,Twitter,0,0
P000048,2021Q2,2021,-0.5863345934010217,255,Republican Party,H,Twitter,1,1
P000048,2021Q4,2021,-0.6749929530401622,175,Republican Party,H,Twitter,1,1
P000048,2022Q1,2022,-0.47608195844199336,233,Republican Party,H,Twitter,1,1
P000048,2022Q2,2022,-0.48998941177412675,137,Republican Party,H,Twitter,1,1
P000096,2013Q1,2013,-0.04068133091409844,66,Democratic Party,H,Twitter,1,0
P000096,2013Q2,2013,-0.18450327920254816,69,Democratic Party,H,Twitter,1,0
P000096,2014Q1,2014,0.02136217413465765,76,Democratic Party,H,Twitter,1,0
P000096,2014Q3,2014,-0.1600131543337241,42,Democratic Party,H,Twitter,1,0
P000096,2015Q1,2015,-0.049641415199914246,19,Democratic Party,H,Twitter,1,0
P000096,2015Q2,2015,-0.3014403655280597,51,Democratic Party,H,Twitter,1,0
P000096,2016Q1,2016,0.13973621904024602,82,Democratic Party,H,Twitter,1,0
P000096,2016Q2,2016,0.13650507484015714,67,Democratic Party,H,Twitter,1,0
P000096,2017Q1,2017,-0.1895189209250957,216,Democratic Party,H,Twitter,1,1
P000096,2017Q2,2017,-0.09779007521137614,175,Democratic Party,H,Twitter,1,1
P000096,2017Q3,2017,-0.08228691185166971,216,Democratic Party,H,Twitter,1,1
P000096,2017Q4,2017,-0.3845272595594849,204,Democratic Party,H,Twitter,1,1
P000096,2018Q2,2018,-0.4983176008858943,204,Democratic Party,H,Twitter,1,1
P000096,2018Q3,2018,-0.7401980720917777,215,Democratic Party,H,Twitter,1,1
P000197,2013Q1,2013,-0.08491667425827736,102,Democratic Party,H,Twitter,1,0
P000197,2013Q2,2013,-0.10057961544307943,137,Democratic Party,H,Twitter,1,0
P000197,2013Q3,2013,-0.19012314913837902,156,Democratic Party,H,Twitter,1,0
P000197,2013Q4,2013,-0.10754199739391765,196,Democratic Party,H,Twitter,1,0
P000197,2015Q1,2015,-0.40420890232718637,169,Democratic Party,H,Twitter,1,0
P000197,2015Q3,2015,-0.3137772113519377,109,Democratic Party,H,Twitter,1,0
P000197,2015Q4,2015,-0.20975960768910887,109,Democratic Party,H,Twitter,1,0
P000197,2016Q3,2016,-0.2571641682358662,77,Democratic Party,H,Twitter,1,0
P000197,2017Q4,2017,-0.8170631415254402,395,Democratic Party,H,Twitter,1,1
P000197,2018Q1,2018,-0.5866618372233179,325,Democratic Party,H,Twitter,1,1
P000197,2018Q2,2018,-0.4901758703346045,368,Democratic Party,H,Twitter,1,1
P000197,2019Q1,2019,-0.13524986210972043,269,Democratic Party,H,Twitter,0,1
P000197,2019Q2,2019,-0.116773974480221,354,Democratic Party,H,Twitter,0,1
P000197,2019Q4,2019,-0.16485730859424738,300,Democratic Party,H,Twitter,0,1
P000197,2020Q1,2020,-0.018366836369851706,315,Democratic Party,H,Twitter,0,1
P000197,2020Q2,2020,-0.09062588928640843,283,Democratic Party,H,Twitter,0,1
P000197,2021Q1,2021,-0.001242151909229377,217,Democratic Party,H,Twitter,0,0
P000197,2021Q2,2021,0.006556387889488083,330,Democratic Party,H,Twitter,0,0
P000197,2021Q3,2021,0.08976519595274109,304,Democratic Party,H,Twitter,0,0
P000197,2021Q4,2021,0.08945416994324289,294,Democratic Party,H,Twitter,0,0
P000197,2022Q1,2022,0.3606105812432569,390,Democratic Party,H,Twitter,0,0
P000197,2022Q2,2022,0.11433833070885616,499,Democratic Party,H,Twitter,0,0
P000197,2022Q3,2022,0.11962672644506739,490,Democratic Party,H,Twitter,0,0
P000449,2013Q1,2013,0.07833242811046821,154,Republican Party,S,Twitter,1,1
P000449,2013Q2,2013,0.021670849643843304,224,Republican Party,S,Twitter,1,1
P000449,2013Q3,2013,0.004531567348573961,172,Republican Party,S,Twitter,1,1
P000449,2013Q4,2013,-0.05553961820145131,139,Republican Party,S,Twitter,1,1
P000449,2014Q1,2014,0.1927161091118711,169,Republican Party,S,Twitter,1,1
P000449,2014Q2,2014,0.13990161981615454,234,Republican Party,S,Twitter,1,1
P000449,2014Q4,2014,0.11082681547412497,151,Republican Party,S,Twitter,1,1
P000449,2015Q1,2015,-0.04024155438806013,182,Republican Party,S,Twitter,0,1
P000449,2015Q2,2015,0.13818103027301126,185,Republican Party,S,Twitter,0,1
P000449,2015Q3,2015,0.22543398341386486,353,Republican Party,S,Twitter,0,1
P000449,2016Q1,2016,0.20710388218818326,465,Republican Party,S,Twitter,0,1
P000449,2016Q2,2016,0.3178147986347596,626,Republican Party,S,Twitter,0,1
P000449,2016Q3,2016,0.3321658175235367,711,Republican Party,S,Twitter,0,1
P000449,2016Q4,2016,0.3612503882420674,602,Republican Party,S,Twitter,0,1
P000449,2017Q2,2017,0.3108789598992024,771,Republican Party,S,Twitter,0,0
P000449,2017Q3,2017,0.20562477013233668,904,Republican Party,S,Twitter,0,0
P000449,2017Q4,2017,0.1862947839969554,642,Republican Party,S,Twitter,0,0
P000449,2018Q1,2018,0.4109168782613521,755,Republican Party,S,Twitter,0,0
P000449,2018Q2,2018,0.4529791079682422,653,Republican Party,S,Twitter,0,0
P000449,2018Q3,2018,0.41692332201759585,673,Republican Party,S,Twitter,0,0
P000449,2018Q4,2018,0.2820915545952478,518,Republican Party,S,Twitter,0,0
P000449,2019Q1,2019,0.47455343993580457,627,Republican Party,S,Twitter,0,0
P000449,2019Q2,2019,0.5055943441002182,677,Republican Party,S,Twitter,0,0
P000449,2019Q4,2019,0.5156622725789594,753,Republican Party,S,Twitter,0,0
P000449,2020Q1,2020,0.3401984720459552,560,Republican Party,S,Twitter,0,0
P000449,2020Q2,2020,0.47731335243122147,545,Republican Party,S,Twitter,0,0
P000449,2020Q3,2020,0.3099163828809045,501,Republican Party,S,Twitter,0,0
P000449,2020Q4,2020,0.32054167855414367,535,Republican Party,S,Twitter,0,0
P000449,2021Q1,2021,0.2298265295852349,482,Republican Party,S,Twitter,0,1
P000449,2021Q2,2021,0.23823927335564,681,Republican Party,S,Twitter,0,1
P000449,2021Q3,2021,0.2269255309692172,531,Republican Party,S,Twitter,0,1
P000449,2021Q4,2021,0.24728302061466492,494,Republican Party,S,Twitter,0,1
P000449,2022Q1,2022,0.20393990612376495,481,Republican Party,S,Twitter,0,1
P000449,2022Q2,2022,0.3155874144003968,519,Republican Party,S,Twitter,0,1
P000449,2022Q3,2022,0.2732639091474246,543,Republican Party,S,Twitter,0,1
P000523,2013Q2,2013,0.17410937175488633,134,Democratic Party,H,Twitter,1,0
P000523,2015Q2,2015,0.2940960140135508,76,Democratic Party,H,Twitter,1,0
P000523,2017Q3,2017,-0.283540290184237,129,Democratic Party,H,Twitter,1,1
P000523,2019Q1,2019,-0.01914146551015405,169,Democratic Party,H,Twitter,0,1
P000523,2019Q2,2019,0.0034492735723478827,202,Democratic Party,H,Twitter,0,1
P000593,2018Q2,2018,-0.010929870113667672,265,Democratic Party,H,Twitter,1,1
P000593,2020Q3,2020,0.21958334283018602,182,Democratic Party,H,Twitter,0,1
P000595,2015Q1,2015,0.15170380738604317,219,Democratic Party,S,Twitter,1,0
P000595,2016Q1,2016,0.6291593016845808,376,Democratic Party,S,Twitter,1,0
P000595,2016Q2,2016,0.46292096409468275,281,Democratic Party,S,Twitter,1,0
P000595,2016Q3,2016,0.43553200897688243,321,Democratic Party,S,Twitter,1,0
P000595,2017Q1,2017,0.10788929721280713,199,Democratic Party,S,Twitter,1,1
P000595,2017Q2,2017,0.11564512145950043,247,Democratic Party,S,Twitter,1,1
P000595,2017Q3,2017,0.2681429350909786,219,Democratic Party,S,Twitter,1,1
P000595,2017Q4,2017,-0.1157047874399435,150,Democratic Party,S,Twitter,1,1
P000595,2021Q1,2021,0.19124730251513627,308,Democratic Party,S,Twitter,1,0
P000595,2021Q2,2021,0.3938281491806062,239,Democratic Party,S,Twitter,1,0
P000595,2021Q3,2021,0.3075570883926347,229,Democratic Party,S,Twitter,1,0
P000595,2022Q1,2022,0.46274340685148,247,Democratic Party,S,Twitter,1,0
P000597,2015Q3,2015,-0.22204338801481527,74,Democratic Party,H,Twitter,1,0
P000597,2016Q3,2016,0.030972599838891293,48,Democratic Party,H,Twitter,1,0
P000597,2019Q1,2019,0.07040005461717404,248,Democratic Party,H,Twitter,0,1
P000597,2019Q2,2019,0.2414022737186581,164,Democratic Party,H,Twitter,0,1
P000601,2015Q4,2015,-0.03707639976380758,47,Republican Party,H,Twitter,0,1
P000601,2020Q4,2020,0.22398990431563587,146,Republican Party,H,Twitter,1,0
P000601,2022Q2,2022,-0.6322739088699961,114,Republican Party,H,Twitter,1,1
P000603,2013Q1,2013,-0.4305405811932906,167,Republican Party,S,Twitter,1,1
P000603,2015Q2,2015,-0.608997771185086,887,Republican Party,S,Twitter,0,1
P000603,2015Q4,2015,-0.5388345538860793,667,Republican Party,S,Twitter,0,1
P000603,2016Q2,2016,-0.21260589358927487,179,Republican Party,S,Twitter,0,1
P000603,2018Q1,2018,-0.4178965228600703,173,Republican Party,S,Twitter,0,0
P000603,2019Q4,2019,-0.3910145235632702,168,Republican Party,S,Twitter,0,0
P000603,2020Q4,2020,-0.4832721713368858,225,Republican Party,S,Twitter,0,0
P000603,2021Q1,2021,-0.42274025954809774,143,Republican Party,S,Twitter,0,1
P000603,2021Q2,2021,0.22253188860994563,178,Republican Party,S,Twitter,0,1
P000603,2021Q3,2021,-0.16413997885727555,231,Republican Party,S,Twitter,0,1
P000603,2021Q4,2021,-0.28583637725811967,282,Republican Party,S,Twitter,0,1
P000603,2022Q1,2022,-0.5295276055567626,269,Republican Party,S,Twitter,0,1
P000603,2022Q2,2022,-0.31373813623595515,229,Republican Party,S,Twitter,0,1
P000603,2022Q3,2022,0.020827672655125466,285,Republican Party,S,Twitter,0,1
P000603,2022Q4,2022,-0.4469591483678546,337,Republican Party,S,Twitter,0,1
P000604,2013Q2,2013,-0.07590095579055335,150,Democratic Party,H,Twitter,1,0
P000604,2014Q1,2014,-0.03919218709935438,101,Democratic Party,H,Twitter,1,0
P000604,2014Q3,2014,0.03293142846650114,80,Democratic Party,H,Twitter,1,0
P000604,2015Q1,2015,0.32901684513519347,158,Democratic Party,H,Twitter,1,0
P000604,2015Q2,2015,0.3889195198044716,271,Democratic Party,H,Twitter,1,0
P000604,2015Q4,2015,0.2344258119278984,55,Democratic Party,H,Twitter,1,0
P000604,2017Q1,2017,-0.6403381018330762,264,Democratic Party,H,Twitter,1,1
P000604,2017Q2,2017,-0.4815011176227168,261,Democratic Party,H,Twitter,1,1
P000604,2017Q3,2017,-1.0196101843519612,58,Democratic Party,H,Twitter,1,1
P000604,2017Q4,2017,-0.3397129389810398,170,Democratic Party,H,Twitter,1,1
P000604,2018Q1,2018,-0.2380711328942892,165,Democratic Party,H,Twitter,1,1
P000604,2018Q2,2018,-0.32087804884095283,149,Democratic Party,H,Twitter,1,1
P000604,2018Q3,2018,-0.14130306574594978,80,Democratic Party,H,Twitter,1,1
P000604,2019Q1,2019,-0.01770661516664211,182,Democratic Party,H,Twitter,0,1
P000604,2019Q2,2019,0.49031122922583503,160,Democratic Party,H,Twitter,0,1
P000604,2019Q3,2019,-0.2004373629535578,104,Democratic Party,H,Twitter,0,1
P000604,2019Q4,2019,0.20818710141849434,124,Democratic Party,H,Twitter,0,1
P000604,2020Q1,2020,0.4182886227874895,146,Democratic Party,H,Twitter,0,1
P000604,2022Q2,2022,0.3283486990907609,140,Democratic Party,H,Twitter,0,0
P000605,2013Q3,2013,0.26462311847921455,128,Republican Party,H,Twitter,0,1
P000605,2014Q2,2014,0.19096540795218428,205,Republican Party,H,Twitter,0,1
P000605,2015Q2,2015,0.22755661991038748,131,Republican Party,H,Twitter,0,1
P000605,2016Q1,2016,0.45311327851883415,113,Republican Party,H,Twitter,0,1
P000605,2016Q2,2016,0.5133464459767738,116,Republican Party,H,Twitter,0,1
P000605,2016Q3,2016,0.4796102402431999,130,Republican Party,H,Twitter,0,1
P000605,2017Q3,2017,0.537991823172143,13,Republican Party,H,Twitter,0,0
P000605,2019Q1,2019,0.42188906008366284,65,Republican Party,H,Twitter,1,0
P000605,2021Q1,2021,-0.9170715461594312,10,Republican Party,H,Twitter,1,1
P000605,2022Q1,2022,-0.5921735565150094,24,Republican Party,H,Twitter,1,1
P000605,2022Q2,2022,-1.0261547734412089,25,Republican Party,H,Twitter,1,1
P000605,2022Q4,2022,-1.0188991608481641,10,Republican Party,H,Twitter,1,1
P000608,2016Q2,2016,0.3357199268101019,316,Democratic Party,H,Twitter,1,0
P000609,2016Q3,2016,0.12427498052667785,80,Republican Party,H,Twitter,0,1
P000609,2021Q1,2021,-0.2638577039999917,75,Republican Party,H,Twitter,1,1
P000610,2015Q2,2015,-0.06272732947483982,34,Democratic Party,H,Twitter,1,0
P000610,2016Q3,2016,-0.044004059831348745,15,Democratic Party,H,Twitter,1,0
P000610,2017Q1,2017,-0.6763481780719038,14,Democratic Party,H,Twitter,1,1
P000610,2017Q2,2017,-0.4187734908927831,13,Democratic Party,H,Twitter,1,1
P000610,2017Q3,2017,-0.21950636045807292,32,Democratic Party,H,Twitter,1,1
P000610,2017Q4,2017,-0.5942955522217871,23,Democratic Party,H,Twitter,1,1
P000610,2018Q2,2018,-0.3699258993310679,60,Democratic Party,H,Twitter,1,1
P000610,2019Q2,2019,-0.00714749238270519,108,Democratic Party,H,Twitter,0,1
P000610,2019Q3,2019,0.1803918941784199,72,Democratic Party,H,Twitter,0,1
P000610,2019Q4,2019,-0.06838288762650838,107,Democratic Party,H,Twitter,0,1
P000610,2020Q1,2020,-0.22605831415637606,84,Democratic Party,H,Twitter,0,1
P000610,2021Q1,2021,-0.3547276746854593,171,Democratic Party,H,Twitter,0,0
P000610,2021Q3,2021,-0.02161628035988993,149,Democratic Party,H,Twitter,0,0
P000612,2016Q3,2016,0.02505479160331853,129,Republican Party,S,Twitter,0,1
P000613,2017Q1,2017,0.13293043666036156,206,Democratic Party,H,Twitter,1,1
P000613,2017Q3,2017,0.3650568207770832,120,Democratic Party,H,Twitter,1,1
P000613,2018Q2,2018,0.7686518505560685,198,Democratic Party,H,Twitter,1,1
P000613,2020Q3,2020,0.8942956308027066,419,Democratic Party,H,Twitter,0,1
P000614,2021Q4,2021,0.44182085296731766,151,Democratic Party,H,Twitter,0,0
P000615,2019Q2,2019,0.3098766463949588,156,Republican Party,H,Twitter,1,0
P000615,2019Q3,2019,0.32408567080367706,143,Republican Party,H,Twitter,1,0
P000615,2019Q4,2019,-0.31018919483751395,94,Republican Party,H,Twitter,1,0
P000615,2020Q1,2020,-0.007225740863917785,114,Republican Party,H,Twitter,1,0
P000615,2020Q3,2020,-0.5303506911547541,45,Republican Party,H,Twitter,1,0
P000616,2022Q2,2022,-0.5835878515931402,107,Democratic Party,H,Twitter,0,0
P000617,2019Q2,2019,-0.32834912485424245,263,Democratic Party,H,Twitter,0,1
P000618,2019Q2,2019,-0.010477999953480671,226,Democratic Party,H,Twitter,0,1
P000618,2019Q4,2019,0.24110073150990874,199,Democratic Party,H,Twitter,0,1
P000618,2022Q1,2022,0.21339985553200755,154,Democratic Party,H,Twitter,0,0
P000618,2022Q2,2022,0.1151558345031094,176,Democratic Party,H,Twitter,0,0
Q000023,2013Q2,2013,0.15413964383886203,517,Democratic Party,H,Twitter,1,0
Q000023,2014Q1,2014,0.18297580688601642,244,Democratic Party,H,Twitter,1,0
Q000023,2015Q4,2015,0.2147070699581498,288,Democratic Party,H,Twitter,1,0
Q000023,2019Q2,2019,0.25911763628889745,341,Democratic Party,H,Twitter,0,1
R000122,2013Q1,2013,0.5215994437993801,224,Democratic Party,S,Twitter,0,0
R000122,2013Q2,2013,0.5761833432041946,224,Democratic Party,S,Twitter,0,0
R000122,2013Q3,2013,0.2690429541633445,163,Democratic Party,S,Twitter,0,0
R000122,2013Q4,2013,0.3942026638222736,139,Democratic Party,S,Twitter,0,0
R000122,2014Q1,2014,0.3027443621442826,228,Democratic Party,S,Twitter,0,0
R000122,2014Q2,2014,0.48823550698474233,264,Democratic Party,S,Twitter,0,0
R000122,2014Q3,2014,0.43342501730117106,185,Democratic Party,S,Twitter,0,0
R000122,2015Q1,2015,0.3497525661393337,174,Democratic Party,S,Twitter,1,0
R000122,2015Q2,2015,0.3565553943757246,178,Democratic Party,S,Twitter,1,0
R000122,2015Q3,2015,0.4641591150566163,153,Democratic Party,S,Twitter,1,0
R000122,2015Q4,2015,0.4951379084174768,140,Democratic Party,S,Twitter,1,0
R000122,2016Q2,2016,0.4729772389666961,149,Democratic Party,S,Twitter,1,0
R000122,2016Q3,2016,0.6254481799800812,102,Democratic Party,S,Twitter,1,0
R000122,2017Q1,2017,-0.15724933725094198,205,Democratic Party,S,Twitter,1,1
R000122,2017Q2,2017,-0.021134282085493894,210,Democratic Party,S,Twitter,1,1
R000122,2017Q3,2017,-0.14159534434263163,181,Democratic Party,S,Twitter,1,1
R000122,2017Q4,2017,-0.24755252866289773,156,Democratic Party,S,Twitter,1,1
R000122,2018Q1,2018,0.07415509356861462,136,Democratic Party,S,Twitter,1,1
R000122,2018Q2,2018,-0.03813828715225052,128,Democratic Party,S,Twitter,1,1
R000122,2018Q3,2018,-0.2853717149801021,92,Democratic Party,S,Twitter,1,1
R000122,2018Q4,2018,0.12186294842417932,111,Democratic Party,S,Twitter,1,1
R000122,2019Q1,2019,-0.08324173691945509,135,Democratic Party,S,Twitter,1,1
R000122,2019Q2,2019,0.1588976665541132,131,Democratic Party,S,Twitter,1,1
R000122,2019Q4,2019,-0.04228689645235913,106,Democratic Party,S,Twitter,1,1
R000122,2020Q2,2020,-0.1613764833316268,177,Democratic Party,S,Twitter,1,1
R000122,2020Q3,2020,-0.10654859971230152,101,Democratic Party,S,Twitter,1,1
R000122,2020Q4,2020,-0.36795048075141545,103,Democratic Party,S,Twitter,1,1
R000122,2021Q1,2021,0.015349303427739106,97,Democratic Party,S,Twitter,1,0
R000122,2021Q2,2021,0.1637770990550348,67,Democratic Party,S,Twitter,1,0
R000122,2021Q3,2021,0.04204540503146533,47,Democratic Party,S,Twitter,1,0
R000122,2021Q4,2021,0.19511812103964987,68,Democratic Party,S,Twitter,1,0
R000122,2022Q1,2022,0.2455472959510521,87,Democratic Party,S,Twitter,1,0
R000122,2022Q2,2022,0.3544942303619924,99,Democratic Party,S,Twitter,1,0
R000122,2022Q3,2022,0.42806535965054876,128,Democratic Party,S,Twitter,1,0
R000122,2022Q4,2022,0.4865195088813212,192,Democratic Party,S,Twitter,1,0
R000305,2021Q3,2021,0.5556022451191462,335,Democratic Party,H,Twitter,0,0
R000305,2022Q1,2022,0.5625632118082728,239,Democratic Party,H,Twitter,0,0
R000305,2022Q3,2022,0.28855263746361554,167,Democratic Party,H,Twitter,0,0
R000307,2015Q4,2015,-0.2844288593335522,211,Republican Party,S,Twitter,0,1
R000307,2018Q2,2018,0.29173990428168456,107,Republican Party,S,Twitter,0,0
R000395,2013Q1,2013,0.2746871506395242,58,Republican Party,H,Twitter,0,1
R000395,2013Q4,2013,0.410595808703602,56,Republican Party,H,Twitter,0,1
R000395,2014Q2,2014,0.6779360369022694,63,Republican Party,H,Twitter,0,1
R000395,2014Q3,2014,0.5065041395973974,54,Republican Party,H,Twitter,0,1
R000395,2016Q2,2016,0.869853606066301,26,Republican Party,H,Twitter,0,1
R000395,2017Q3,2017,0.6740078584372164,50,Republican Party,H,Twitter,0,0
R000395,2019Q2,2019,0.7086132100084255,31,Republican Party,H,Twitter,1,0
R000486,2015Q1,2015,0.33060032765694547,156,Democratic Party,H,Twitter,1,0
R000486,2017Q3,2017,-0.4103792986374907,283,Democratic Party,H,Twitter,1,1
R000486,2019Q1,2019,0.025445763044575374,238,Democratic Party,H,Twitter,0,1
R000575,2013Q2,2013,0.04834837920453891,127,Republican Party,H,Twitter,0,1
R000575,2014Q2,2014,0.14952008129939878,72,Republican Party,H,Twitter,0,1
R000575,2020Q1,2020,-0.10938481541591519,91,Republican Party,H,Twitter,1,0
R000575,2021Q3,2021,-0.5192955437254786,58,Republican Party,H,Twitter,1,1
R000575,2022Q3,2022,-0.4158824767092916,139,Republican Party,H,Twitter,1,1
R000576,2013Q2,2013,0.20070422236800203,94,Democratic Party,H,Twitter,1,0
R000576,2014Q2,2014,0.12164678003400758,49,Democratic Party,H,Twitter,1,0
R000577,2013Q2,2013,-0.060984600064734065,117,Democratic Party,H,Twitter,1,0
R000577,2013Q4,2013,-0.10679176237181769,94,Democratic Party,H,Twitter,1,0
R000577,2015Q4,2015,-0.24815202769079298,145,Democratic Party,H,Twitter,1,0
R000582,2013Q1,2013,0.009967527793268625,83,Republican Party,H,Twitter,0,1
R000582,2013Q2,2013,0.11546081063137682,94,Republican Party,H,Twitter,0,1
R000582,2013Q4,2013,0.005869818455068543,46,Republican Party,H,Twitter,0,1
R000582,2016Q2,2016,0.38365456805292686,76,Republican Party,H,Twitter,0,1
R000582,2016Q4,2016,0.17347288489952786,51,Republican Party,H,Twitter,0,1
R000582,2017Q1,2017,-0.013829907575820359,73,Republican Party,H,Twitter,0,0
R000582,2017Q2,2017,0.33027328822000984,82,Republican Party,H,Twitter,0,0
R000582,2017Q3,2017,0.16201331615896744,58,Republican Party,H,Twitter,0,0
R000582,2017Q4,2017,0.15011062247949858,72,Republican Party,H,Twitter,0,0
R000582,2018Q2,2018,0.054826044213187056,66,Republican Party,H,Twitter,0,0
R000582,2018Q3,2018,0.417841661296247,51,Republican Party,H,Twitter,0,0
R000582,2019Q1,2019,0.0049678268230268574,68,Republican Party,H,Twitter,1,0
R000582,2019Q3,2019,0.03342488054844069,54,Republican Party,H,Twitter,1,0
R000582,2019Q4,2019,-0.2505911324757317,52,Republican Party,H,Twitter,1,0
R000582,2020Q1,2020,-0.011322244551284845,53,Republican Party,H,Twitter,1,0
R000582,2020Q3,2020,0.3112381638792284,39,Republican Party,H,Twitter,1,0
R000584,2014Q2,2014,0.14624457579076308,53,Republican Party,S,Twitter,1,1
R000584,2019Q1,2019,0.2520947898647777,40,Republican Party,S,Twitter,0,0
R000584,2019Q4,2019,0.4242755853677093,70,Republican Party,S,Twitter,0,0
R000584,2020Q1,2020,0.40579425211934683,74,Republican Party,S,Twitter,0,0
R000584,2022Q1,2022,-0.07305066230414352,95,Republican Party,S,Twitter,0,1
R000595,2013Q1,2013,0.1841809618847841,67,Republican Party,S,Twitter,1,1
R000595,2013Q2,2013,-0.1514756694689621,98,Republican Party,S,Twitter,1,1
R000595,2013Q3,2013,-0.20005447759793912,38,Republican Party,S,Twitter,1,1
R000595,2013Q4,2013,0.17737533321198956,58,Republican Party,S,Twitter,1,1
R000595,2014Q2,2014,0.1777957397110951,62,Republican Party,S,Twitter,1,1
R000595,2014Q3,2014,0.1786812473524371,65,Republican Party,S,Twitter,1,1
R000595,2015Q3,2015,-0.37469043525814144,168,Republican Party,S,Twitter,0,1
R000595,2016Q2,2016,0.12968532663333832,137,Republican Party,S,Twitter,0,1
R000595,2016Q3,2016,0.24926685177160593,188,Republican Party,S,Twitter,0,1
R000595,2017Q1,2017,0.11926482721721453,219,Republican Party,S,Twitter,0,0
R000595,2017Q3,2017,0.257698097296852,252,Republican Party,S,Twitter,0,0
R000595,2017Q4,2017,0.3801498928540723,163,Republican Party,S,Twitter,0,0
R000595,2018Q1,2018,0.2882453823141411,271,Republican Party,S,Twitter,0,0
R000595,2018Q2,2018,0.3862696344252351,627,Republican Party,S,Twitter,0,0
R000595,2018Q3,2018,0.15803854633941405,555,Republican Party,S,Twitter,0,0
R000595,2019Q1,2019,0.13533007111176584,510,Republican Party,S,Twitter,0,0
R000595,2019Q2,2019,0.15232484014837064,570,Republican Party,S,Twitter,0,0
R000595,2019Q4,2019,0.1921511967706914,337,Republican Party,S,Twitter,0,0
R000595,2020Q1,2020,0.31075257368524256,433,Republican Party,S,Twitter,0,0
R000595,2020Q2,2020,0.545251677191993,560,Republican Party,S,Twitter,0,0
R000595,2020Q3,2020,0.4552271418885774,393,Republican Party,S,Twitter,0,0
R000599,2017Q4,2017,0.06935827579018901,67,Democratic Party,H,Twitter,1,1
R000599,2018Q2,2018,0.07386565194480381,44,Democratic Party,H,Twitter,1,1
R000599,2020Q1,2020,0.3921575687737247,268,Democratic Party,H,Twitter,0,1
R000599,2020Q3,2020,0.48914144062525866,305,Democratic Party,H,Twitter,0,1
R000602,2019Q2,2019,-0.007365383409808651,151,Democratic Party,H,Twitter,0,1
R000603,2015Q2,2015,0.31467292723301626,17,Republican Party,H,Twitter,0,1
R000603,2021Q2,2021,-0.1326370123427257,53,Republican Party,H,Twitter,1,1
R000606,2017Q1,2017,-0.4608798666809258,664,Democratic Party,H,Twitter,1,1
R000606,2017Q2,2017,-0.26442518623323363,519,Democratic Party,H,Twitter,1,1
R000606,2017Q3,2017,-0.5789991246479099,430,Democratic Party,H,Twitter,1,1
R000606,2017Q4,2017,-0.16338804678182847,350,Democratic Party,H,Twitter,1,1
R000606,2018Q1,2018,-0.19310113203567436,222,Democratic Party,H,Twitter,1,1
R000606,2018Q2,2018,-0.21925854244816156,229,Democratic Party,H,Twitter,1,1
R000606,2018Q3,2018,-0.325370265147313,116,Democratic Party,H,Twitter,1,1
R000606,2019Q1,2019,0.15297718683050768,192,Democratic Party,H,Twitter,0,1
R000606,2019Q4,2019,0.156166966205971,244,Democratic Party,H,Twitter,0,1
R000606,2021Q1,2021,0.279484224484653,120,Democratic Party,H,Twitter,0,0
R000606,2021Q2,2021,0.6261106703112932,200,Democratic Party,H,Twitter,0,0
R000606,2022Q1,2022,-0.24500320140009818,115,Democratic Party,H,Twitter,0,0
R000606,2022Q2,2022,-0.010392750751889442,122,Democratic Party,H,Twitter,0,0
R000608,2017Q3,2017,0.007201139944630143,336,Democratic Party,H,Twitter,1,1
R000608,2020Q3,2020,0.3790920017050831,405,Democratic Party,S,Twitter,1,1
R000609,2018Q2,2018,0.22979765766706528,58,Republican Party,H,Twitter,0,0
R000609,2019Q1,2019,-0.26733791411389124,116,Republican Party,H,Twitter,1,0
R000609,2021Q4,2021,-0.714768776941216,42,Republican Party,H,Twitter,1,1
R000609,2022Q3,2022,-0.14983456558800712,78,Republican Party,H,Twitter,1,1
R000610,2020Q4,2020,-0.7011528434697197,233,Republican Party,H,Twitter,1,0
R000610,2021Q2,2021,-0.7249250163550423,266,Republican Party,H,Twitter,1,1
R000610,2021Q4,2021,-0.8469929164083081,208,Republican Party,H,Twitter,1,1
R000610,2022Q1,2022,-0.7928583624919682,200,Republican Party,H,Twitter,1,1
R000610,2022Q2,2022,-0.6760705840372689,245,Republican Party,H,Twitter,1,1
R000610,2022Q3,2022,-0.9461894421317861,246,Republican Party,H,Twitter,1,1
R000610,2022Q4,2022,-0.7437962144629237,230,Republican Party,H,Twitter,1,1
R000612,2021Q4,2021,-0.28154760431644194,64,Republican Party,H,Twitter,1,1
R000612,2022Q1,2022,-0.23189686020158184,112,Republican Party,H,Twitter,1,1
R000612,2022Q2,2022,-0.3651150640733556,150,Republican Party,H,Twitter,1,1
R000612,2022Q3,2022,-0.4581067162070788,118,Republican Party,H,Twitter,1,1
R000613,2020Q1,2020,0.3923515139024311,202,Democratic Party,H,Twitter,0,1
R000613,2020Q3,2020,0.21824007843126964,162,Democratic Party,H,Twitter,0,1
R000614,2019Q2,2019,-0.08740848790307397,288,Republican Party,H,Twitter,1,0
R000614,2019Q4,2019,-0.06218196296395652,331,Republican Party,H,Twitter,1,0
R000614,2021Q1,2021,-0.4924834483792091,102,Republican Party,H,Twitter,1,1
R000614,2021Q2,2021,-0.44293450941713575,250,Republican Party,H,Twitter,1,1
R000614,2021Q4,2021,-0.7223880419211783,322,Republican Party,H,Twitter,1,1
R000614,2022Q1,2022,-0.5580538487434235,371,Republican Party,H,Twitter,1,1
R000614,2022Q2,2022,-0.5855712320173279,270,Republican Party,H,Twitter,1,1
R000614,2022Q3,2022,-0.5662353054220997,458,Republican Party,H,Twitter,1,1
R000614,2022Q4,2022,-0.43615409743254,349,Republican Party,H,Twitter,1,1
R000616,2019Q1,2019,0.06481901391036858,200,Democratic Party,H,Twitter,0,1
R000616,2019Q2,2019,0.19486327934263104,165,Democratic Party,H,Twitter,0,1
S000033,2013Q1,2013,-0.024868111455792444,574,Independent,S,Twitter,0,0
S000033,2013Q2,2013,-0.09136965908366473,526,Independent,S,Twitter,0,0
S000033,2013Q3,2013,0.05736445840118261,461,Independent,S,Twitter,0,0
S000033,2013Q4,2013,-0.008639391077995101,492,Independent,S,Twitter,0,0
S000033,2014Q1,2014,-0.050485908710112874,436,Independent,S,Twitter,0,0
S000033,2014Q2,2014,0.03983511864965621,462,Independent,S,Twitter,0,0
S000033,2014Q3,2014,0.12230248932335183,313,Independent,S,Twitter,0,0
S000033,2014Q4,2014,-0.005797352621756767,259,Independent,S,Twitter,0,0
S000033,2015Q1,2015,-0.008174592577382822,302,Independent,S,Twitter,0,0
S000033,2015Q2,2015,0.02586771005963257,267,Independent,S,Twitter,0,0
S000033,2015Q3,2015,-0.48739878771350437,501,Independent,S,Twitter,0,0
S000033,2016Q2,2016,-0.8191248250330674,612,Independent,S,Twitter,0,0
S000033,2017Q1,2017,-0.83493684748997,603,Independent,S,Twitter,0,0
S000033,2017Q2,2017,-0.7129300595119087,334,Independent,S,Twitter,0,0
S000033,2017Q3,2017,-0.618256101284131,287,Independent,S,Twitter,0,0
S000033,2017Q4,2017,-0.510020547255347,353,Independent,S,Twitter,0,0
S000033,2018Q1,2018,-0.37124930349050395,397,Independent,S,Twitter,0,0
S000033,2020Q4,2020,-0.5550114334195817,138,Independent,S,Twitter,0,0
S000033,2021Q1,2021,-0.3013224063944291,172,Independent,S,Twitter,0,0
S000033,2022Q1,2022,-0.42404658057171946,188,Independent,S,Twitter,0,0
S000033,2022Q2,2022,-0.5056442595413773,119,Independent,S,Twitter,0,0
S000033,2022Q3,2022,-0.23557560318656698,120,Independent,S,Twitter,0,0
S000148,2013Q1,2013,-0.07318140893189692,136,Democratic Party,S,Twitter,0,0
S000148,2013Q2,2013,0.2287749410314392,279,Democratic Party,S,Twitter,0,0
S000148,2013Q4,2013,-0.2038181701089953,160,Democratic Party,S,Twitter,0,0
S000148,2014Q1,2014,-0.025361615749158944,380,Democratic Party,S,Twitter,0,0
S000148,2014Q2,2014,-0.03764560554584035,373,Democratic Party,S,Twitter,0,0
S000148,2015Q1,2015,-0.12575342292374234,366,Democratic Party,S,Twitter,1,0
S000148,2015Q2,2015,-0.062461552229827716,444,Democratic Party,S,Twitter,1,0
S000148,2015Q3,2015,-0.1875830584617781,342,Democratic Party,S,Twitter,1,0
S000148,2015Q4,2015,-0.2100482388915361,327,Democratic Party,S,Twitter,1,0
S000148,2016Q2,2016,-0.26588177455228296,447,Democratic Party,S,Twitter,1,0
S000148,2016Q3,2016,-0.12177780716489972,304,Democratic Party,S,Twitter,1,0
S000148,2017Q1,2017,-0.7075421459303812,581,Democratic Party,S,Twitter,1,1
S000148,2017Q2,2017,-0.399421351887663,418,Democratic Party,S,Twitter,1,1
S000148,2017Q3,2017,-0.4964301856528231,380,Democratic Party,S,Twitter,1,1
S000148,2017Q4,2017,-0.48185618838145305,474,Democratic Party,S,Twitter,1,1
S000148,2018Q1,2018,-0.44261189411975255,397,Democratic Party,S,Twitter,1,1
S000148,2018Q2,2018,-0.431769208903446,430,Democratic Party,S,Twitter,1,1
S000148,2018Q3,2018,-0.4099673201202385,414,Democratic Party,S,Twitter,1,1
S000148,2018Q4,2018,-0.41566785992877975,332,Democratic Party,S,Twitter,1,1
S000148,2019Q1,2019,-0.446827377644774,319,Democratic Party,S,Twitter,1,1
S000148,2019Q2,2019,-0.5543727610699575,410,Democratic Party,S,Twitter,1,1
S000148,2019Q3,2019,-0.5253042150797828,509,Democratic Party,S,Twitter,1,1
S000148,2019Q4,2019,-0.5151717763582275,478,Democratic Party,S,Twitter,1,1
S000148,2020Q1,2020,-0.2814353925119672,585,Democratic Party,S,Twitter,1,1
S000148,2020Q2,2020,-0.40190899515740897,632,Democratic Party,S,Twitter,1,1
S000148,2020Q3,2020,-0.5955562390372043,570,Democratic Party,S,Twitter,1,1
S000148,2020Q4,2020,-0.44742319417862764,441,Democratic Party,S,Twitter,1,1
S000148,2021Q1,2021,-0.009764372766294879,507,Democratic Party,S,Twitter,1,0
S000148,2021Q2,2021,0.043841283891794834,494,Democratic Party,S,Twitter,1,0
S000148,2021Q3,2021,0.175699004378618,385,Democratic Party,S,Twitter,1,0
S000148,2021Q4,2021,0.13580508097840377,380,Democratic Party,S,Twitter,1,0
S000148,2022Q1,2022,0.03638646386972663,472,Democratic Party,S,Twitter,1,0
S000148,2022Q2,2022,-0.08590141747597088,242,Democratic Party,S,Twitter,1,0
S000148,2022Q3,2022,0.09727550484783551,249,Democratic Party,S,Twitter,1,0
S000148,2022Q4,2022,-0.010228063096615708,220,Democratic Party,S,Twitter,1,0
S000185,2013Q1,2013,0.42333409259618665,31,Democratic Party,H,Twitter,1,0
S000185,2014Q2,2014,0.1048424001899561,117,Democratic Party,H,Twitter,1,0
S000185,2015Q1,2015,0.31018916020186693,94,Democratic Party,H,Twitter,1,0
S000185,2015Q4,2015,0.45088092842941935,130,Democratic Party,H,Twitter,1,0
S000185,2016Q1,2016,0.5917920072471701,127,Democratic Party,H,Twitter,1,0
S000185,2016Q2,2016,0.34394478295504555,150,Democratic Party,H,Twitter,1,0
S000185,2016Q3,2016,0.4634596802077664,117,Democratic Party,H,Twitter,1,0
S000185,2017Q1,2017,0.24791823422643025,222,Democratic Party,H,Twitter,1,1
S000185,2017Q2,2017,0.10332716820030867,261,Democratic Party,H,Twitter,1,1
S000185,2017Q3,2017,0.25390652852519163,190,Democratic Party,H,Twitter,1,1
S000185,2018Q2,2018,0.17124955727652177,168,Democratic Party,H,Twitter,1,1
S000185,2019Q3,2019,0.3948611469224663,91,Democratic Party,H,Twitter,0,1
S000185,2019Q4,2019,0.5251691571505048,97,Democratic Party,H,Twitter,0,1
S000185,2020Q1,2020,0.7320804639798034,124,Democratic Party,H,Twitter,0,1
S000185,2020Q2,2020,0.39956094377540763,125,Democratic Party,H,Twitter,0,1
S000185,2020Q3,2020,0.2668474202319939,89,Democratic Party,H,Twitter,0,1
S000185,2020Q4,2020,0.1757809743725165,94,Democratic Party,H,Twitter,0,1
S000185,2021Q1,2021,0.3307007236043059,140,Democratic Party,H,Twitter,0,0
S000185,2021Q2,2021,0.40200463976105316,157,Democratic Party,H,Twitter,0,0
S000185,2021Q4,2021,0.4536963944750826,152,Democratic Party,H,Twitter,0,0
S000185,2022Q1,2022,0.5630185366387505,171,Democratic Party,H,Twitter,0,0
S000185,2022Q2,2022,0.5614826731699292,184,Democratic Party,H,Twitter,0,0
S000248,2013Q4,2013,-0.18534603138788208,120,Democratic Party,H,Twitter,1,0
S000248,2014Q3,2014,0.0768618934229302,130,Democratic Party,H,Twitter,1,0
S000248,2016Q3,2016,0.20402178078617322,75,Democratic Party,H,Twitter,1,0
S000248,2017Q3,2017,0.09961934518858044,97,Democratic Party,H,Twitter,1,1
S000248,2019Q2,2019,0.5681521795999959,85,Democratic Party,H,Twitter,0,1
S000250,2013Q1,2013,0.07087456233013559,166,Republican Party,H,Twitter,0,1
S000250,2013Q2,2013,0.1102318938871521,212,Republican Party,H,Twitter,0,1
S000250,2013Q3,2013,0.14561109461790003,153,Republican Party,H,Twitter,0,1
S000250,2013Q4,2013,0.10842705333630277,130,Republican Party,H,Twitter,0,1
S000250,2014Q1,2014,0.10039259857140535,130,Republican Party,H,Twitter,0,1
S000250,2014Q2,2014,0.19296293840035597,165,Republican Party,H,Twitter,0,1
S000250,2014Q3,2014,0.10896321740758164,109,Republican Party,H,Twitter,0,1
S000250,2014Q4,2014,0.25096448826288115,90,Republican Party,H,Twitter,0,1
S000250,2015Q1,2015,0.2850577945137917,128,Republican Party,H,Twitter,0,1
S000250,2015Q2,2015,0.16315824900606968,205,Republican Party,H,Twitter,0,1
S000250,2015Q3,2015,0.0983901489569097,103,Republican Party,H,Twitter,0,1
S000250,2016Q1,2016,0.2425193208648446,118,Republican Party,H,Twitter,0,1
S000250,2016Q2,2016,0.24349408204251013,133,Republican Party,H,Twitter,0,1
S000250,2016Q3,2016,-0.2977572844036921,124,Republican Party,H,Twitter,0,1
S000250,2017Q1,2017,0.06162038735288675,171,Republican Party,H,Twitter,0,0
S000250,2017Q2,2017,0.3074776474854776,105,Republican Party,H,Twitter,0,0
S000250,2017Q4,2017,0.28857097523705094,122,Republican Party,H,Twitter,0,0
S000250,2018Q1,2018,0.15546763771986363,141,Republican Party,H,Twitter,0,0
S000250,2018Q4,2018,0.30181304600897413,56,Republican Party,H,Twitter,0,0
S000320,2013Q1,2013,0.2717487489695133,16,Republican Party,S,Twitter,1,1
S000320,2016Q2,2016,0.40998701482215105,111,Republican Party,S,Twitter,0,1
S000344,2014Q3,2014,0.2945596232728555,34,Democratic Party,H,Twitter,1,0
S000344,2015Q2,2015,-0.1974028877765415,24,Democratic Party,H,Twitter,1,0
S000344,2015Q4,2015,0.4281049701656988,36,Democratic Party,H,Twitter,1,0
S000344,2016Q1,2016,0.941591364588826,37,Democratic Party,H,Twitter,1,0
S000344,2018Q1,2018,-0.179712074641076,96,Democratic Party,H,Twitter,1,1
S000344,2019Q4,2019,0.11904373713518808,82,Democratic Party,H,Twitter,0,1
S000344,2020Q3,2020,0.23163241077748872,105,Democratic Party,H,Twitter,0,1
S000364,2013Q2,2013,-0.5149544625212177,171,Republican Party,H,Twitter,0,1
S000364,2013Q3,2013,-0.6815019942083926,143,Republican Party,H,Twitter,0,1
S000364,2015Q3,2015,-0.7147746294877122,135,Republican Party,H,Twitter,0,1
S000364,2017Q3,2017,-0.6099122426464186,141,Republican Party,H,Twitter,0,0
S000364,2017Q4,2017,-0.24640292912375786,208,Republican Party,H,Twitter,0,0
S000364,2018Q1,2018,0.06983203796348864,194,Republican Party,H,Twitter,0,0
S000510,2013Q2,2013,0.26420211128380133,114,Democratic Party,H,Twitter,1,0
S000510,2014Q2,2014,0.14341818085677846,98,Democratic Party,H,Twitter,1,0
S000510,2014Q3,2014,0.1545316808136926,54,Democratic Party,H,Twitter,1,0
S000510,2015Q2,2015,0.03770554140026726,52,Democratic Party,H,Twitter,1,0
S000510,2015Q4,2015,0.11887678111412456,37,Democratic Party,H,Twitter,1,0
S000510,2016Q2,2016,-0.009745453391958135,29,Democratic Party,H,Twitter,1,0
S000510,2017Q3,2017,-0.016502362782991005,64,Democratic Party,H,Twitter,1,1
S000510,2019Q3,2019,-0.11216306291666411,68,Democratic Party,H,Twitter,0,1
S000770,2013Q1,2013,0.06565174433741891,32,Democratic Party,S,Twitter,0,0
S000770,2013Q2,2013,0.09491180983528115,23,Democratic Party,S,Twitter,0,0
S000770,2013Q3,2013,0.0665548686566876,19,Democratic Party,S,Twitter,0,0
S000770,2013Q4,2013,0.15679460013483368,19,Democratic Party,S,Twitter,0,0
S000770,2014Q1,2014,0.35671668736289136,30,Democratic Party,S,Twitter,0,0
S000770,2014Q2,2014,0.05174253255093176,34,Democratic Party,S,Twitter,0,0
S000770,2014Q4,2014,0.6081842604015811,18,Democratic Party,S,Twitter,0,0
S000770,2015Q1,2015,-0.1930425578225612,53,Democratic Party,S,Twitter,1,0
S000770,2015Q2,2015,-0.2384098354558381,101,Democratic Party,S,Twitter,1,0
S000770,2015Q4,2015,-0.1737243912065525,82,Democratic Party,S,Twitter,1,0
S000770,2016Q1,2016,-0.04858246943450702,79,Democratic Party,S,Twitter,1,0
S000770,2016Q2,2016,-0.25126684597615273,91,Democratic Party,S,Twitter,1,0
S000770,2016Q3,2016,-0.17687790410370285,93,Democratic Party,S,Twitter,1,0
S000770,2017Q1,2017,-0.5674168089051215,130,Democratic Party,S,Twitter,1,1
S000770,2017Q3,2017,-0.2351650366645215,349,Democratic Party,S,Twitter,1,1
S000770,2017Q4,2017,-0.3037862912561369,280,Democratic Party,S,Twitter,1,1
S000770,2018Q2,2018,0.002459161809636827,227,Democratic Party,S,Twitter,1,1
S000770,2018Q4,2018,-0.2702983574278166,103,Democratic Party,S,Twitter,1,1
S000770,2019Q2,2019,-0.1711120799683144,158,Democratic Party,S,Twitter,1,1
S000770,2019Q4,2019,-0.24622400664956332,139,Democratic Party,S,Twitter,1,1
S000770,2020Q3,2020,-0.3247742330292346,117,Democratic Party,S,Twitter,1,1
S000770,2020Q4,2020,-0.15185056348232057,116,Democratic Party,S,Twitter,1,1
S000770,2021Q2,2021,0.10445987474043986,243,Democratic Party,S,Twitter,1,0
S000770,2022Q1,2022,0.007105668340118537,278,Democratic Party,S,Twitter,1,0
S000770,2022Q2,2022,-0.08275551455078847,247,Democratic Party,S,Twitter,1,0
S001135,2021Q2,2021,-0.03090206021661696,207,Republican Party,H,Twitter,1,1
S001145,2013Q2,2013,-0.11961139071528407,161,Democratic Party,H,Twitter,1,0
S001145,2013Q3,2013,-0.2989216540900807,91,Democratic Party,H,Twitter,1,0
S001145,2015Q1,2015,-0.3575103673742895,175,Democratic Party,H,Twitter,1,0
S001145,2015Q4,2015,-0.36802709970204406,91,Democratic Party,H,Twitter,1,0
S001145,2016Q1,2016,-0.12022060182758688,105,Democratic Party,H,Twitter,1,0
S001145,2016Q3,2016,-0.20397898334167924,102,Democratic Party,H,Twitter,1,0
S001145,2016Q4,2016,-0.020399718399703066,92,Democratic Party,H,Twitter,1,0
S001145,2017Q1,2017,-0.6751496511813556,228,Democratic Party,H,Twitter,1,1
S001145,2017Q2,2017,-0.6354632039281078,221,Democratic Party,H,Twitter,1,1
S001145,2017Q3,2017,-0.8830331311624732,165,Democratic Party,H,Twitter,1,1
S001145,2017Q4,2017,-0.7821045301908461,173,Democratic Party,H,Twitter,1,1
S001145,2018Q1,2018,-0.4410148709546413,229,Democratic Party,H,Twitter,1,1
S001145,2019Q4,2019,-0.014512975791272338,250,Democratic Party,H,Twitter,0,1
S001145,2020Q1,2020,-0.17204541791244554,295,Democratic Party,H,Twitter,0,1
S001145,2021Q1,2021,-0.2274985509472216,280,Democratic Party,H,Twitter,0,0
S001145,2021Q2,2021,0.017361500651771958,247,Democratic Party,H,Twitter,0,0
S001145,2022Q3,2022,-0.25816814787099596,245,Democratic Party,H,Twitter,0,0
S001148,2013Q4,2013,0.2543178013769455,22,Republican Party,H,Twitter,0,1
S001148,2014Q3,2014,0.7753746317144842,14,Republican Party,H,Twitter,0,1
S001148,2015Q2,2015,0.483920383243228,13,Republican Party,H,Twitter,0,1
S001148,2016Q2,2016,0.9410585070402356,17,Republican Party,H,Twitter,0,1
S001148,2018Q2,2018,0.2778549456073674,68,Republican Party,H,Twitter,0,0
S001150,2014Q2,2014,0.10671168523275001,135,Democratic Party,H,Twitter,1,0
S001150,2015Q2,2015,-0.19008795232009967,111,Democratic Party,H,Twitter,1,0
S001150,2018Q3,2018,-0.7272825486634537,143,Democratic Party,H,Twitter,1,1
S001150,2019Q3,2019,-0.5259776174311738,144,Democratic Party,H,Twitter,0,1
S001150,2019Q4,2019,0.05740776635590816,161,Democratic Party,H,Twitter,0,1
S001150,2021Q4,2021,-0.35332784671385814,102,Democratic Party,H,Twitter,0,0
S001157,2013Q2,2013,0.5874971953169393,17,Democratic Party,H,Twitter,1,0
S001157,2015Q2,2015,0.004492434086452199,11,Democratic Party,H,Twitter,1,0
S001157,2018Q1,2018,0.5474222284027055,33,Democratic Party,H,Twitter,1,1
S001157,2019Q4,2019,0.4437026131507782,29,Democratic Party,H,Twitter,0,1
S001168,2016Q2,2016,-0.5052656034360048,16,Democratic Party,H,Twitter,1,0
S001168,2019Q1,2019,-0.044439222140677484,114,Democratic Party,H,Twitter,0,1
S001172,2016Q2,2016,0.5518446153674333,94,Republican Party,H,Twitter,0,1
S001172,2017Q1,2017,0.33421988486280885,84,Republican Party,H,Twitter,0,0
S001172,2017Q2,2017,0.7396899881851919,90,Republican Party,H,Twitter,0,0
S001172,2019Q4,2019,0.6223521909288902,89,Republican Party,H,Twitter,1,0
S001175,2013Q2,2013,-0.08249291223673964,144,Democratic Party,H,Twitter,1,0
S001175,2013Q3,2013,0.056433154856660415,141,Democratic Party,H,Twitter,1,0
S001175,2013Q4,2013,-0.23524459603585243,131,Democratic Party,H,Twitter,1,0
S001175,2016Q2,2016,-0.2141744560529666,157,Democratic Party,H,Twitter,1,0
S001175,2016Q3,2016,-0.09017356468608012,182,Democratic Party,H,Twitter,1,0
S001175,2021Q4,2021,-0.2380672729854014,169,Democratic Party,H,Twitter,0,0
S001176,2013Q3,2013,-0.18187394475746743,130,Republican Party,H,Twitter,0,1
S001176,2016Q1,2016,-0.0781526510449676,293,Republican Party,H,Twitter,0,1
S001176,2019Q1,2019,-0.7982794864982452,221,Republican Party,H,Twitter,1,0
S001176,2019Q2,2019,-0.5781386982860183,183,Republican Party,H,Twitter,1,0
S001176,2019Q3,2019,-0.8363745061196122,147,Republican Party,H,Twitter,1,0
S001176,2019Q4,2019,-1.0868992488143936,189,Republican Party,H,Twitter,1,0
S001176,2020Q1,2020,-0.9812977812080563,197,Republican Party,H,Twitter,1,0
S001176,2020Q2,2020,-0.5862741970263294,241,Republican Party,H,Twitter,1,0
S001176,2020Q3,2020,-0.9894461169105627,151,Republican Party,H,Twitter,1,0
S001176,2020Q4,2020,-1.2031595492828162,106,Republican Party,H,Twitter,1,0
S001176,2021Q1,2021,-1.0750407164986953,165,Republican Party,H,Twitter,1,1
S001176,2021Q2,2021,-1.0803502123619433,94,Republican Party,H,Twitter,1,1
S001176,2021Q3,2021,-1.3058435625640195,84,Republican Party,H,Twitter,1,1
S001176,2021Q4,2021,-1.1180056480152791,90,Republican Party,H,Twitter,1,1
S001176,2022Q1,2022,-1.085170459828322,73,Republican Party,H,Twitter,1,1
S001176,2022Q2,2022,-1.2108619659809976,55,Republican Party,H,Twitter,1,1
S001176,2022Q3,2022,-1.1449142230452278,54,Republican Party,H,Twitter,1,1
S001180,2017Q4,2017,0.3308437250934083,40,Democratic Party,H,Twitter,1,1
S001181,2013Q1,2013,0.33257613693690585,229,Democratic Party,S,Twitter,0,0
S001181,2013Q2,2013,0.13307303737800735,241,Democratic Party,S,Twitter,0,0
S001181,2013Q3,2013,0.35214110303809704,117,Democratic Party,S,Twitter,0,0
S001181,2013Q4,2013,0.12002055965743362,112,Democratic Party,S,Twitter,0,0
S001181,2014Q1,2014,0.04445037046395899,119,Democratic Party,S,Twitter,0,0
S001181,2014Q2,2014,0.004162666498255695,162,Democratic Party,S,Twitter,0,0
S001181,2014Q3,2014,0.008006169132012672,99,Democratic Party,S,Twitter,0,0
S001181,2015Q1,2015,-0.09253969120783552,136,Democratic Party,S,Twitter,1,0
S001181,2015Q2,2015,0.019621804516120247,148,Democratic Party,S,Twitter,1,0
S001181,2015Q3,2015,0.18151086729398536,183,Democratic Party,S,Twitter,1,0
S001181,2015Q4,2015,0.3292632509045461,240,Democratic Party,S,Twitter,1,0
S001181,2016Q1,2016,0.33599917162330495,213,Democratic Party,S,Twitter,1,0
S001181,2016Q2,2016,0.10252178651553004,205,Democratic Party,S,Twitter,1,0
S001181,2016Q3,2016,0.21642175269021635,146,Democratic Party,S,Twitter,1,0
S001181,2017Q1,2017,-0.2810540582900246,211,Democratic Party,S,Twitter,1,1
S001181,2017Q3,2017,-0.16612750785420366,219,Democratic Party,S,Twitter,1,1
S001181,2018Q1,2018,0.17344576485000043,210,Democratic Party,S,Twitter,1,1
S001181,2019Q1,2019,0.12923077888413634,307,Democratic Party,S,Twitter,1,1
S001181,2019Q4,2019,0.3725343433186405,380,Democratic Party,S,Twitter,1,1
S001181,2021Q4,2021,0.4443777310993135,586,Democratic Party,S,Twitter,1,0
S001181,2022Q1,2022,0.4471392373605625,520,Democratic Party,S,Twitter,1,0
S001183,2016Q1,2016,-0.6992594929027431,11,Republican Party,H,Twitter,0,1
S001183,2018Q2,2018,0.7922946450777197,11,Republican Party,H,Twitter,0,0
S001183,2019Q1,2019,0.4167246064981865,93,Republican Party,H,Twitter,1,0
S001183,2019Q2,2019,0.40893530919300963,105,Republican Party,H,Twitter,1,0
S001183,2020Q1,2020,0.6837782364053556,141,Republican Party,H,Twitter,1,0
S001183,2021Q1,2021,0.3976206674040212,171,Republican Party,H,Twitter,1,1
S001183,2021Q2,2021,0.2847560065315028,164,Republican Party,H,Twitter,1,1
S001183,2021Q3,2021,-0.0877152078440299,121,Republican Party,H,Twitter,1,1
S001183,2021Q4,2021,-0.46780653074857814,77,Republican Party,H,Twitter,1,1
S001183,2022Q1,2022,-0.2958957680981432,94,Republican Party,H,Twitter,1,1
S001184,2017Q4,2017,-0.13987979347361862,161,Republican Party,S,Twitter,0,0
S001185,2013Q2,2013,-0.11965115052993888,38,Democratic Party,H,Twitter,1,0
S001185,2015Q1,2015,-0.3693009460616917,88,Democratic Party,H,Twitter,1,0
S001185,2015Q2,2015,0.013359783551719432,108,Democratic Party,H,Twitter,1,0
S001185,2015Q4,2015,-0.23107604997831524,109,Democratic Party,H,Twitter,1,0
S001185,2016Q1,2016,-0.3261221353527845,118,Democratic Party,H,Twitter,1,0
S001185,2019Q4,2019,-0.01584338499864197,143,Democratic Party,H,Twitter,0,1
S001187,2015Q2,2015,0.1707450274236288,74,Republican Party,H,Twitter,0,1
S001187,2015Q4,2015,0.3147281307245398,67,Republican Party,H,Twitter,0,1
S001187,2016Q1,2016,0.36618010082788627,86,Republican Party,H,Twitter,0,1
S001187,2016Q2,2016,0.43358311627385615,93,Republican Party,H,Twitter,0,1
S001187,2019Q2,2019,0.5638496643089908,65,Republican Party,H,Twitter,1,0
S001189,2015Q2,2015,-0.15936101810984948,70,Republican Party,H,Twitter,0,1
S001190,2013Q2,2013,0.4022849979836561,73,Democratic Party,H,Twitter,1,0
S001190,2013Q4,2013,0.21192845278047195,61,Democratic Party,H,Twitter,1,0
S001190,2017Q1,2017,0.17292580323011678,235,Democratic Party,H,Twitter,1,1
S001190,2017Q2,2017,0.23609854426178914,347,Democratic Party,H,Twitter,1,1
S001190,2017Q3,2017,0.3101173235853396,355,Democratic Party,H,Twitter,1,1
S001190,2017Q4,2017,0.4582825246780136,227,Democratic Party,H,Twitter,1,1
S001190,2018Q1,2018,0.607628253789324,261,Democratic Party,H,Twitter,1,1
S001190,2018Q2,2018,0.5761972061741303,254,Democratic Party,H,Twitter,1,1
S001190,2019Q1,2019,0.12636248162144742,156,Democratic Party,H,Twitter,0,1
S001190,2019Q2,2019,0.3569816073223906,170,Democratic Party,H,Twitter,0,1
S001190,2019Q4,2019,0.1771618262792626,122,Democratic Party,H,Twitter,0,1
S001190,2022Q3,2022,0.3002755714003841,151,Democratic Party,H,Twitter,0,0
S001191,2016Q3,2016,1.056254160923918,193,Democratic Party,H,Twitter,1,0
S001192,2014Q3,2014,-0.27504632911347054,116,Republican Party,H,Twitter,0,1
S001192,2014Q4,2014,-0.16383444591522017,94,Republican Party,H,Twitter,0,1
S001193,2013Q2,2013,-0.02162076892545846,314,Democratic Party,H,Twitter,1,0
S001193,2013Q3,2013,-0.12792050966194338,299,Democratic Party,H,Twitter,1,0
S001193,2013Q4,2013,-0.18941727163712863,316,Democratic Party,H,Twitter,1,0
S001193,2014Q1,2014,-0.1894300256926137,235,Democratic Party,H,Twitter,1,0
S001193,2015Q1,2015,-0.1654958516477914,196,Democratic Party,H,Twitter,1,0
S001193,2015Q2,2015,-0.17305871619122415,298,Democratic Party,H,Twitter,1,0
S001193,2015Q4,2015,0.12514450766553933,211,Democratic Party,H,Twitter,1,0
S001193,2016Q1,2016,-0.09607609363713687,199,Democratic Party,H,Twitter,1,0
S001193,2016Q2,2016,-0.08378145020825442,294,Democratic Party,H,Twitter,1,0
S001193,2017Q1,2017,-0.24995056733974647,511,Democratic Party,H,Twitter,1,1
S001194,2017Q1,2017,-0.6860289343593305,68,Democratic Party,S,Twitter,1,1
S001194,2019Q1,2019,-0.015363905638886496,19,Democratic Party,S,Twitter,1,1
S001195,2021Q1,2021,-0.6782864927816673,148,Republican Party,H,Twitter,1,1
S001195,2021Q4,2021,-0.8062650437765642,184,Republican Party,H,Twitter,1,1
S001195,2022Q3,2022,-0.7559681999981005,206,Republican Party,H,Twitter,1,1
S001198,2015Q2,2015,0.08052701575699049,127,Republican Party,S,Twitter,0,1
S001198,2015Q4,2015,-0.24874311593284357,171,Republican Party,S,Twitter,0,1
S001198,2016Q1,2016,0.10775261726643147,186,Republican Party,S,Twitter,0,1
S001198,2016Q2,2016,0.06581661688401996,163,Republican Party,S,Twitter,0,1
S001198,2016Q3,2016,0.1607890145048302,114,Republican Party,S,Twitter,0,1
S001198,2017Q1,2017,0.33998337275125146,129,Republican Party,S,Twitter,0,0
S001198,2017Q2,2017,0.37457687793678895,127,Republican Party,S,Twitter,0,0
S001198,2017Q4,2017,0.5452051123680656,43,Republican Party,S,Twitter,0,0
S001198,2018Q1,2018,0.4094452984828127,80,Republican Party,S,Twitter,0,0
S001198,2018Q2,2018,0.43660437623204673,77,Republican Party,S,Twitter,0,0
S001198,2018Q4,2018,0.4093777708354697,39,Republican Party,S,Twitter,0,0
S001198,2019Q1,2019,0.41341433087836515,162,Republican Party,S,Twitter,0,0
S001198,2020Q3,2020,0.3823389822673079,95,Republican Party,S,Twitter,0,0
S001198,2021Q1,2021,0.30403625698965175,95,Republican Party,S,Twitter,0,1
S001198,2021Q2,2021,0.3259879834625859,91,Republican Party,S,Twitter,0,1
S001198,2021Q4,2021,-0.46895384329104395,45,Republican Party,S,Twitter,0,1
S001198,2022Q1,2022,-0.24896232984874647,117,Republican Party,S,Twitter,0,1
S001198,2022Q2,2022,-0.09534253486821699,121,Republican Party,S,Twitter,0,1
S001198,2022Q3,2022,-0.1554694204790389,116,Republican Party,S,Twitter,0,1
S001199,2017Q2,2017,0.47624822917419585,147,Republican Party,H,Twitter,0,0
S001199,2019Q1,2019,0.000833481069568701,140,Republican Party,H,Twitter,1,0
S001199,2019Q2,2019,0.28865973159268943,99,Republican Party,H,Twitter,1,0
S001200,2017Q1,2017,-0.5115515081171519,75,Democratic Party,H,Twitter,1,1
S001200,2017Q2,2017,-0.3212131778958575,127,Democratic Party,H,Twitter,1,1
S001200,2017Q4,2017,-0.47461278933371115,116,Democratic Party,H,Twitter,1,1
S001200,2018Q1,2018,-0.23841754042339097,129,Democratic Party,H,Twitter,1,1
S001200,2018Q2,2018,-0.2818396989377905,151,Democratic Party,H,Twitter,1,1
S001200,2019Q1,2019,0.004530318042839455,149,Democratic Party,H,Twitter,0,1
S001200,2019Q2,2019,-0.2683799811954173,157,Democratic Party,H,Twitter,0,1
S001200,2019Q3,2019,-0.09870936516130431,139,Democratic Party,H,Twitter,0,1
S001200,2020Q1,2020,-0.10337850895062466,286,Democratic Party,H,Twitter,0,1
S001200,2020Q3,2020,-0.12424769734627829,284,Democratic Party,H,Twitter,0,1
S001200,2021Q1,2021,0.09692285966903824,324,Democratic Party,H,Twitter,0,0
S001200,2021Q2,2021,0.161005659307249,335,Democratic Party,H,Twitter,0,0
S001200,2022Q1,2022,0.4218431185711419,379,Democratic Party,H,Twitter,0,0
S001201,2019Q4,2019,0.1864415491604269,70,Democratic Party,H,Twitter,0,1
S001201,2020Q1,2020,0.16598876393909234,163,Democratic Party,H,Twitter,0,1
S001201,2021Q2,2021,-0.07098009421520324,117,Democratic Party,H,Twitter,0,0
S001203,2019Q2,2019,-0.17523480581948878,231,Democratic Party,S,Twitter,1,1
S001205,2019Q1,2019,-0.015729743687326103,355,Democratic Party,H,Twitter,0,1
S001205,2019Q2,2019,0.2698571764814312,313,Democratic Party,H,Twitter,0,1
S001205,2020Q1,2020,0.0080452736777248,271,Democratic Party,H,Twitter,0,1
S001205,2020Q3,2020,0.0857435310355401,300,Democratic Party,H,Twitter,0,1
S001205,2020Q4,2020,0.04277204198307805,219,Democratic Party,H,Twitter,0,1
S001205,2021Q1,2021,0.01598021441367905,290,Democratic Party,H,Twitter,0,0
S001205,2021Q2,2021,0.4887765912883087,567,Democratic Party,H,Twitter,0,0
S001205,2021Q3,2021,0.3549144956999707,466,Democratic Party,H,Twitter,0,0
S001205,2021Q4,2021,0.4409930076066589,373,Democratic Party,H,Twitter,0,0
S001205,2022Q1,2022,0.4228633179546576,370,Democratic Party,H,Twitter,0,0
S001205,2022Q2,2022,0.24032445445037245,236,Democratic Party,H,Twitter,0,0
S001208,2019Q4,2019,0.21388003819644108,114,Democratic Party,H,Twitter,0,1
S001208,2021Q2,2021,0.5934720935497716,224,Democratic Party,H,Twitter,0,0
S001209,2019Q2,2019,0.5902543010303125,513,Democratic Party,H,Twitter,0,1
S001209,2020Q1,2020,0.7061806655799645,335,Democratic Party,H,Twitter,0,1
S001209,2022Q2,2022,0.3206482791069045,350,Democratic Party,H,Twitter,0,0
S001210,2019Q1,2019,0.46873667401939867,63,Republican Party,H,Twitter,1,0
S001210,2019Q2,2019,0.09948982540151892,98,Republican Party,H,Twitter,1,0
S001210,2019Q3,2019,0.06653604662892851,95,Republican Party,H,Twitter,1,0
S001210,2019Q4,2019,-0.331310479824071,101,Republican Party,H,Twitter,1,0
S001210,2020Q1,2020,-0.10159804202806677,141,Republican Party,H,Twitter,1,0
S001210,2020Q3,2020,-0.11022093573069926,237,Republican Party,H,Twitter,1,0
S001210,2020Q4,2020,-0.06619447229427029,60,Republican Party,H,Twitter,1,0
S001212,2021Q1,2021,-0.35459466242481774,132,Republican Party,H,Twitter,1,1
S001213,2019Q4,2019,0.37336411459395913,269,Republican Party,H,Twitter,1,0
S001213,2022Q3,2022,-0.2702424098634095,110,Republican Party,H,Twitter,1,1
S001215,2019Q4,2019,0.3218264877388443,246,Democratic Party,H,Twitter,0,1
S001215,2020Q3,2020,0.3180310078224718,299,Democratic Party,H,Twitter,0,1
S001215,2022Q2,2022,0.32708355623943275,286,Democratic Party,H,Twitter,0,0
S001216,2019Q2,2019,0.3116955504694983,112,Democratic Party,H,Twitter,0,1
S001216,2022Q3,2022,0.7547178318874866,143,Democratic Party,H,Twitter,0,0
S001217,2019Q4,2019,-0.6061888490221604,592,Republican Party,S,Twitter,0,0
S001217,2020Q2,2020,-0.31250116744110173,543,Republican Party,S,Twitter,0,0
S001217,2020Q3,2020,-0.4530425516741694,465,Republican Party,S,Twitter,0,0
S001217,2020Q4,2020,-0.5289888516731899,403,Republican Party,S,Twitter,0,0
S001217,2021Q1,2021,-0.7058845901885715,522,Republican Party,S,Twitter,0,1
S001217,2021Q2,2021,-0.6000464172026384,573,Republican Party,S,Twitter,0,1
S001217,2021Q3,2021,-0.7518181557454126,589,Republican Party,S,Twitter,0,1
S001217,2021Q4,2021,-0.938322560858928,527,Republican Party,S,Twitter,0,1
S001217,2022Q1,2022,-0.7660854252091707,579,Republican Party,S,Twitter,0,1
S001217,2022Q2,2022,-0.7429455240512286,506,Republican Party,S,Twitter,0,1
S001217,2022Q3,2022,-0.5510201880840255,558,Republican Party,S,Twitter,0,1
T000165,2021Q3,2021,-0.5374008395924615,74,Republican Party,H,Twitter,1,1
T000165,2022Q2,2022,-0.8902756623781787,104,Republican Party,H,Twitter,1,1
T000193,2014Q3,2014,-0.0803852573790337,32,Democratic Party,H,Twitter,1,0
T000193,2014Q4,2014,0.14562996560907152,30,Democratic Party,H,Twitter,1,0
T000193,2015Q2,2015,-0.37916456955753125,44,Democratic Party,H,Twitter,1,0
T000193,2016Q2,2016,0.2590982656088791,39,Democratic Party,H,Twitter,1,0
T000193,2020Q1,2020,-0.04797014711863694,71,Democratic Party,H,Twitter,0,1
T000193,2021Q3,2021,0.0470074234217406,61,Democratic Party,H,Twitter,0,0
T000193,2022Q2,2022,0.292616551770373,39,Democratic Party,H,Twitter,0,0
T000238,2014Q2,2014,0.3941360883638095,24,Republican Party,H,Twitter,0,1
T000238,2015Q4,2015,-0.28439914804154687,16,Republican Party,H,Twitter,0,1
T000238,2018Q2,2018,1.1298435792055286,20,Republican Party,H,Twitter,0,0
T000250,2013Q1,2013,-0.08389794626603639,142,Republican Party,S,Twitter,1,1
T000250,2013Q2,2013,-0.016466930692499326,101,Republican Party,S,Twitter,1,1
T000250,2013Q3,2013,0.05286632414853851,105,Republican Party,S,Twitter,1,1
T000250,2013Q4,2013,-0.18091212730622325,119,Republican Party,S,Twitter,1,1
T000250,2014Q1,2014,-0.06037949475869643,161,Republican Party,S,Twitter,1,1
T000250,2014Q2,2014,0.02524233601187861,168,Republican Party,S,Twitter,1,1
T000250,2014Q3,2014,0.07920203897586768,175,Republican Party,S,Twitter,1,1
T000250,2014Q4,2014,0.004281849092318113,129,Republican Party,S,Twitter,1,1
T000250,2015Q1,2015,0.07800380166766314,169,Republican Party,S,Twitter,0,1
T000250,2015Q2,2015,0.1366565660714216,182,Republican Party,S,Twitter,0,1
T000250,2015Q3,2015,-0.05514822051081752,148,Republican Party,S,Twitter,0,1
T000250,2015Q4,2015,0.0012371159277902598,141,Republican Party,S,Twitter,0,1
T000250,2016Q1,2016,0.40054767825244575,142,Republican Party,S,Twitter,0,1
T000250,2016Q2,2016,0.31753601742760273,142,Republican Party,S,Twitter,0,1
T000250,2016Q3,2016,0.4888359999338563,176,Republican Party,S,Twitter,0,1
T000250,2017Q1,2017,0.24722874343982204,158,Republican Party,S,Twitter,0,0
T000250,2017Q2,2017,0.4540643254008209,140,Republican Party,S,Twitter,0,0
T000250,2017Q3,2017,0.33508325422957463,145,Republican Party,S,Twitter,0,0
T000250,2017Q4,2017,0.33680349444941393,110,Republican Party,S,Twitter,0,0
T000250,2018Q1,2018,0.2586985665837867,105,Republican Party,S,Twitter,0,0
T000250,2018Q2,2018,0.4060266593516245,147,Republican Party,S,Twitter,0,0
T000250,2018Q3,2018,0.2523696500074509,140,Republican Party,S,Twitter,0,0
T000250,2018Q4,2018,0.3640253742645795,111,Republican Party,S,Twitter,0,0
T000250,2019Q1,2019,0.1288301333035336,123,Republican Party,S,Twitter,0,0
T000250,2019Q2,2019,0.3316353408207658,162,Republican Party,S,Twitter,0,0
T000250,2019Q3,2019,0.4853989927247548,176,Republican Party,S,Twitter,0,0
T000250,2019Q4,2019,0.05993740371460843,155,Republican Party,S,Twitter,0,0
T000250,2020Q1,2020,0.06901384582629158,177,Republican Party,S,Twitter,0,0
T000250,2020Q2,2020,-0.032276382679492496,164,Republican Party,S,Twitter,0,0
T000250,2020Q3,2020,0.009292821256937166,107,Republican Party,S,Twitter,0,0
T000250,2020Q4,2020,-0.16269075760782864,89,Republican Party,S,Twitter,0,0
T000250,2021Q1,2021,-0.31236601024505356,140,Republican Party,S,Twitter,0,1
T000250,2021Q2,2021,-0.10627418753953997,155,Republican Party,S,Twitter,0,1
T000250,2021Q3,2021,-0.2774252595755189,178,Republican Party,S,Twitter,0,1
T000250,2021Q4,2021,-0.28568664242256053,149,Republican Party,S,Twitter,0,1
T000250,2022Q1,2022,-0.15585833810175984,180,Republican Party,S,Twitter,0,1
T000250,2022Q2,2022,-0.15105986562564175,129,Republican Party,S,Twitter,0,1
T000250,2022Q3,2022,-0.03756407951868933,125,Republican Party,S,Twitter,0,1
T000250,2022Q4,2022,0.22919387812439362,110,Republican Party,S,Twitter,0,1
T000460,2015Q2,2015,0.15399652014391438,95,Democratic Party,H,Twitter,1,0
T000460,2016Q3,2016,0.3074337270848611,213,Democratic Party,H,Twitter,1,0
T000460,2017Q4,2017,0.7370455563634088,299,Democratic Party,H,Twitter,1,1
T000460,2019Q4,2019,0.7564044511940662,437,Democratic Party,H,Twitter,0,1
T000461,2013Q1,2013,0.01608691949148932,204,Republican Party,S,Twitter,1,1
T000461,2013Q2,2013,-0.008181742251199334,190,Republican Party,S,Twitter,1,1
T000461,2014Q1,2014,-0.019260528369925867,160,Republican Party,S,Twitter,1,1
T000461,2015Q3,2015,-0.6054599066490655,79,Republican Party,S,Twitter,0,1
T000461,2015Q4,2015,-0.4696145925452405,62,Republican Party,S,Twitter,0,1
T000461,2016Q2,2016,0.09846463262854746,97,Republican Party,S,Twitter,0,1
T000461,2017Q4,2017,0.008972146187974069,135,Republican Party,S,Twitter,0,0
T000461,2018Q2,2018,0.05441112581129375,120,Republican Party,S,Twitter,0,0
T000463,2013Q2,2013,0.10453345164121959,112,Republican Party,H,Twitter,0,1
T000464,2013Q2,2013,-0.12692719855988285,11,Democratic Party,S,Twitter,0,0
T000464,2014Q3,2014,-0.27369999397326744,82,Democratic Party,S,Twitter,0,0
T000464,2015Q2,2015,-0.2876540959778311,206,Democratic Party,S,Twitter,1,0
T000464,2015Q4,2015,-0.10006114757670426,203,Democratic Party,S,Twitter,1,0
T000464,2016Q1,2016,-0.12877984949609286,173,Democratic Party,S,Twitter,1,0
T000464,2017Q1,2017,-0.05547724114032979,200,Democratic Party,S,Twitter,1,1
T000464,2017Q2,2017,-0.028503915349951007,180,Democratic Party,S,Twitter,1,1
T000464,2017Q3,2017,0.07199544218527729,165,Democratic Party,S,Twitter,1,1
T000464,2017Q4,2017,-0.10962127388722964,157,Democratic Party,S,Twitter,1,1
T000464,2018Q1,2018,0.07616945198991068,184,Democratic Party,S,Twitter,1,1
T000464,2018Q3,2018,0.019142983102051474,128,Democratic Party,S,Twitter,1,1
T000464,2018Q4,2018,0.044827053195012304,75,Democratic Party,S,Twitter,1,1
T000464,2019Q1,2019,-0.10167073293273997,56,Democratic Party,S,Twitter,1,1
T000464,2021Q4,2021,0.2590761863964165,256,Democratic Party,S,Twitter,1,0
T000464,2022Q1,2022,0.3115466466691524,329,Democratic Party,S,Twitter,1,0
T000464,2022Q2,2022,0.2997421157742209,345,Democratic Party,S,Twitter,1,0
T000464,2022Q3,2022,0.17725238048094408,282,Democratic Party,S,Twitter,1,0
T000467,2013Q1,2013,0.48015058733892924,162,Republican Party,H,Twitter,0,1
T000467,2013Q2,2013,0.3645323889795092,213,Republican Party,H,Twitter,0,1
T000467,2013Q3,2013,0.39592528416883377,159,Republican Party,H,Twitter,0,1
T000467,2013Q4,2013,0.210104362596364,111,Republican Party,H,Twitter,0,1
T000467,2014Q1,2014,0.4802471871931426,193,Republican Party,H,Twitter,0,1
T000467,2014Q2,2014,0.554528650970341,251,Republican Party,H,Twitter,0,1
T000467,2014Q3,2014,0.41577095276711007,145,Republican Party,H,Twitter,0,1
T000467,2014Q4,2014,0.3235463233184211,47,Republican Party,H,Twitter,0,1
T000467,2015Q1,2015,0.2994691067186292,163,Republican Party,H,Twitter,0,1
T000467,2015Q2,2015,0.3318142641126065,250,Republican Party,H,Twitter,0,1
T000467,2015Q3,2015,0.39963810521167153,188,Republican Party,H,Twitter,0,1
T000467,2015Q4,2015,0.37665179628929013,144,Republican Party,H,Twitter,0,1
T000467,2016Q1,2016,0.7373403116737153,171,Republican Party,H,Twitter,0,1
T000467,2016Q2,2016,0.5796103226187704,199,Republican Party,H,Twitter,0,1
T000467,2016Q3,2016,0.6291643488734635,152,Republican Party,H,Twitter,0,1
T000467,2016Q4,2016,0.4985816457887643,76,Republican Party,H,Twitter,0,1
T000467,2017Q1,2017,0.6698557747296214,117,Republican Party,H,Twitter,0,0
T000467,2017Q2,2017,0.73377069343684,207,Republican Party,H,Twitter,0,0
T000467,2017Q3,2017,0.6934155685581314,148,Republican Party,H,Twitter,0,0
T000467,2017Q4,2017,0.6397245114693264,149,Republican Party,H,Twitter,0,0
T000467,2018Q1,2018,0.46528358818839116,153,Republican Party,H,Twitter,0,0
T000467,2018Q2,2018,0.5404537250940099,150,Republican Party,H,Twitter,0,0
T000467,2018Q3,2018,0.732429977629818,85,Republican Party,H,Twitter,0,0
T000467,2018Q4,2018,0.29774802852034593,41,Republican Party,H,Twitter,0,0
T000467,2019Q1,2019,0.38778882427807304,131,Republican Party,H,Twitter,1,0
T000467,2019Q2,2019,0.562225830621339,128,Republican Party,H,Twitter,1,0
T000467,2019Q3,2019,0.6968607473204591,123,Republican Party,H,Twitter,1,0
T000467,2019Q4,2019,0.39070563231098615,75,Republican Party,H,Twitter,1,0
T000467,2020Q1,2020,0.20257484204674747,132,Republican Party,H,Twitter,1,0
T000467,2020Q3,2020,0.4610316245874034,133,Republican Party,H,Twitter,1,0
T000467,2020Q4,2020,0.19482991084801704,70,Republican Party,H,Twitter,1,0
T000467,2021Q1,2021,0.12715047842462202,62,Republican Party,H,Twitter,1,1
T000467,2021Q2,2021,0.03575107617820163,59,Republican Party,H,Twitter,1,1
T000467,2021Q3,2021,0.02006775846308798,72,Republican Party,H,Twitter,1,1
T000467,2021Q4,2021,0.016174814483891933,54,Republican Party,H,Twitter,1,1
T000467,2022Q1,2022,-0.06408026633103878,36,Republican Party,H,Twitter,1,1
T000467,2022Q2,2022,0.0450565226119592,49,Republican Party,H,Twitter,1,1
T000467,2022Q3,2022,-0.038973079144116664,36,Republican Party,H,Twitter,1,1
T000467,2022Q4,2022,0.17753030239230744,25,Republican Party,H,Twitter,1,1
T000468,2013Q2,2013,0.03216907660769141,120,Democratic Party,H,Twitter,1,0
T000468,2013Q3,2013,-0.026282073868386,112,Democratic Party,H,Twitter,1,0
T000468,2013Q4,2013,0.03339038307368401,143,Democratic Party,H,Twitter,1,0
T000468,2014Q2,2014,0.010879175552898038,259,Democratic Party,H,Twitter,1,0
T000468,2014Q3,2014,0.11590027429184571,236,Democratic Party,H,Twitter,1,0
T000468,2015Q2,2015,0.002313359193671005,204,Democratic Party,H,Twitter,1,0
T000468,2018Q2,2018,0.08471956099649235,315,Democratic Party,H,Twitter,1,1
T000469,2013Q1,2013,0.2531720830280237,35,Democratic Party,H,Twitter,1,0
T000469,2013Q2,2013,0.3245354558711378,100,Democratic Party,H,Twitter,1,0
T000469,2013Q3,2013,0.24381861897130394,473,Democratic Party,H,Twitter,1,0
T000469,2013Q4,2013,0.2629091484490649,424,Democratic Party,H,Twitter,1,0
T000469,2014Q1,2014,0.18928603965749627,476,Democratic Party,H,Twitter,1,0
T000469,2014Q2,2014,0.0843958323274069,496,Democratic Party,H,Twitter,1,0
T000469,2014Q3,2014,0.2669201641031743,328,Democratic Party,H,Twitter,1,0
T000469,2014Q4,2014,0.30786689681220564,190,Democratic Party,H,Twitter,1,0
T000469,2015Q1,2015,-0.11116899184936839,317,Democratic Party,H,Twitter,1,0
T000469,2015Q2,2015,0.019298753723000675,469,Democratic Party,H,Twitter,1,0
T000469,2015Q3,2015,-0.02180139644335446,563,Democratic Party,H,Twitter,1,0
T000469,2015Q4,2015,0.05167470961500836,258,Democratic Party,H,Twitter,1,0
T000469,2016Q1,2016,0.15441585784945921,358,Democratic Party,H,Twitter,1,0
T000469,2016Q2,2016,-0.10734355397776207,393,Democratic Party,H,Twitter,1,0
T000469,2016Q3,2016,0.05620653254146346,177,Democratic Party,H,Twitter,1,0
T000469,2017Q1,2017,-0.25204250607471546,235,Democratic Party,H,Twitter,1,1
T000469,2017Q3,2017,-0.0835589015826098,245,Democratic Party,H,Twitter,1,1
T000469,2017Q4,2017,-0.47253805362002493,351,Democratic Party,H,Twitter,1,1
T000469,2018Q1,2018,0.2697006270889077,329,Democratic Party,H,Twitter,1,1
T000469,2018Q2,2018,0.17018624942623936,224,Democratic Party,H,Twitter,1,1
T000469,2018Q4,2018,0.24509567640019897,38,Democratic Party,H,Twitter,1,1
T000469,2019Q1,2019,-0.040682207207933946,176,Democratic Party,H,Twitter,0,1
T000470,2013Q2,2013,0.32986147460450305,87,Republican Party,H,Twitter,0,1
T000470,2014Q1,2014,0.3382920654250625,83,Republican Party,H,Twitter,0,1
T000470,2018Q1,2018,0.42029447244380475,101,Republican Party,H,Twitter,0,0
T000470,2019Q4,2019,0.26600003630012187,66,Republican Party,H,Twitter,1,0
T000470,2020Q1,2020,0.2782427352087106,93,Republican Party,H,Twitter,1,0
T000472,2013Q1,2013,-0.07859001290903389,85,Democratic Party,H,Twitter,1,0
T000472,2013Q2,2013,-0.1667565568457216,83,Democratic Party,H,Twitter,1,0
T000472,2013Q4,2013,-0.4306885181310028,68,Democratic Party,H,Twitter,1,0
T000472,2014Q2,2014,-0.30356154713817923,78,Democratic Party,H,Twitter,1,0
T000472,2015Q3,2015,-0.23725374197198285,30,Democratic Party,H,Twitter,1,0
T000472,2015Q4,2015,-0.2906652681973174,64,Democratic Party,H,Twitter,1,0
T000472,2016Q1,2016,-0.41634396408049534,81,Democratic Party,H,Twitter,1,0
T000472,2016Q2,2016,-0.4441610600833583,95,Democratic Party,H,Twitter,1,0
T000472,2016Q3,2016,-0.09793612466849629,52,Democratic Party,H,Twitter,1,0
T000472,2016Q4,2016,-0.5673041427770052,60,Democratic Party,H,Twitter,1,0
T000472,2017Q1,2017,-0.42867653483234036,146,Democratic Party,H,Twitter,1,1
T000472,2017Q3,2017,-0.673210822445656,128,Democratic Party,H,Twitter,1,1
T000472,2017Q4,2017,-0.6368605741677273,137,Democratic Party,H,Twitter,1,1
T000472,2018Q2,2018,-0.22675632982693297,57,Democratic Party,H,Twitter,1,1
T000472,2018Q3,2018,-0.442082408115717,101,Democratic Party,H,Twitter,1,1
T000472,2019Q1,2019,-0.48853424508214666,136,Democratic Party,H,Twitter,0,1
T000472,2019Q2,2019,-0.11032273962053522,191,Democratic Party,H,Twitter,0,1
T000472,2019Q4,2019,-0.2831552861535961,212,Democratic Party,H,Twitter,0,1
T000472,2020Q1,2020,-0.08351146566741591,223,Democratic Party,H,Twitter,0,1
T000472,2020Q3,2020,-0.19260119160035605,223,Democratic Party,H,Twitter,0,1
T000472,2020Q4,2020,-0.04995497754930593,125,Democratic Party,H,Twitter,0,1
T000472,2021Q2,2021,-0.03221118499328525,170,Democratic Party,H,Twitter,0,0
T000472,2021Q3,2021,0.3550348861038025,113,Democratic Party,H,Twitter,0,0
T000472,2021Q4,2021,0.22167981237528073,75,Democratic Party,H,Twitter,0,0
T000472,2022Q1,2022,0.061231523084018497,144,Democratic Party,H,Twitter,0,0
T000472,2022Q2,2022,0.12296047622434632,118,Democratic Party,H,Twitter,0,0
T000472,2022Q3,2022,0.26025332334811313,61,Democratic Party,H,Twitter,0,0
T000472,2022Q4,2022,-0.003916547492029136,70,Democratic Party,H,Twitter,0,0
T000474,2017Q4,2017,-0.18136462080877275,259,Democratic Party,H,Twitter,1,1
T000474,2018Q2,2018,-0.40266373665386473,186,Democratic Party,H,Twitter,1,1
T000474,2019Q1,2019,-0.23557842683529903,291,Democratic Party,H,Twitter,0,1
T000474,2019Q4,2019,-0.5176900034726416,171,Democratic Party,H,Twitter,0,1
T000474,2021Q1,2021,0.10990694593116943,574,Democratic Party,H,Twitter,0,0
T000476,2015Q2,2015,0.12058087134185341,129,Republican Party,S,Twitter,0,1
T000476,2016Q3,2016,-0.1094649847210589,153,Republican Party,S,Twitter,0,1
T000476,2017Q4,2017,0.05735034386679471,113,Republican Party,S,Twitter,0,0
T000476,2018Q1,2018,0.25169575503703684,125,Republican Party,S,Twitter,0,0
T000476,2018Q2,2018,0.06716303167668847,111,Republican Party,S,Twitter,0,0
T000476,2018Q3,2018,0.33696680320249955,125,Republican Party,S,Twitter,0,0
T000476,2019Q4,2019,0.32471365289752463,191,Republican Party,S,Twitter,0,0
T000478,2017Q2,2017,0.5253972265278658,286,Republican Party,H,Twitter,0,0
T000478,2017Q3,2017,0.7111973847246205,224,Republican Party,H,Twitter,0,0
T000478,2017Q4,2017,0.30612318903894853,112,Republican Party,H,Twitter,0,0
T000478,2018Q1,2018,0.17336994790918686,123,Republican Party,H,Twitter,0,0
T000478,2018Q2,2018,0.5446575116393934,173,Republican Party,H,Twitter,0,0
T000478,2018Q4,2018,0.18128314049727343,32,Republican Party,H,Twitter,0,0
T000478,2021Q1,2021,0.06042554658340792,130,Republican Party,H,Twitter,1,1
T000478,2021Q2,2021,-0.15041614428141795,606,Republican Party,H,Twitter,1,1
T000478,2022Q1,2022,-0.4310394082641663,555,Republican Party,H,Twitter,1,1
T000478,2022Q2,2022,-0.3448515864202183,431,Republican Party,H,Twitter,1,1
T000479,2019Q4,2019,0.4703614880834008,63,Republican Party,H,Twitter,1,0
T000481,2019Q1,2019,-0.35102152448755647,125,Democratic Party,H,Twitter,0,1
T000481,2019Q2,2019,-0.28675971000479256,155,Democratic Party,H,Twitter,0,1
T000481,2019Q4,2019,-0.29403460675345927,107,Democratic Party,H,Twitter,0,1
T000481,2020Q1,2020,-0.16055202469653526,155,Democratic Party,H,Twitter,0,1
T000481,2021Q1,2021,-0.08142662617728169,162,Democratic Party,H,Twitter,0,0
T000481,2021Q2,2021,-0.16108274324803726,108,Democratic Party,H,Twitter,0,0
T000481,2021Q3,2021,0.030869393338924068,94,Democratic Party,H,Twitter,0,0
T000481,2021Q4,2021,-0.18664612991860094,133,Democratic Party,H,Twitter,0,0
T000481,2022Q1,2022,-0.05921605119037976,107,Democratic Party,H,Twitter,0,0
T000481,2022Q2,2022,0.09314348309230397,131,Democratic Party,H,Twitter,0,0
T000481,2022Q3,2022,0.18493143162712633,181,Democratic Party,H,Twitter,0,0
T000483,2022Q2,2022,0.067775148482805,223,Democratic Party,H,Twitter,0,0
T000484,2019Q2,2019,0.2904822599609602,93,Democratic Party,H,Twitter,0,1
T000484,2020Q1,2020,0.7691101305848123,153,Democratic Party,H,Twitter,0,1
T000486,2021Q1,2021,-0.1005641956475979,228,Democratic Party,H,Twitter,0,0
T000486,2021Q2,2021,0.1350023977404929,170,Democratic Party,H,Twitter,0,0
U000031,2013Q4,2013,0.010402377697654093,119,Republican Party,H,Twitter,0,1
U000031,2014Q1,2014,0.24170670802170915,129,Republican Party,H,Twitter,0,1
U000031,2014Q3,2014,0.3378565025840486,86,Republican Party,H,Twitter,0,1
U000031,2015Q1,2015,0.23000088444996555,65,Republican Party,H,Twitter,0,1
U000031,2015Q4,2015,0.08234983070386406,103,Republican Party,H,Twitter,0,1
U000031,2016Q1,2016,0.3153442569183611,80,Republican Party,H,Twitter,0,1
U000031,2016Q3,2016,0.3965493851806704,68,Republican Party,H,Twitter,0,1
U000031,2016Q4,2016,0.2811742870030204,71,Republican Party,H,Twitter,0,1
U000031,2017Q3,2017,0.43147148350580267,92,Republican Party,H,Twitter,0,0
U000039,2013Q1,2013,0.13342565490787128,109,Democratic Party,S,Twitter,0,0
U000039,2013Q2,2013,0.15155758544822642,89,Democratic Party,S,Twitter,0,0
U000039,2015Q1,2015,-0.24213928999556814,87,Democratic Party,S,Twitter,1,0
U000039,2015Q3,2015,-0.030029572362191247,147,Democratic Party,S,Twitter,1,0
U000039,2015Q4,2015,0.19155166906035118,147,Democratic Party,S,Twitter,1,0
U000039,2016Q2,2016,0.05758508363326505,174,Democratic Party,S,Twitter,1,0
U000039,2017Q1,2017,-0.3421293040183914,355,Democratic Party,S,Twitter,1,1
U000039,2017Q3,2017,-0.20790097090494822,332,Democratic Party,S,Twitter,1,1
U000039,2018Q3,2018,-0.35228844730302383,183,Democratic Party,S,Twitter,1,1
U000039,2019Q1,2019,-0.2888601018338762,297,Democratic Party,S,Twitter,1,1
U000039,2019Q2,2019,-0.2252046758772491,362,Democratic Party,S,Twitter,1,1
U000039,2019Q4,2019,-0.04283647147673555,170,Democratic Party,S,Twitter,1,1
U000040,2019Q1,2019,0.16337411165614749,120,Democratic Party,H,Twitter,0,1
U000040,2020Q3,2020,0.40265891098364764,171,Democratic Party,H,Twitter,0,1
V000081,2015Q3,2015,-0.20772046571411992,41,Democratic Party,H,Twitter,1,0
V000081,2016Q2,2016,0.012893780281146355,61,Democratic Party,H,Twitter,1,0
V000081,2016Q3,2016,-0.29823528029511487,54,Democratic Party,H,Twitter,1,0
V000081,2017Q1,2017,-0.6307959555372232,275,Democratic Party,H,Twitter,1,1
V000081,2018Q1,2018,-0.2411721080560076,392,Democratic Party,H,Twitter,1,1
V000081,2018Q2,2018,-0.2722742993545483,397,Democratic Party,H,Twitter,1,1
V000081,2018Q3,2018,-0.3200888113534199,341,Democratic Party,H,Twitter,1,1
V000081,2019Q1,2019,-0.27962365179676574,377,Democratic Party,H,Twitter,0,1
V000081,2020Q1,2020,-0.03722858719839976,410,Democratic Party,H,Twitter,0,1
V000081,2020Q3,2020,-0.08246261805426926,400,Democratic Party,H,Twitter,0,1
V000081,2021Q1,2021,0.014662505573489014,312,Democratic Party,H,Twitter,0,0
V000081,2022Q2,2022,-0.08642377069101595,137,Democratic Party,H,Twitter,0,0
V000128,2013Q1,2013,-0.04779077540655148,76,Democratic Party,H,Twitter,1,0
V000128,2013Q2,2013,-0.37426574850600425,92,Democratic Party,H,Twitter,1,0
V000128,2013Q3,2013,-0.03491445365469907,59,Democratic Party,H,Twitter,1,0
V000128,2013Q4,2013,-0.38259038337236634,54,Democratic Party,H,Twitter,1,0
V000128,2014Q2,2014,-0.24551609510846292,122,Democratic Party,H,Twitter,1,0
V000128,2014Q3,2014,-0.49497423707695704,95,Democratic Party,H,Twitter,1,0
V000128,2015Q1,2015,-0.5785771148684644,77,Democratic Party,H,Twitter,1,0
V000128,2015Q2,2015,-0.5598015460203504,74,Democratic Party,H,Twitter,1,0
V000128,2015Q3,2015,-0.20134044835115772,144,Democratic Party,H,Twitter,1,0
V000128,2015Q4,2015,-0.4788655311699369,87,Democratic Party,H,Twitter,1,0
V000128,2016Q1,2016,-0.4592329645845467,78,Democratic Party,H,Twitter,1,0
V000128,2017Q1,2017,-0.6223145024865938,187,Democratic Party,S,Twitter,1,1
V000128,2017Q2,2017,-0.4726536507562882,373,Democratic Party,S,Twitter,1,1
V000128,2017Q3,2017,-0.5411716391276641,370,Democratic Party,S,Twitter,1,1
V000128,2017Q4,2017,-0.6261890324555878,258,Democratic Party,S,Twitter,1,1
V000128,2018Q1,2018,-0.501131526409836,198,Democratic Party,S,Twitter,1,1
V000128,2018Q3,2018,-0.3553774039499117,167,Democratic Party,S,Twitter,1,1
V000128,2018Q4,2018,-0.5008217900907883,152,Democratic Party,S,Twitter,1,1
V000128,2019Q1,2019,-0.4248565124738965,175,Democratic Party,S,Twitter,1,1
V000128,2019Q3,2019,-0.44315338176297137,149,Democratic Party,S,Twitter,1,1
V000128,2019Q4,2019,-0.4897885035422563,182,Democratic Party,S,Twitter,1,1
V000128,2020Q1,2020,-0.03739805786003665,256,Democratic Party,S,Twitter,1,1
V000128,2020Q3,2020,-0.5072393357117438,176,Democratic Party,S,Twitter,1,1
V000128,2020Q4,2020,-0.4367329700085675,195,Democratic Party,S,Twitter,1,1
V000128,2021Q1,2021,-0.2078003261878397,228,Democratic Party,S,Twitter,1,0
V000128,2021Q2,2021,0.047048312007173534,174,Democratic Party,S,Twitter,1,0
V000128,2021Q4,2021,-0.0676234222766086,131,Democratic Party,S,Twitter,1,0
V000129,2014Q1,2014,0.10429918638186474,58,Republican Party,H,Twitter,0,1
V000130,2013Q2,2013,-0.05598634719550693,44,Democratic Party,H,Twitter,1,0
V000131,2013Q2,2013,0.04930075495095012,169,Democratic Party,H,Twitter,1,0
V000131,2013Q3,2013,0.10761801553632008,55,Democratic Party,H,Twitter,1,0
V000131,2013Q4,2013,0.10635977602750847,48,Democratic Party,H,Twitter,1,0
V000131,2014Q1,2014,0.054037207989062544,74,Democratic Party,H,Twitter,1,0
V000131,2014Q2,2014,-0.12609532914701205,113,Democratic Party,H,Twitter,1,0
V000131,2015Q2,2015,0.17018059683465658,141,Democratic Party,H,Twitter,1,0
V000131,2015Q3,2015,-0.004275566959536943,86,Democratic Party,H,Twitter,1,0
V000131,2015Q4,2015,0.21292356046636024,126,Democratic Party,H,Twitter,1,0
V000131,2016Q1,2016,0.2306236170187777,74,Democratic Party,H,Twitter,1,0
V000131,2016Q2,2016,0.15387603462688149,91,Democratic Party,H,Twitter,1,0
V000131,2017Q1,2017,0.03399230800580363,105,Democratic Party,H,Twitter,1,1
V000131,2017Q2,2017,-0.14324497369670144,104,Democratic Party,H,Twitter,1,1
V000131,2017Q4,2017,0.07597472797722087,101,Democratic Party,H,Twitter,1,1
W000187,2013Q2,2013,0.3211000772151543,56,Democratic Party,H,Twitter,1,0
W000187,2013Q4,2013,-0.0875925314722891,54,Democratic Party,H,Twitter,1,0
W000187,2014Q1,2014,0.29757193454808867,43,Democratic Party,H,Twitter,1,0
W000187,2014Q2,2014,0.1525510711018009,67,Democratic Party,H,Twitter,1,0
W000187,2014Q3,2014,0.32061566173597966,18,Democratic Party,H,Twitter,1,0
W000187,2015Q1,2015,-0.11012904908583229,53,Democratic Party,H,Twitter,1,0
W000187,2015Q2,2015,-0.11105713987222939,72,Democratic Party,H,Twitter,1,0
W000187,2015Q3,2015,-0.1535862253638432,82,Democratic Party,H,Twitter,1,0
W000187,2015Q4,2015,-0.054023783190036284,18,Democratic Party,H,Twitter,1,0
W000187,2016Q2,2016,-0.3773880256173896,12,Democratic Party,H,Twitter,1,0
W000187,2017Q1,2017,-0.713099639655073,124,Democratic Party,H,Twitter,1,1
W000187,2017Q2,2017,-0.9570676478569089,92,Democratic Party,H,Twitter,1,1
W000187,2017Q3,2017,-0.9691693273889511,45,Democratic Party,H,Twitter,1,1
W000187,2017Q4,2017,-1.3650960837779857,34,Democratic Party,H,Twitter,1,1
W000187,2018Q1,2018,-0.7307500272708884,33,Democratic Party,H,Twitter,1,1
W000187,2018Q2,2018,-0.9923175661389786,30,Democratic Party,H,Twitter,1,1
W000187,2018Q3,2018,-1.1336065104820163,31,Democratic Party,H,Twitter,1,1
W000187,2019Q1,2019,-1.5828697289446452,31,Democratic Party,H,Twitter,0,1
W000187,2019Q2,2019,-0.9398003311119858,40,Democratic Party,H,Twitter,0,1
W000187,2019Q3,2019,-0.9716700822741223,46,Democratic Party,H,Twitter,0,1
W000187,2019Q4,2019,-1.0535313035218983,50,Democratic Party,H,Twitter,0,1
W000187,2020Q2,2020,-1.0761630801252597,62,Democratic Party,H,Twitter,0,1
W000187,2021Q1,2021,-0.6848371450037622,22,Democratic Party,H,Twitter,0,0
W000187,2021Q2,2021,-0.5567071046922498,29,Democratic Party,H,Twitter,0,0
W000187,2022Q3,2022,-0.21480934381841424,29,Democratic Party,H,Twitter,0,0
W000437,2013Q4,2013,-0.26431212377547164,124,Republican Party,S,Twitter,1,1
W000437,2015Q4,2015,0.15568406614530209,144,Republican Party,S,Twitter,0,1
W000437,2016Q2,2016,0.43464577852349345,162,Republican Party,S,Twitter,0,1
W000437,2018Q1,2018,0.21772234709447738,155,Republican Party,S,Twitter,0,0
W000437,2018Q2,2018,0.5107939277426434,131,Republican Party,S,Twitter,0,0
W000437,2021Q2,2021,0.06372242487267801,304,Republican Party,S,Twitter,0,1
W000437,2021Q3,2021,0.03830076824104951,267,Republican Party,S,Twitter,0,1
W000779,2013Q1,2013,0.1173758293875262,59,Democratic Party,S,Twitter,0,0
W000779,2013Q2,2013,0.2145370358586534,112,Democratic Party,S,Twitter,0,0
W000779,2013Q3,2013,0.1865312212038015,92,Democratic Party,S,Twitter,0,0
W000779,2013Q4,2013,0.10028110039995733,104,Democratic Party,S,Twitter,0,0
W000779,2014Q1,2014,0.00859041117477609,152,Democratic Party,S,Twitter,0,0
W000779,2014Q2,2014,0.05111082312998351,213,Democratic Party,S,Twitter,0,0
W000779,2014Q3,2014,-0.04510362633835466,182,Democratic Party,S,Twitter,0,0
W000779,2014Q4,2014,0.02062613354836324,141,Democratic Party,S,Twitter,0,0
W000779,2015Q1,2015,-0.14974853858233309,243,Democratic Party,S,Twitter,1,0
W000779,2015Q2,2015,-0.14212815954639035,217,Democratic Party,S,Twitter,1,0
W000779,2015Q3,2015,0.006078935350040379,212,Democratic Party,S,Twitter,1,0
W000779,2015Q4,2015,0.10484239316373899,189,Democratic Party,S,Twitter,1,0
W000779,2016Q1,2016,0.2879984874848071,194,Democratic Party,S,Twitter,1,0
W000779,2016Q2,2016,-0.0307389788525313,255,Democratic Party,S,Twitter,1,0
W000779,2016Q3,2016,0.07473917842760663,190,Democratic Party,S,Twitter,1,0
W000779,2016Q4,2016,-0.07239807827330573,195,Democratic Party,S,Twitter,1,0
W000779,2017Q1,2017,-0.4733597329177731,348,Democratic Party,S,Twitter,1,1
W000779,2017Q2,2017,-0.4265335647358665,407,Democratic Party,S,Twitter,1,1
W000779,2017Q3,2017,-0.5846668544017529,311,Democratic Party,S,Twitter,1,1
W000779,2017Q4,2017,-0.6453381220932168,429,Democratic Party,S,Twitter,1,1
W000779,2018Q1,2018,-0.36786308230832554,464,Democratic Party,S,Twitter,1,1
W000779,2018Q2,2018,-0.33472281408350285,551,Democratic Party,S,Twitter,1,1
W000779,2018Q3,2018,-0.5417006770604873,440,Democratic Party,S,Twitter,1,1
W000779,2018Q4,2018,-0.314640976394134,436,Democratic Party,S,Twitter,1,1
W000779,2019Q1,2019,-0.3741074348226964,374,Democratic Party,S,Twitter,1,1
W000779,2019Q2,2019,-0.2966365421927706,345,Democratic Party,S,Twitter,1,1
W000779,2019Q3,2019,-0.32248083549781903,256,Democratic Party,S,Twitter,1,1
W000779,2019Q4,2019,-0.08516737560090573,315,Democratic Party,S,Twitter,1,1
W000779,2020Q1,2020,-0.24419582646851537,431,Democratic Party,S,Twitter,1,1
W000779,2020Q2,2020,-0.4005693107218802,337,Democratic Party,S,Twitter,1,1
W000779,2020Q3,2020,-0.509603135120996,341,Democratic Party,S,Twitter,1,1
W000779,2020Q4,2020,-0.48081995317446785,249,Democratic Party,S,Twitter,1,1
W000779,2021Q1,2021,-0.04333578841155968,260,Democratic Party,S,Twitter,1,0
W000779,2021Q2,2021,0.23702303174477257,282,Democratic Party,S,Twitter,1,0
W000779,2021Q4,2021,-0.07033349414086916,145,Democratic Party,S,Twitter,1,0
W000779,2022Q1,2022,-0.09320669618724507,198,Democratic Party,S,Twitter,1,0
W000779,2022Q3,2022,0.04644367031924382,164,Democratic Party,S,Twitter,1,0
W000788,2022Q1,2022,0.05129148434685928,498,Democratic Party,H,Twitter,0,0
W000791,2013Q3,2013,0.2112985702899929,84,Republican Party,H,Twitter,0,1
W000791,2016Q2,2016,0.5026051232519811,55,Republican Party,H,Twitter,0,1
W000791,2017Q1,2017,0.7083505012169091,34,Republican Party,H,Twitter,0,0
W000791,2017Q4,2017,0.1246084695987991,29,Republican Party,H,Twitter,0,0
W000791,2018Q1,2018,0.2779712388961067,79,Republican Party,H,Twitter,0,0
W000791,2018Q2,2018,0.5657203494510433,46,Republican Party,H,Twitter,0,0
W000791,2018Q3,2018,0.3290061891858223,77,Republican Party,H,Twitter,0,0
W000791,2018Q4,2018,0.37693389121421794,41,Republican Party,H,Twitter,0,0
W000791,2019Q2,2019,0.3440984294113801,86,Republican Party,H,Twitter,1,0
W000791,2019Q4,2019,0.27277349897279607,99,Republican Party,H,Twitter,1,0
W000791,2020Q1,2020,0.41400022687616744,146,Republican Party,H,Twitter,1,0
W000791,2020Q3,2020,0.39204080368010397,77,Republican Party,H,Twitter,1,0
W000791,2020Q4,2020,0.2951391769640579,48,Republican Party,H,Twitter,1,0
W000795,2013Q2,2013,-0.4162651984434692,25,Republican Party,H,Twitter,0,1
W000795,2014Q2,2014,0.1676776012909851,11,Republican Party,H,Twitter,0,1
W000795,2015Q1,2015,-0.0782332494722509,61,Republican Party,H,Twitter,0,1
W000795,2015Q2,2015,0.07475090471992787,48,Republican Party,H,Twitter,0,1
W000795,2015Q3,2015,0.14102343751610844,61,Republican Party,H,Twitter,0,1
W000795,2015Q4,2015,0.34305068953496964,31,Republican Party,H,Twitter,0,1
W000795,2016Q1,2016,0.0016674803925599332,69,Republican Party,H,Twitter,0,1
W000795,2016Q2,2016,0.2768930047940304,67,Republican Party,H,Twitter,0,1
W000795,2016Q3,2016,0.00879186618178386,69,Republican Party,H,Twitter,0,1
W000795,2016Q4,2016,0.05513577827006869,45,Republican Party,H,Twitter,0,1
W000795,2017Q1,2017,0.2684294802441041,66,Republican Party,H,Twitter,0,0
W000795,2017Q2,2017,0.3378500459643409,93,Republican Party,H,Twitter,0,0
W000795,2017Q3,2017,0.4423247046306112,64,Republican Party,H,Twitter,0,0
W000795,2017Q4,2017,0.003061995930310132,54,Republican Party,H,Twitter,0,0
W000795,2018Q1,2018,0.5141085531427673,92,Republican Party,H,Twitter,0,0
W000795,2018Q2,2018,0.29828977094544495,62,Republican Party,H,Twitter,0,0
W000795,2018Q3,2018,0.38842219932046107,103,Republican Party,H,Twitter,0,0
W000795,2019Q1,2019,0.22871369670290456,173,Republican Party,H,Twitter,1,0
W000795,2019Q2,2019,0.2783663138668423,162,Republican Party,H,Twitter,1,0
W000795,2019Q3,2019,-0.03786074410904176,30,Republican Party,H,Twitter,1,0
W000795,2019Q4,2019,-0.39205593933838034,53,Republican Party,H,Twitter,1,0
W000795,2020Q1,2020,0.1963763635028814,60,Republican Party,H,Twitter,1,0
W000795,2020Q3,2020,0.3433579352557839,157,Republican Party,H,Twitter,1,0
W000795,2020Q4,2020,0.08964570366766363,117,Republican Party,H,Twitter,1,0
W000795,2021Q3,2021,-0.28978774891203135,76,Republican Party,H,Twitter,1,1
W000795,2021Q4,2021,-0.09404063181677094,38,Republican Party,H,Twitter,1,1
W000795,2022Q1,2022,-0.2274839962912282,99,Republican Party,H,Twitter,1,1
W000795,2022Q2,2022,-0.11983263873522658,40,Republican Party,H,Twitter,1,1
W000795,2022Q4,2022,-0.113525853683473,36,Republican Party,H,Twitter,1,1
W000797,2014Q2,2014,0.01274282973049174,129,Democratic Party,H,Twitter,1,0
W000797,2015Q2,2015,-0.17567276246143296,134,Democratic Party,H,Twitter,1,0
W000797,2016Q2,2016,-0.28861162930364537,186,Democratic Party,H,Twitter,1,0
W000797,2017Q3,2017,-0.5759833607104358,122,Democratic Party,H,Twitter,1,1
W000797,2017Q4,2017,-0.8491112183762838,96,Democratic Party,H,Twitter,1,1
W000797,2018Q2,2018,-0.5722777985059548,79,Democratic Party,H,Twitter,1,1
W000797,2019Q1,2019,-0.029423433464361576,200,Democratic Party,H,Twitter,0,1
W000797,2019Q2,2019,0.19042066663888924,271,Democratic Party,H,Twitter,0,1
W000797,2020Q3,2020,-0.5203857434786077,148,Democratic Party,H,Twitter,0,1
W000797,2021Q1,2021,-0.12062621519513651,186,Democratic Party,H,Twitter,0,0
W000797,2022Q1,2022,-0.015352767606417416,143,Democratic Party,H,Twitter,0,0
W000798,2013Q2,2013,0.3189499404070598,72,Republican Party,H,Twitter,0,1
W000798,2013Q3,2013,-0.09189040322924744,37,Republican Party,H,Twitter,0,1
W000798,2014Q2,2014,0.0716237376659785,84,Republican Party,H,Twitter,0,1
W000798,2014Q3,2014,0.2436926514963402,44,Republican Party,H,Twitter,0,1
W000798,2015Q1,2015,-0.04032563682764384,174,Republican Party,H,Twitter,0,1
W000798,2015Q2,2015,0.1304797040243998,147,Republican Party,H,Twitter,0,1
W000798,2015Q3,2015,0.10796521518191894,109,Republican Party,H,Twitter,0,1
W000798,2016Q1,2016,0.37920728926432684,171,Republican Party,H,Twitter,0,1
W000798,2016Q2,2016,0.3080633117638902,157,Republican Party,H,Twitter,0,1
W000798,2016Q3,2016,0.39798775191981595,112,Republican Party,H,Twitter,0,1
W000798,2017Q1,2017,0.4407045709098179,102,Republican Party,H,Twitter,0,0
W000798,2017Q3,2017,0.5536663081530718,122,Republican Party,H,Twitter,0,0
W000798,2018Q1,2018,0.6773488245565531,128,Republican Party,H,Twitter,0,0
W000798,2019Q2,2019,0.5552550979067515,103,Republican Party,H,Twitter,1,0
W000798,2020Q1,2020,0.6130998710801331,125,Republican Party,H,Twitter,1,0
W000798,2022Q2,2022,-0.421449730695708,94,Republican Party,H,Twitter,1,1
W000800,2014Q2,2014,-0.142739251442204,55,Democratic Party,H,Twitter,1,0
W000800,2014Q3,2014,-0.05376673012101731,40,Democratic Party,H,Twitter,1,0
W000800,2014Q4,2014,0.05136167521856142,48,Democratic Party,H,Twitter,1,0
W000800,2016Q2,2016,0.4662377438268897,64,Democratic Party,H,Twitter,1,0
W000800,2017Q1,2017,0.007428992152426572,102,Democratic Party,H,Twitter,1,1
W000802,2013Q1,2013,0.15060315011054276,99,Democratic Party,S,Twitter,0,0
W000802,2013Q2,2013,0.17854455563938293,145,Democratic Party,S,Twitter,0,0
W000802,2013Q3,2013,0.12446485572734792,116,Democratic Party,S,Twitter,0,0
W000802,2013Q4,2013,0.28461557583061037,118,Democratic Party,S,Twitter,0,0
W000802,2014Q1,2014,0.3176119384935396,127,Democratic Party,S,Twitter,0,0
W000802,2014Q2,2014,0.28745919653970575,159,Democratic Party,S,Twitter,0,0
W000802,2014Q3,2014,0.05931456594204739,145,Democratic Party,S,Twitter,0,0
W000802,2014Q4,2014,0.3468175366942949,115,Democratic Party,S,Twitter,0,0
W000802,2015Q1,2015,0.018101110495029372,196,Democratic Party,S,Twitter,1,0
W000802,2015Q2,2015,0.1312173897527203,229,Democratic Party,S,Twitter,1,0
W000802,2015Q3,2015,0.08701529069939075,176,Democratic Party,S,Twitter,1,0
W000802,2015Q4,2015,0.43478271583828065,194,Democratic Party,S,Twitter,1,0
W000802,2016Q1,2016,0.4202126590956829,241,Democratic Party,S,Twitter,1,0
W000802,2016Q2,2016,0.24693092123799193,261,Democratic Party,S,Twitter,1,0
W000802,2016Q3,2016,0.2608687713849046,183,Democratic Party,S,Twitter,1,0
W000802,2017Q1,2017,-0.23685692966671273,248,Democratic Party,S,Twitter,1,1
W000802,2017Q2,2017,-0.26703988465693,400,Democratic Party,S,Twitter,1,1
W000802,2017Q3,2017,-0.36910785999296314,501,Democratic Party,S,Twitter,1,1
W000802,2017Q4,2017,-0.3681622867473359,683,Democratic Party,S,Twitter,1,1
W000802,2018Q1,2018,-0.359052903220862,744,Democratic Party,S,Twitter,1,1
W000802,2018Q2,2018,-0.19288270103961083,510,Democratic Party,S,Twitter,1,1
W000802,2018Q3,2018,-0.11219077192867533,460,Democratic Party,S,Twitter,1,1
W000802,2018Q4,2018,-0.16145691052986208,495,Democratic Party,S,Twitter,1,1
W000802,2019Q1,2019,-0.2664766520082282,626,Democratic Party,S,Twitter,1,1
W000802,2019Q2,2019,-0.4102227757087556,604,Democratic Party,S,Twitter,1,1
W000802,2019Q3,2019,-0.37248225641375643,518,Democratic Party,S,Twitter,1,1
W000802,2019Q4,2019,-0.4867154077148182,488,Democratic Party,S,Twitter,1,1
W000802,2020Q1,2020,-0.36129489700840384,515,Democratic Party,S,Twitter,1,1
W000802,2020Q3,2020,-0.5551909673313182,402,Democratic Party,S,Twitter,1,1
W000802,2020Q4,2020,-0.5318923180780337,366,Democratic Party,S,Twitter,1,1
W000802,2021Q2,2021,-0.3829044215559946,409,Democratic Party,S,Twitter,1,0
W000802,2021Q4,2021,-0.24490182868618635,506,Democratic Party,S,Twitter,1,0
W000802,2022Q1,2022,-0.29135999043190364,586,Democratic Party,S,Twitter,1,0
W000802,2022Q2,2022,-0.35215902479765326,575,Democratic Party,S,Twitter,1,0
W000802,2022Q3,2022,-0.41580970436295567,686,Democratic Party,S,Twitter,1,0
W000804,2013Q2,2013,0.421400976628641,77,Republican Party,H,Twitter,0,1
W000804,2016Q1,2016,-0.17477439966607825,31,Republican Party,H,Twitter,0,1
W000804,2020Q4,2020,0.3527457995807554,93,Republican Party,H,Twitter,1,0
W000805,2013Q1,2013,0.09313912827788488,143,Democratic Party,S,Twitter,0,0
W000805,2013Q2,2013,0.3897459343648488,155,Democratic Party,S,Twitter,0,0
W000805,2013Q4,2013,-0.08565837587346485,105,Democratic Party,S,Twitter,0,0
W000805,2016Q1,2016,0.3173348559145974,104,Democratic Party,S,Twitter,1,0
W000805,2017Q1,2017,-0.30020879700966446,147,Democratic Party,S,Twitter,1,1
W000805,2017Q4,2017,-0.38003726390890163,309,Democratic Party,S,Twitter,1,1
W000805,2019Q1,2019,-0.24344058147677952,215,Democratic Party,S,Twitter,1,1
W000805,2019Q4,2019,0.15649274129786353,180,Democratic Party,S,Twitter,1,1
W000805,2021Q3,2021,0.35781664234969895,178,Democratic Party,S,Twitter,1,0
W000806,2022Q1,2022,-0.16930698720469523,117,Republican Party,H,Twitter,1,1
W000808,2013Q2,2013,0.08233976785515493,85,Democratic Party,H,Twitter,1,0
W000808,2013Q3,2013,-0.0678301398081671,67,Democratic Party,H,Twitter,1,0
W000808,2015Q1,2015,-0.0639157475019578,173,Democratic Party,H,Twitter,1,0
W000808,2015Q2,2015,-0.35560144212316736,391,Democratic Party,H,Twitter,1,0
W000808,2015Q3,2015,-0.32807085257035445,168,Democratic Party,H,Twitter,1,0
W000810,2015Q1,2015,-0.08736017019160042,51,Republican Party,H,Twitter,0,1
W000810,2015Q4,2015,-0.04345683240092771,48,Republican Party,H,Twitter,0,1
W000810,2016Q2,2016,-0.2044986621699547,35,Republican Party,H,Twitter,0,1
W000810,2016Q3,2016,0.15105559612451064,43,Republican Party,H,Twitter,0,1
W000810,2017Q1,2017,-0.10171192431211341,35,Republican Party,H,Twitter,0,0
W000810,2017Q2,2017,-0.19116770345609263,43,Republican Party,H,Twitter,0,0
W000810,2017Q3,2017,0.45277049523148283,29,Republican Party,H,Twitter,0,0
W000810,2017Q4,2017,-0.14713946463124103,30,Republican Party,H,Twitter,0,0
W000810,2018Q2,2018,0.01243286157151971,41,Republican Party,H,Twitter,0,0
W000810,2019Q1,2019,0.5666592786656476,125,Republican Party,H,Twitter,1,0
W000810,2019Q2,2019,0.38334261413073295,148,Republican Party,H,Twitter,1,0
W000810,2019Q3,2019,0.5585506742521154,100,Republican Party,H,Twitter,1,0
W000810,2019Q4,2019,0.3877486597628089,106,Republican Party,H,Twitter,1,0
W000810,2020Q2,2020,0.6178715529569548,54,Republican Party,H,Twitter,1,0
W000810,2020Q3,2020,0.4473881856128058,16,Republican Party,H,Twitter,1,0
W000810,2020Q4,2020,0.22765866978048788,26,Republican Party,H,Twitter,1,0
W000812,2013Q2,2013,-0.4665857349833982,147,Republican Party,H,Twitter,0,1
W000812,2014Q1,2014,-0.3973549819833635,155,Republican Party,H,Twitter,0,1
W000812,2015Q1,2015,-0.42619044280142127,123,Republican Party,H,Twitter,0,1
W000812,2019Q3,2019,0.42851045762223716,79,Republican Party,H,Twitter,1,0
W000812,2019Q4,2019,0.3751532264139671,134,Republican Party,H,Twitter,1,0
W000813,2013Q2,2013,0.2390036301226853,249,Republican Party,H,Twitter,0,1
W000813,2014Q2,2014,0.20594212550011493,188,Republican Party,H,Twitter,0,1
W000813,2015Q4,2015,0.38000776786312324,179,Republican Party,H,Twitter,0,1
W000814,2022Q4,2022,-0.8721491530585089,74,Republican Party,H,Twitter,1,1
W000815,2013Q4,2013,0.24945966011917547,259,Republican Party,H,Twitter,0,1
W000815,2015Q2,2015,0.2262126956040998,122,Republican Party,H,Twitter,0,1
W000815,2017Q1,2017,0.17421501001155196,101,Republican Party,H,Twitter,0,0
W000816,2013Q1,2013,-0.09173527946199331,32,Republican Party,H,Twitter,0,1
W000816,2022Q2,2022,-0.5732069281651783,95,Republican Party,H,Twitter,1,1
W000817,2013Q2,2013,-0.18698811227801337,39,Democratic Party,S,Twitter,0,0
W000817,2013Q4,2013,-0.05366566743423291,21,Democratic Party,S,Twitter,0,0
W000817,2014Q2,2014,0.07019672338232871,31,Democratic Party,S,Twitter,0,0
W000817,2015Q4,2015,-0.38725807423914343,64,Democratic Party,S,Twitter,1,0
W000817,2016Q2,2016,-0.5109260511661137,207,Democratic Party,S,Twitter,1,0
W000817,2016Q3,2016,-0.46864136542133644,154,Democratic Party,S,Twitter,1,0
W000817,2017Q1,2017,-0.856128725105643,349,Democratic Party,S,Twitter,1,1
W000817,2017Q2,2017,-0.6633533458652594,291,Democratic Party,S,Twitter,1,1
W000817,2017Q3,2017,-0.4263272222074465,324,Democratic Party,S,Twitter,1,1
W000817,2017Q4,2017,-0.7043055013029265,250,Democratic Party,S,Twitter,1,1
W000817,2018Q1,2018,-0.37725558402365944,261,Democratic Party,S,Twitter,1,1
W000817,2018Q2,2018,-0.4580924021796241,183,Democratic Party,S,Twitter,1,1
W000817,2022Q3,2022,-0.11834993711545368,256,Democratic Party,S,Twitter,1,0
W000819,2015Q1,2015,0.030024994624022666,124,Republican Party,H,Twitter,0,1
W000819,2015Q2,2015,-0.03210532313589577,150,Republican Party,H,Twitter,0,1
W000819,2015Q4,2015,-0.052688649594694124,98,Republican Party,H,Twitter,0,1
W000819,2016Q2,2016,-0.061137424816641105,81,Republican Party,H,Twitter,0,1
W000819,2017Q1,2017,-0.19463343126576174,160,Republican Party,H,Twitter,0,0
W000819,2017Q2,2017,-0.05486449132852315,106,Republican Party,H,Twitter,0,0
W000819,2017Q4,2017,-0.27699024405872597,131,Republican Party,H,Twitter,0,0
W000819,2018Q3,2018,-0.006639886890792555,232,Republican Party,H,Twitter,0,0
W000819,2019Q1,2019,-0.45878146216735266,219,Republican Party,H,Twitter,1,0
W000821,2015Q3,2015,0.37152037385306713,207,Republican Party,H,Twitter,0,1
W000821,2016Q2,2016,0.43505447265010305,163,Republican Party,H,Twitter,0,1
W000821,2017Q4,2017,0.48980723422056205,156,Republican Party,H,Twitter,0,0
W000821,2019Q4,2019,0.2033906597751716,77,Republican Party,H,Twitter,1,0
W000821,2021Q1,2021,-0.3340086559918982,75,Republican Party,H,Twitter,1,1
W000821,2021Q2,2021,-0.23367652024324956,91,Republican Party,H,Twitter,1,1
W000821,2021Q3,2021,-0.38764363123467455,69,Republican Party,H,Twitter,1,1
W000821,2021Q4,2021,-0.2956950783554071,83,Republican Party,H,Twitter,1,1
W000821,2022Q1,2022,-0.25234943212954974,98,Republican Party,H,Twitter,1,1
W000821,2022Q2,2022,0.05799230752520489,104,Republican Party,H,Twitter,1,1
W000821,2022Q3,2022,-0.2391609004990317,125,Republican Party,H,Twitter,1,1
W000821,2022Q4,2022,0.3509730434644781,82,Republican Party,H,Twitter,1,1
W000822,2015Q1,2015,-0.2772951905113174,90,Democratic Party,H,Twitter,1,0
W000822,2015Q2,2015,-0.05585418462697289,157,Democratic Party,H,Twitter,1,0
W000822,2015Q3,2015,-0.373682503958859,184,Democratic Party,H,Twitter,1,0
W000822,2015Q4,2015,-0.03881318752069782,179,Democratic Party,H,Twitter,1,0
W000822,2016Q1,2016,-0.28103565206887043,405,Democratic Party,H,Twitter,1,0
W000822,2016Q2,2016,-0.13513768456081376,172,Democratic Party,H,Twitter,1,0
W000822,2017Q1,2017,-0.5693414950083835,322,Democratic Party,H,Twitter,1,1
W000822,2017Q4,2017,-0.6213644936135,274,Democratic Party,H,Twitter,1,1
W000822,2018Q3,2018,-0.5390942473155069,137,Democratic Party,H,Twitter,1,1
W000825,2019Q1,2019,-0.10735732119610478,336,Democratic Party,H,Twitter,0,1
W000825,2019Q2,2019,0.14401906101568904,397,Democratic Party,H,Twitter,0,1
W000826,2019Q1,2019,0.08321452238891248,237,Democratic Party,H,Twitter,0,1
W000826,2020Q1,2020,0.22343759606396887,192,Democratic Party,H,Twitter,0,1
W000826,2021Q3,2021,0.09954066765224684,234,Democratic Party,H,Twitter,0,0
W000827,2019Q4,2019,-0.20910607897290523,121,Republican Party,H,Twitter,1,0
Y000033,2015Q4,2015,-0.19778041264726937,59,Republican Party,H,Twitter,0,1
Y000033,2016Q3,2016,0.5526594546822425,27,Republican Party,H,Twitter,0,1
Y000033,2017Q3,2017,0.3748949945046599,22,Republican Party,H,Twitter,0,0
Y000033,2019Q3,2019,0.10707070014081327,53,Republican Party,H,Twitter,1,0
Y000064,2013Q2,2013,0.40246762647080075,198,Republican Party,H,Twitter,0,1
Y000064,2013Q3,2013,0.28016915840776513,153,Republican Party,H,Twitter,0,1
Y000064,2014Q2,2014,0.4117909379068072,63,Republican Party,H,Twitter,0,1
Y000064,2017Q2,2017,0.5531409741021919,131,Republican Party,S,Twitter,0,0
Y000065,2013Q3,2013,-0.6546150134102936,41,Republican Party,H,Twitter,0,1
Y000065,2014Q3,2014,-0.05047484167163932,47,Republican Party,H,Twitter,0,1
Y000065,2016Q2,2016,0.16748948633044405,33,Republican Party,H,Twitter,0,1
Y000065,2017Q1,2017,-0.011147567249766442,30,Republican Party,H,Twitter,0,0
Y000065,2017Q3,2017,0.0034054356747761647,31,Republican Party,H,Twitter,0,0
Y000065,2018Q1,2018,0.3100669097354283,59,Republican Party,H,Twitter,0,0
Y000065,2019Q1,2019,0.020355883909057206,53,Republican Party,H,Twitter,1,0
Y000065,2019Q2,2019,-0.15307348950552935,61,Republican Party,H,Twitter,1,0
Y000065,2019Q3,2019,0.1469253664955987,75,Republican Party,H,Twitter,1,0
Y000065,2019Q4,2019,0.3254912050365649,101,Republican Party,H,Twitter,1,0
Y000065,2020Q3,2020,-0.3766574978118081,85,Republican Party,H,Twitter,1,0
Y000065,2020Q4,2020,-0.19310773684085494,21,Republican Party,H,Twitter,1,0
A000055,2014Q2,2014,0.4603847894368018,29,Republican Party,H,Floor,0,1
A000055,2017Q3,2017,0.6990955493955626,14,Republican Party,H,Floor,0,0
A000055,2019Q1,2019,0.17786043786421527,28,Republican Party,H,Floor,1,0
A000055,2020Q3,2020,0.056311496509445676,24,Republican Party,H,Floor,1,0
A000360,2013Q1,2013,-0.0023757525737082945,155,Republican Party,S,Floor,1,1
A000360,2013Q2,2013,-0.1192764725207442,222,Republican Party,S,Floor,1,1
A000360,2013Q3,2013,0.10730858878965932,110,Republican Party,S,Floor,1,1
A000360,2013Q4,2013,-0.11349656698469945,188,Republican Party,S,Floor,1,1
A000360,2014Q2,2014,0.1648639240068192,186,Republican Party,S,Floor,1,1
A000360,2014Q3,2014,-0.2642948648155634,78,Republican Party,S,Floor,1,1
A000360,2015Q1,2015,0.5834363579512936,123,Republican Party,S,Floor,0,1
A000360,2015Q3,2015,0.387513168679642,159,Republican Party,S,Floor,0,1
A000360,2015Q4,2015,0.3338315551687283,166,Republican Party,S,Floor,0,1
A000360,2016Q2,2016,0.32237653362081503,179,Republican Party,S,Floor,0,1
A000360,2016Q3,2016,0.3918649671575632,91,Republican Party,S,Floor,0,1
A000360,2016Q4,2016,0.4872485145218445,88,Republican Party,S,Floor,0,1
A000360,2017Q1,2017,0.4190481216127347,102,Republican Party,S,Floor,0,0
A000360,2017Q4,2017,0.39132722229597583,68,Republican Party,S,Floor,0,0
A000360,2018Q1,2018,0.6541518000690258,176,Republican Party,S,Floor,0,0
A000360,2018Q2,2018,0.4970319386248565,124,Republican Party,S,Floor,0,0
A000360,2018Q3,2018,0.4490803691344112,159,Republican Party,S,Floor,0,0
A000360,2018Q4,2018,0.10234734757980038,161,Republican Party,S,Floor,0,0
A000360,2019Q1,2019,0.7275493324591085,90,Republican Party,S,Floor,0,0
A000360,2019Q2,2019,0.4180257204331485,67,Republican Party,S,Floor,0,0
A000360,2019Q3,2019,0.6819353882519769,72,Republican Party,S,Floor,0,0
A000360,2019Q4,2019,0.3549458903161547,93,Republican Party,S,Floor,0,0
A000360,2020Q2,2020,0.5898894139401036,131,Republican Party,S,Floor,0,0
A000360,2020Q3,2020,0.7273978165122192,166,Republican Party,S,Floor,0,0
A000370,2015Q1,2015,-0.34550267861672296,17,Democratic Party,H,Floor,1,0
A000370,2015Q4,2015,0.03534804595070821,17,Democratic Party,H,Floor,1,0
A000370,2016Q1,2016,0.30030216907011636,17,Democratic Party,H,Floor,1,0
A000370,2017Q4,2017,0.531470509555508,25,Democratic Party,H,Floor,1,1
A000370,2019Q4,2019,0.7741470320552328,44,Democratic Party,H,Floor,0,1
A000371,2021Q2,2021,0.8445100415314787,12,Democratic Party,H,Floor,0,0
A000372,2015Q3,2015,-0.01266397941679712,14,Republican Party,H,Floor,0,1
A000372,2015Q4,2015,0.10642557257506326,14,Republican Party,H,Floor,0,1
A000372,2016Q1,2016,-0.7090813733219826,16,Republican Party,H,Floor,0,1
A000372,2016Q2,2016,-0.19078345584003154,22,Republican Party,H,Floor,0,1
A000372,2016Q3,2016,-0.5202688689617279,16,Republican Party,H,Floor,0,1
A000372,2017Q1,2017,-0.43483186738618335,14,Republican Party,H,Floor,0,0
A000372,2017Q4,2017,-0.39194505518954553,23,Republican Party,H,Floor,0,0
A000372,2018Q2,2018,0.3674901572232251,27,Republican Party,H,Floor,0,0
A000372,2019Q2,2019,0.16109393060254376,24,Republican Party,H,Floor,1,0
A000372,2019Q4,2019,-0.4124551656963041,22,Republican Party,H,Floor,1,0
A000372,2020Q3,2020,-0.4191802368909326,39,Republican Party,H,Floor,1,0
A000372,2022Q3,2022,-0.586907870940246,22,Republican Party,H,Floor,1,1
A000374,2015Q3,2015,0.14760003071085645,19,Republican Party,H,Floor,0,1
A000374,2016Q1,2016,0.9352679550989594,28,Republican Party,H,Floor,0,1
A000375,2017Q1,2017,-0.4833748128127594,20,Republican Party,H,Floor,0,0
A000375,2017Q3,2017,-0.2174171392716796,34,Republican Party,H,Floor,0,0
A000375,2017Q4,2017,-0.014037078668086806,32,Republican Party,H,Floor,0,0
A000375,2018Q2,2018,-0.31732606057081847,29,Republican Party,H,Floor,0,0
A000375,2018Q3,2018,0.20125624729641667,48,Republican Party,H,Floor,0,0
A000375,2019Q4,2019,-0.5254377921062005,47,Republican Party,H,Floor,1,0
A000375,2020Q3,2020,-0.8228194753797315,52,Republican Party,H,Floor,1,0
A000375,2021Q1,2021,-1.1227196690445953,33,Republican Party,H,Floor,1,1
A000375,2021Q4,2021,-0.9457355506169797,22,Republican Party,H,Floor,1,1
A000375,2022Q2,2022,-0.8055961378128281,30,Republican Party,H,Floor,1,1
A000375,2022Q3,2022,-1.0418333586733237,28,Republican Party,H,Floor,1,1
A000377,2020Q3,2020,0.19818208538251011,38,Republican Party,H,Floor,1,0
A000377,2020Q4,2020,0.9882173746101418,18,Republican Party,H,Floor,1,0
B000490,2013Q2,2013,0.7259857171571366,36,Democratic Party,H,Floor,1,0
B000490,2013Q4,2013,-0.13534795934459404,17,Democratic Party,H,Floor,1,0
B000490,2014Q2,2014,0.7373081130602053,30,Democratic Party,H,Floor,1,0
B000490,2015Q2,2015,-0.0008709812393951474,28,Democratic Party,H,Floor,1,0
B000490,2016Q2,2016,-0.07918143942327416,17,Democratic Party,H,Floor,1,0
B000490,2019Q1,2019,0.8241329989521041,33,Democratic Party,H,Floor,0,1
B000490,2019Q2,2019,0.7842537085445309,28,Democratic Party,H,Floor,0,1
B000575,2013Q1,2013,-0.09711818430331375,88,Republican Party,S,Floor,1,1
B000575,2013Q2,2013,-0.11123587037231802,48,Republican Party,S,Floor,1,1
B000575,2013Q4,2013,0.20090688371737914,112,Republican Party,S,Floor,1,1
B000575,2014Q1,2014,0.0049894128634587675,135,Republican Party,S,Floor,1,1
B000575,2014Q2,2014,0.04243610811128201,134,Republican Party,S,Floor,1,1
B000575,2014Q3,2014,-0.20146295373828038,100,Republican Party,S,Floor,1,1
B000575,2015Q1,2015,-0.012149367652508706,93,Republican Party,S,Floor,0,1
B000575,2015Q2,2015,0.08550336495829673,63,Republican Party,S,Floor,0,1
B000575,2015Q4,2015,0.12013413734217358,136,Republican Party,S,Floor,0,1
B000575,2016Q1,2016,0.41353445346897344,66,Republican Party,S,Floor,0,1
B000575,2016Q2,2016,0.233550894575183,105,Republican Party,S,Floor,0,1
B000575,2016Q4,2016,0.3911613807678481,37,Republican Party,S,Floor,0,1
B000575,2017Q2,2017,0.3886899608559212,115,Republican Party,S,Floor,0,0
B000575,2017Q3,2017,0.5365197971342791,100,Republican Party,S,Floor,0,0
B000575,2017Q4,2017,0.31400027965746935,118,Republican Party,S,Floor,0,0
B000575,2018Q1,2018,0.02127193428032017,127,Republican Party,S,Floor,0,0
B000575,2018Q3,2018,0.7701862630734714,116,Republican Party,S,Floor,0,0
B000575,2019Q1,2019,0.2023112737724785,73,Republican Party,S,Floor,0,0
B000575,2019Q2,2019,0.4631239064558923,98,Republican Party,S,Floor,0,0
B000575,2019Q4,2019,0.2761384379548918,62,Republican Party,S,Floor,0,0
B000575,2020Q1,2020,0.22357134961328487,84,Republican Party,S,Floor,0,0
B000575,2020Q2,2020,0.17700107360929473,110,Republican Party,S,Floor,0,0
B000575,2020Q4,2020,0.3828480412081412,83,Republican Party,S,Floor,0,0
B000575,2022Q1,2022,-0.24165144055719628,66,Republican Party,S,Floor,0,1
B000575,2022Q2,2022,0.0657497037042176,62,Republican Party,S,Floor,0,1
B000668,2022Q2,2022,0.3621102838367912,100,Republican Party,H,Floor,1,1
B000740,2022Q2,2022,1.1474989677331908,23,Republican Party,H,Floor,1,1
B000755,2013Q2,2013,-0.055795888579770365,17,Republican Party,H,Floor,0,1
B000755,2014Q1,2014,0.0027120488818861335,26,Republican Party,H,Floor,0,1
B000755,2014Q2,2014,-0.15164126447790294,35,Republican Party,H,Floor,0,1
B000755,2015Q1,2015,0.5357901614947815,42,Republican Party,H,Floor,0,1
B000755,2015Q2,2015,0.15429211976520485,58,Republican Party,H,Floor,0,1
B000755,2015Q4,2015,0.45729011498526717,40,Republican Party,H,Floor,0,1
B000755,2016Q2,2016,0.427236208023265,17,Republican Party,H,Floor,0,1
B000755,2016Q4,2016,1.046645246987707,21,Republican Party,H,Floor,0,1
B000755,2017Q1,2017,-0.26017008264220665,30,Republican Party,H,Floor,0,0
B000755,2017Q4,2017,0.01634449715474434,43,Republican Party,H,Floor,0,0
B000755,2018Q3,2018,0.31519637514296983,25,Republican Party,H,Floor,0,0
B000755,2019Q2,2019,0.26497830432949726,26,Republican Party,H,Floor,1,0
B000755,2019Q4,2019,-0.16072993080880146,71,Republican Party,H,Floor,1,0
B000755,2020Q2,2020,-0.158019120260823,39,Republican Party,H,Floor,1,0
B000755,2021Q4,2021,-0.6631678112359743,36,Republican Party,H,Floor,1,1
B000755,2022Q3,2022,0.787746982477541,123,Republican Party,H,Floor,1,1
B000755,2022Q4,2022,0.8137066645679737,65,Republican Party,H,Floor,1,1
B000825,2021Q1,2021,-0.9209284649557946,50,Republican Party,H,Floor,1,1
B000825,2022Q2,2022,-1.1226926253427256,27,Republican Party,H,Floor,1,1
B000944,2013Q1,2013,-0.2638304038018004,75,Democratic Party,S,Floor,0,0
B000944,2013Q2,2013,0.2589975436423142,78,Democratic Party,S,Floor,0,0
B000944,2013Q3,2013,-0.03419443007007859,92,Democratic Party,S,Floor,0,0
B000944,2013Q4,2013,-0.06379414433090502,102,Democratic Party,S,Floor,0,0
B000944,2014Q1,2014,0.20203727731766818,113,Democratic Party,S,Floor,0,0
B000944,2014Q2,2014,0.06123103301578824,87,Democratic Party,S,Floor,0,0
B000944,2014Q4,2014,-0.44668589158213257,43,Democratic Party,S,Floor,0,0
B000944,2015Q1,2015,0.0573012044991489,150,Democratic Party,S,Floor,1,0
B000944,2015Q2,2015,-0.23311142214544284,184,Democratic Party,S,Floor,1,0
B000944,2015Q3,2015,-0.2834871204465242,115,Democratic Party,S,Floor,1,0
B000944,2015Q4,2015,0.0469712284190525,109,Democratic Party,S,Floor,1,0
B000944,2016Q1,2016,-0.25930599677226274,104,Democratic Party,S,Floor,1,0
B000944,2016Q2,2016,-0.30528813465651145,116,Democratic Party,S,Floor,1,0
B000944,2016Q4,2016,-0.33599142516113933,58,Democratic Party,S,Floor,1,0
B000944,2017Q1,2017,-0.4699964148185302,218,Democratic Party,S,Floor,1,1
B000944,2017Q3,2017,-0.5914989212514573,103,Democratic Party,S,Floor,1,1
B000944,2017Q4,2017,-0.5168579207715096,230,Democratic Party,S,Floor,1,1
B000944,2018Q1,2018,-0.5019186300572437,238,Democratic Party,S,Floor,1,1
B000944,2018Q2,2018,-0.49508250068385745,171,Democratic Party,S,Floor,1,1
B000944,2018Q3,2018,-0.4220319604818436,97,Democratic Party,S,Floor,1,1
B000944,2018Q4,2018,-0.39393164415983256,76,Democratic Party,S,Floor,1,1
B000944,2019Q1,2019,-0.5814876893454626,91,Democratic Party,S,Floor,1,1
B000944,2019Q2,2019,-0.6592634183099065,131,Democratic Party,S,Floor,1,1
B000944,2019Q3,2019,-0.48292188940996233,84,Democratic Party,S,Floor,1,1
B000944,2019Q4,2019,-0.44589401229980036,74,Democratic Party,S,Floor,1,1
B000944,2020Q1,2020,-0.6541542681928372,170,Democratic Party,S,Floor,1,1
B000944,2020Q3,2020,-0.8044086632648194,100,Democratic Party,S,Floor,1,1
B000944,2020Q4,2020,-0.3040179125253814,142,Democratic Party,S,Floor,1,1
B000944,2021Q1,2021,-0.13126135254513766,115,Democratic Party,S,Floor,1,0
B000944,2021Q2,2021,-0.28588416103405306,81,Democratic Party,S,Floor,1,0
B000944,2021Q3,2021,-0.38795291405015436,84,Democratic Party,S,Floor,1,0
B000944,2021Q4,2021,-0.10071116621736335,82,Democratic Party,S,Floor,1,0
B000944,2022Q1,2022,-0.13619282169777674,128,Democratic Party,S,Floor,1,0
B000944,2022Q2,2022,-0.06606648069988748,115,Democratic Party,S,Floor,1,0
B000944,2022Q3,2022,-0.3872715510817519,68,Democratic Party,S,Floor,1,0
B001135,2013Q2,2013,-0.09828499184145634,49,Republican Party,S,Floor,1,1
B001135,2013Q3,2013,0.22054041608546632,38,Republican Party,S,Floor,1,1
B001135,2014Q1,2014,0.5019496248445553,76,Republican Party,S,Floor,1,1
B001135,2014Q2,2014,0.23500474797567208,21,Republican Party,S,Floor,1,1
B001135,2015Q1,2015,0.7277848516824619,58,Republican Party,S,Floor,0,1
B001135,2015Q2,2015,0.43815379923448894,106,Republican Party,S,Floor,0,1
B001135,2015Q4,2015,0.14271025241842034,75,Republican Party,S,Floor,0,1
B001223,2021Q4,2021,-0.23355595532320889,15,Democratic Party,H,Floor,0,0
B001230,2015Q3,2015,0.3783677092292485,58,Democratic Party,S,Floor,1,0
B001230,2017Q1,2017,-0.5593505384225559,66,Democratic Party,S,Floor,1,1
B001230,2017Q3,2017,0.4001612280480087,47,Democratic Party,S,Floor,1,1
B001230,2019Q2,2019,-0.03320802322029548,61,Democratic Party,S,Floor,1,1
B001230,2019Q4,2019,0.1768148437875092,37,Democratic Party,S,Floor,1,1
B001236,2014Q4,2014,0.3607468194801707,18,Republican Party,S,Floor,1,1
B001236,2015Q1,2015,-0.13673787685846522,50,Republican Party,S,Floor,0,1
B001236,2015Q4,2015,0.6301637743628782,33,Republican Party,S,Floor,0,1
B001236,2016Q2,2016,0.40258119018031086,65,Republican Party,S,Floor,0,1
B001236,2016Q3,2016,-0.17015697382416115,32,Republican Party,S,Floor,0,1
B001236,2017Q4,2017,0.749601813169284,44,Republican Party,S,Floor,0,0
B001236,2018Q2,2018,0.8493140014617623,55,Republican Party,S,Floor,0,0
B001236,2019Q1,2019,0.41657942488492283,59,Republican Party,S,Floor,0,0
B001236,2019Q3,2019,0.9325304732616053,57,Republican Party,S,Floor,0,0
B001236,2019Q4,2019,0.6174355460818256,44,Republican Party,S,Floor,0,0
B001236,2021Q4,2021,0.4001671847346973,40,Republican Party,S,Floor,0,1
B001236,2022Q3,2022,0.09297168607168854,26,Republican Party,S,Floor,0,1
B001243,2013Q2,2013,0.10232653560705553,29,Republican Party,H,Floor,0,1
B001243,2013Q3,2013,-0.37793692820181973,25,Republican Party,H,Floor,0,1
B001243,2013Q4,2013,-0.2065192047721769,37,Republican Party,H,Floor,0,1
B001243,2014Q1,2014,-0.05338874690479903,36,Republican Party,H,Floor,0,1
B001243,2014Q2,2014,-0.08635581316797157,35,Republican Party,H,Floor,0,1
B001243,2014Q3,2014,0.08323668033347434,77,Republican Party,H,Floor,0,1
B001243,2015Q1,2015,-0.23526293330804646,24,Republican Party,H,Floor,0,1
B001243,2015Q2,2015,0.35875521509132285,60,Republican Party,H,Floor,0,1
B001243,2015Q3,2015,-0.1475428820043529,56,Republican Party,H,Floor,0,1
B001243,2015Q4,2015,-0.08232367077659276,23,Republican Party,H,Floor,0,1
B001243,2016Q2,2016,-0.008494271125448729,27,Republican Party,H,Floor,0,1
B001243,2016Q3,2016,-0.33460969169238747,37,Republican Party,H,Floor,0,1
B001243,2017Q1,2017,0.7449873016590326,33,Republican Party,H,Floor,0,0
B001243,2019Q2,2019,-0.1898626359229674,87,Republican Party,S,Floor,0,0
B001243,2019Q3,2019,-0.39060316387977817,59,Republican Party,S,Floor,0,0
B001243,2019Q4,2019,-0.000765400905070949,83,Republican Party,S,Floor,0,0
B001243,2020Q1,2020,0.02949195176007536,127,Republican Party,S,Floor,0,0
B001243,2020Q2,2020,-0.4571732093979467,69,Republican Party,S,Floor,0,0
B001243,2020Q4,2020,-0.4701070896112277,102,Republican Party,S,Floor,0,0
B001243,2021Q1,2021,-0.8132635888033822,83,Republican Party,S,Floor,0,1
B001243,2021Q2,2021,-0.7618702258473725,145,Republican Party,S,Floor,0,1
B001243,2021Q3,2021,-0.8671773467048947,105,Republican Party,S,Floor,0,1
B001243,2021Q4,2021,-0.9292951594716379,123,Republican Party,S,Floor,0,1
B001243,2022Q1,2022,-0.8546496105520099,129,Republican Party,S,Floor,0,1
B001243,2022Q2,2022,-0.6159071707481567,124,Republican Party,S,Floor,0,1
B001243,2022Q3,2022,-0.5983515584419881,101,Republican Party,S,Floor,0,1
B001243,2022Q4,2022,-0.47215245694329716,64,Republican Party,S,Floor,0,1
B001248,2013Q1,2013,-0.38319150811819636,61,Republican Party,H,Floor,0,1
B001248,2013Q2,2013,-0.22363666261850934,92,Republican Party,H,Floor,0,1
B001248,2013Q3,2013,-0.13545848545564115,94,Republican Party,H,Floor,0,1
B001248,2013Q4,2013,-0.1767644645988237,56,Republican Party,H,Floor,0,1
B001248,2014Q1,2014,0.3631272836252001,43,Republican Party,H,Floor,0,1
B001248,2014Q2,2014,0.35394981247915686,42,Republican Party,H,Floor,0,1
B001248,2014Q3,2014,0.29005236234833076,50,Republican Party,H,Floor,0,1
B001248,2015Q1,2015,0.3200137734220683,56,Republican Party,H,Floor,0,1
B001248,2015Q2,2015,-0.2263501361496496,38,Republican Party,H,Floor,0,1
B001248,2015Q3,2015,0.8251359800399468,32,Republican Party,H,Floor,0,1
B001248,2015Q4,2015,0.624534318876306,13,Republican Party,H,Floor,0,1
B001248,2016Q3,2016,0.6653587656733555,30,Republican Party,H,Floor,0,1
B001248,2017Q1,2017,0.9506180939968215,50,Republican Party,H,Floor,0,0
B001248,2017Q3,2017,1.2069501468302408,40,Republican Party,H,Floor,0,0
B001248,2017Q4,2017,0.8990150624552358,41,Republican Party,H,Floor,0,0
B001248,2018Q1,2018,1.002124273565609,53,Republican Party,H,Floor,0,0
B001248,2018Q2,2018,0.5502983907158896,78,Republican Party,H,Floor,0,0
B001248,2018Q3,2018,0.7424483251864756,40,Republican Party,H,Floor,0,0
B001248,2018Q4,2018,1.1307603394711156,32,Republican Party,H,Floor,0,0
B001248,2019Q1,2019,0.416303708148658,60,Republican Party,H,Floor,1,0
B001248,2019Q2,2019,0.43369627572982555,54,Republican Party,H,Floor,1,0
B001248,2019Q3,2019,0.7241516774809074,29,Republican Party,H,Floor,1,0
B001248,2019Q4,2019,1.0393320037781273,44,Republican Party,H,Floor,1,0
B001248,2020Q1,2020,0.4836999102248548,44,Republican Party,H,Floor,1,0
B001248,2021Q1,2021,0.15929824497234896,34,Republican Party,H,Floor,1,1
B001248,2021Q2,2021,0.36738569098730645,36,Republican Party,H,Floor,1,1
B001248,2021Q4,2021,-0.005117032516900279,52,Republican Party,H,Floor,1,1
B001248,2022Q3,2022,-0.17350479272474176,52,Republican Party,H,Floor,1,1
B001251,2013Q2,2013,0.14728351402434386,33,Democratic Party,H,Floor,1,0
B001251,2013Q3,2013,-0.17541813763774072,36,Democratic Party,H,Floor,1,0
B001251,2022Q1,2022,0.3950103435569089,16,Democratic Party,H,Floor,0,0
B001257,2015Q2,2015,0.4917707323065706,14,Republican Party,H,Floor,0,1
B001257,2015Q3,2015,-0.06243837880653033,18,Republican Party,H,Floor,0,1
B001257,2016Q2,2016,-0.45768172182146444,18,Republican Party,H,Floor,0,1
B001257,2016Q3,2016,0.6661995276531534,16,Republican Party,H,Floor,0,1
B001257,2017Q1,2017,0.2810771601926257,18,Republican Party,H,Floor,0,0
B001257,2017Q2,2017,0.3115004973331289,20,Republican Party,H,Floor,0,0
B001257,2017Q3,2017,0.48300611270680666,13,Republican Party,H,Floor,0,0
B001257,2021Q2,2021,0.23957905228646534,42,Republican Party,H,Floor,1,1
B001261,2013Q1,2013,-0.09727931225338145,123,Republican Party,S,Floor,1,1
B001261,2013Q2,2013,-0.16157952658195854,138,Republican Party,S,Floor,1,1
B001261,2013Q3,2013,-0.16621713740723673,127,Republican Party,S,Floor,1,1
B001261,2013Q4,2013,-0.7201126072763223,134,Republican Party,S,Floor,1,1
B001261,2014Q1,2014,-0.3854679026681572,195,Republican Party,S,Floor,1,1
B001261,2014Q2,2014,-0.287101453029194,265,Republican Party,S,Floor,1,1
B001261,2014Q3,2014,-0.2406491706955679,141,Republican Party,S,Floor,1,1
B001261,2014Q4,2014,-0.3018095114852693,71,Republican Party,S,Floor,1,1
B001261,2015Q1,2015,-0.21066869971939317,103,Republican Party,S,Floor,0,1
B001261,2015Q2,2015,-0.2476559771389478,137,Republican Party,S,Floor,0,1
B001261,2015Q3,2015,-0.062234368550469446,106,Republican Party,S,Floor,0,1
B001261,2015Q4,2015,-0.20021947267378093,93,Republican Party,S,Floor,0,1
B001261,2016Q1,2016,0.03314391339028743,120,Republican Party,S,Floor,0,1
B001261,2016Q2,2016,-0.21711090964082141,159,Republican Party,S,Floor,0,1
B001261,2016Q3,2016,-0.29087133404566695,151,Republican Party,S,Floor,0,1
B001261,2017Q1,2017,-0.2353886809308224,77,Republican Party,S,Floor,0,0
B001261,2017Q2,2017,-0.11784907323443565,63,Republican Party,S,Floor,0,0
B001261,2017Q3,2017,-0.06129419675655244,84,Republican Party,S,Floor,0,0
B001261,2017Q4,2017,0.013891473561899702,111,Republican Party,S,Floor,0,0
B001261,2018Q1,2018,-0.18987168881057978,129,Republican Party,S,Floor,0,0
B001261,2018Q2,2018,0.03276235800209462,91,Republican Party,S,Floor,0,0
B001261,2018Q3,2018,0.21306814985733233,134,Republican Party,S,Floor,0,0
B001261,2019Q1,2019,0.031053530786721923,125,Republican Party,S,Floor,0,0
B001261,2019Q2,2019,0.19102940829667964,110,Republican Party,S,Floor,0,0
B001261,2019Q3,2019,0.23502344946655285,70,Republican Party,S,Floor,0,0
B001261,2019Q4,2019,0.020417445229362827,76,Republican Party,S,Floor,0,0
B001261,2020Q1,2020,-0.1914957758639668,96,Republican Party,S,Floor,0,0
B001261,2020Q2,2020,-0.1253227358969977,83,Republican Party,S,Floor,0,0
B001261,2020Q3,2020,-0.4565829662377458,59,Republican Party,S,Floor,0,0
B001261,2020Q4,2020,0.15319903522505252,98,Republican Party,S,Floor,0,0
B001261,2021Q1,2021,-0.7028830766921492,140,Republican Party,S,Floor,0,1
B001261,2021Q2,2021,-0.47866342905011444,137,Republican Party,S,Floor,0,1
B001261,2021Q3,2021,-0.5299125449095762,174,Republican Party,S,Floor,0,1
B001261,2021Q4,2021,-0.6958748200301254,182,Republican Party,S,Floor,0,1
B001261,2022Q1,2022,-0.7228218809329758,166,Republican Party,S,Floor,0,1
B001261,2022Q2,2022,-0.5168629700855611,124,Republican Party,S,Floor,0,1
B001261,2022Q3,2022,-0.7727464086754456,127,Republican Party,S,Floor,0,1
B001267,2013Q2,2013,0.013462827126715687,130,Democratic Party,S,Floor,0,0
B001267,2013Q3,2013,0.10837051428046109,35,Democratic Party,S,Floor,0,0
B001267,2015Q1,2015,0.4446149703049517,59,Democratic Party,S,Floor,1,0
B001267,2016Q2,2016,0.27519282825049063,35,Democratic Party,S,Floor,1,0
B001267,2017Q3,2017,-0.1717887016120677,73,Democratic Party,S,Floor,1,1
B001267,2017Q4,2017,-0.21983244672069377,114,Democratic Party,S,Floor,1,1
B001267,2022Q1,2022,-0.4123654566302075,48,Democratic Party,S,Floor,1,0
B001270,2018Q2,2018,-0.020353750015641426,20,Democratic Party,H,Floor,1,1
B001270,2020Q4,2020,0.3601125875868248,34,Democratic Party,H,Floor,0,1
B001274,2013Q2,2013,-0.7947522255849425,28,Republican Party,H,Floor,0,1
B001274,2013Q3,2013,-0.36516119061811964,53,Republican Party,H,Floor,0,1
B001274,2013Q4,2013,-0.38709966422828884,35,Republican Party,H,Floor,0,1
B001275,2013Q2,2013,-0.32357257534260536,21,Republican Party,H,Floor,0,1
B001275,2016Q1,2016,0.5173416740929764,20,Republican Party,H,Floor,0,1
B001277,2013Q1,2013,-0.18800764181757368,73,Democratic Party,S,Floor,0,0
B001277,2013Q2,2013,-0.1136619008837044,162,Democratic Party,S,Floor,0,0
B001277,2013Q3,2013,0.06227607350998969,79,Democratic Party,S,Floor,0,0
B001277,2013Q4,2013,-0.002846296940567628,198,Democratic Party,S,Floor,0,0
B001277,2014Q1,2014,-0.11049310318785181,90,Democratic Party,S,Floor,0,0
B001277,2014Q2,2014,-0.0007643788598782656,141,Democratic Party,S,Floor,0,0
B001277,2014Q3,2014,-0.3527109573636899,79,Democratic Party,S,Floor,0,0
B001277,2014Q4,2014,-0.10218068155006627,50,Democratic Party,S,Floor,0,0
B001277,2015Q1,2015,-0.08695350775819936,49,Democratic Party,S,Floor,1,0
B001277,2015Q2,2015,0.16983005238340343,133,Democratic Party,S,Floor,1,0
B001277,2015Q3,2015,-0.017027513689210433,98,Democratic Party,S,Floor,1,0
B001277,2015Q4,2015,0.0018648702904131976,108,Democratic Party,S,Floor,1,0
B001277,2016Q1,2016,-0.1090102250160373,65,Democratic Party,S,Floor,1,0
B001277,2016Q2,2016,0.006696795688988505,162,Democratic Party,S,Floor,1,0
B001277,2016Q3,2016,0.03300220610952659,56,Democratic Party,S,Floor,1,0
B001277,2017Q1,2017,-0.42441144679591786,224,Democratic Party,S,Floor,1,1
B001277,2017Q2,2017,-0.16476236447570924,131,Democratic Party,S,Floor,1,1
B001277,2017Q3,2017,-0.10352670127267856,113,Democratic Party,S,Floor,1,1
B001277,2017Q4,2017,-0.441353497161413,131,Democratic Party,S,Floor,1,1
B001277,2018Q1,2018,-0.29806853119146665,158,Democratic Party,S,Floor,1,1
B001277,2018Q2,2018,-0.4310613742965324,102,Democratic Party,S,Floor,1,1
B001277,2018Q3,2018,0.013146027425639925,66,Democratic Party,S,Floor,1,1
B001277,2018Q4,2018,-0.33260163938952364,77,Democratic Party,S,Floor,1,1
B001277,2019Q1,2019,-0.13789036130410998,52,Democratic Party,S,Floor,1,1
B001277,2019Q3,2019,-0.015257360453362552,70,Democratic Party,S,Floor,1,1
B001277,2020Q3,2020,-0.25553060426288937,55,Democratic Party,S,Floor,1,1
B001277,2020Q4,2020,-0.5891006254587785,101,Democratic Party,S,Floor,1,1
B001277,2021Q1,2021,-0.34614890838333995,56,Democratic Party,S,Floor,1,0
B001277,2021Q2,2021,-0.040086401048491115,41,Democratic Party,S,Floor,1,0
B001277,2021Q4,2021,0.07041499394420088,78,Democratic Party,S,Floor,1,0
B001277,2022Q2,2022,-0.06053033079702821,88,Democratic Party,S,Floor,1,0
B001278,2013Q2,2013,-0.02959136984685099,16,Democratic Party,H,Floor,1,0
B001278,2014Q2,2014,0.9158230256514407,36,Democratic Party,H,Floor,1,0
B001278,2014Q3,2014,0.8823205025358242,23,Democratic Party,H,Floor,1,0
B001278,2015Q1,2015,0.7268347432811327,37,Democratic Party,H,Floor,1,0
B001278,2015Q2,2015,0.9839279030009351,34,Democratic Party,H,Floor,1,0
B001278,2017Q1,2017,0.6279361601252039,47,Democratic Party,H,Floor,1,1
B001278,2018Q3,2018,0.8044972984349122,34,Democratic Party,H,Floor,1,1
B001278,2019Q4,2019,1.2012013674571584,32,Democratic Party,H,Floor,0,1
B001278,2020Q1,2020,0.564107514923241,27,Democratic Party,H,Floor,0,1
B001278,2021Q2,2021,1.3970893112129146,71,Democratic Party,H,Floor,0,0
B001278,2022Q2,2022,0.6013952100937664,55,Democratic Party,H,Floor,0,0
B001281,2014Q1,2014,0.1463341908597816,31,Democratic Party,H,Floor,1,0
B001281,2015Q1,2015,0.0892736786799248,44,Democratic Party,H,Floor,1,0
B001281,2015Q2,2015,0.4588369530421176,30,Democratic Party,H,Floor,1,0
B001281,2016Q1,2016,0.10931417870955644,59,Democratic Party,H,Floor,1,0
B001281,2016Q2,2016,0.33397489988416584,51,Democratic Party,H,Floor,1,0
B001281,2017Q1,2017,-0.16418922535029412,27,Democratic Party,H,Floor,1,1
B001281,2021Q2,2021,0.3700793835364572,16,Democratic Party,H,Floor,0,0
B001282,2013Q2,2013,0.1306949258607724,41,Republican Party,H,Floor,0,1
B001282,2014Q1,2014,-0.16095147741457616,30,Republican Party,H,Floor,0,1
B001282,2014Q2,2014,-0.0692238086962564,48,Republican Party,H,Floor,0,1
B001282,2015Q2,2015,0.5592576571125545,20,Republican Party,H,Floor,0,1
B001282,2015Q4,2015,-0.2048458193660933,34,Republican Party,H,Floor,0,1
B001282,2017Q3,2017,-0.07705687174672857,35,Republican Party,H,Floor,0,0
B001282,2017Q4,2017,0.11235027324167328,51,Republican Party,H,Floor,0,0
B001282,2018Q1,2018,0.3631925978263744,57,Republican Party,H,Floor,0,0
B001282,2018Q2,2018,0.622441388345287,27,Republican Party,H,Floor,0,0
B001282,2019Q3,2019,0.9795247138905918,32,Republican Party,H,Floor,1,0
B001282,2019Q4,2019,-0.3919654215091205,47,Republican Party,H,Floor,1,0
B001282,2020Q4,2020,-0.1706631930757378,39,Republican Party,H,Floor,1,0
B001284,2013Q2,2013,0.13907195428144647,21,Republican Party,H,Floor,0,1
B001284,2014Q3,2014,0.5433418894602056,22,Republican Party,H,Floor,0,1
B001284,2016Q1,2016,0.34606141828848586,32,Republican Party,H,Floor,0,1
B001284,2016Q2,2016,0.6827829549285873,32,Republican Party,H,Floor,0,1
B001284,2017Q2,2017,0.4083326846516926,34,Republican Party,H,Floor,0,0
B001284,2018Q2,2018,0.040981006519019085,19,Republican Party,H,Floor,0,0
B001286,2013Q2,2013,-0.2545294117461081,26,Democratic Party,H,Floor,1,0
B001286,2013Q4,2013,-0.017407816227109765,31,Democratic Party,H,Floor,1,0
B001287,2013Q1,2013,-0.1824970428135946,35,Democratic Party,H,Floor,1,0
B001287,2013Q2,2013,-0.03887852378153665,20,Democratic Party,H,Floor,1,0
B001287,2013Q4,2013,-0.22968641426331995,29,Democratic Party,H,Floor,1,0
B001288,2014Q2,2014,0.3059445788535723,59,Democratic Party,S,Floor,0,0
B001288,2014Q3,2014,-0.23143702653184445,53,Democratic Party,S,Floor,0,0
B001288,2016Q1,2016,0.34405458118667265,49,Democratic Party,S,Floor,1,0
B001288,2016Q2,2016,-0.35338459756083684,176,Democratic Party,S,Floor,1,0
B001288,2016Q3,2016,0.053515771756339266,97,Democratic Party,S,Floor,1,0
B001288,2017Q1,2017,-0.28171819969064754,335,Democratic Party,S,Floor,1,1
B001288,2017Q2,2017,0.07591773945663549,74,Democratic Party,S,Floor,1,1
B001288,2017Q3,2017,-0.15040793943780817,84,Democratic Party,S,Floor,1,1
B001288,2020Q2,2020,-0.6572615846603738,90,Democratic Party,S,Floor,1,1
B001289,2014Q3,2014,0.24364457165147613,22,Republican Party,H,Floor,0,1
B001289,2015Q1,2015,-0.2838130480444193,67,Republican Party,H,Floor,0,1
B001289,2015Q2,2015,0.1112410522492146,44,Republican Party,H,Floor,0,1
B001289,2015Q4,2015,-0.12315266455127924,33,Republican Party,H,Floor,0,1
B001289,2016Q1,2016,-0.4276122271298813,28,Republican Party,H,Floor,0,1
B001289,2016Q2,2016,0.2864483699256429,98,Republican Party,H,Floor,0,1
B001289,2016Q3,2016,0.22249272649348395,60,Republican Party,H,Floor,0,1
B001289,2017Q1,2017,0.40559475355326247,96,Republican Party,H,Floor,0,0
B001289,2017Q3,2017,0.5644053008594273,38,Republican Party,H,Floor,0,0
B001289,2018Q1,2018,0.06412709829967617,22,Republican Party,H,Floor,0,0
B001289,2018Q2,2018,0.37433955462681123,32,Republican Party,H,Floor,0,0
B001289,2019Q4,2019,-0.574435282401364,22,Republican Party,H,Floor,1,0
B001289,2020Q4,2020,-0.30430143438130536,33,Republican Party,H,Floor,1,0
B001291,2015Q1,2015,-0.02189748487945477,14,Republican Party,H,Floor,0,1
B001291,2015Q2,2015,0.22998835564432346,29,Republican Party,H,Floor,0,1
B001291,2015Q4,2015,-0.43704053401513243,51,Republican Party,H,Floor,0,1
B001291,2017Q1,2017,-0.20260198221851392,33,Republican Party,H,Floor,0,0
B001291,2018Q2,2018,0.9114087106682836,30,Republican Party,H,Floor,0,0
B001291,2022Q1,2022,-0.9431547593062198,31,Republican Party,H,Floor,1,1
B001292,2015Q2,2015,0.5147164560838486,46,Democratic Party,H,Floor,1,0
B001292,2016Q1,2016,0.23172315427490325,33,Democratic Party,H,Floor,1,0
B001292,2016Q3,2016,0.5220375922001917,37,Democratic Party,H,Floor,1,0
B001292,2017Q1,2017,0.44831330967100613,25,Democratic Party,H,Floor,1,1
B001292,2017Q3,2017,0.4824510550487471,36,Democratic Party,H,Floor,1,1
B001292,2021Q1,2021,0.2638039313781605,26,Democratic Party,H,Floor,0,0
B001292,2022Q3,2022,0.823788262141169,20,Democratic Party,H,Floor,0,0
B001295,2018Q1,2018,-0.42493183394795464,25,Republican Party,H,Floor,0,0
B001295,2018Q2,2018,0.3675727820874766,15,Republican Party,H,Floor,0,0
B001295,2019Q1,2019,-0.6627959054618389,25,Republican Party,H,Floor,1,0
B001295,2019Q4,2019,1.0090067768292579,23,Republican Party,H,Floor,1,0
B001295,2021Q2,2021,0.6744133643694354,56,Republican Party,H,Floor,1,1
B001295,2021Q4,2021,0.6847572152571515,35,Republican Party,H,Floor,1,1
B001295,2022Q1,2022,0.318127065953964,41,Republican Party,H,Floor,1,1
B001295,2022Q2,2022,1.0410209996525845,23,Republican Party,H,Floor,1,1
B001295,2022Q3,2022,0.27152030758478185,51,Republican Party,H,Floor,1,1
B001295,2022Q4,2022,0.6431929821208309,35,Republican Party,H,Floor,1,1
B001296,2016Q1,2016,-0.08406691138384108,24,Democratic Party,H,Floor,1,0
B001296,2017Q1,2017,-0.30212717797042143,29,Democratic Party,H,Floor,1,1
B001296,2018Q1,2018,0.35845084675644695,21,Democratic Party,H,Floor,1,1
B001297,2017Q1,2017,0.32837100211464865,35,Republican Party,H,Floor,0,0
B001297,2017Q2,2017,0.35628847743148223,48,Republican Party,H,Floor,0,0
B001297,2017Q3,2017,0.1497407266005321,21,Republican Party,H,Floor,0,0
B001297,2017Q4,2017,0.053571975393492316,29,Republican Party,H,Floor,0,0
B001297,2018Q1,2018,0.3291359563691206,50,Republican Party,H,Floor,0,0
B001298,2018Q2,2018,0.29805046176592537,18,Republican Party,H,Floor,0,0
B001299,2018Q2,2018,-0.267643655702853,17,Republican Party,H,Floor,0,0
B001299,2019Q2,2019,-0.20429703492715906,37,Republican Party,H,Floor,1,0
B001299,2022Q1,2022,-0.5932002828117912,16,Republican Party,H,Floor,1,1
B001300,2017Q1,2017,-0.4721512912261069,21,Democratic Party,H,Floor,1,1
B001300,2017Q3,2017,0.48911603804303916,21,Democratic Party,H,Floor,1,1
B001300,2017Q4,2017,0.33603287544698646,28,Democratic Party,H,Floor,1,1
B001302,2017Q2,2017,-0.4807009849139328,18,Republican Party,H,Floor,0,0
B001302,2017Q4,2017,0.09851310903308579,37,Republican Party,H,Floor,0,0
B001302,2018Q1,2018,0.20619045177525677,26,Republican Party,H,Floor,0,0
B001302,2018Q2,2018,0.17996955418152477,35,Republican Party,H,Floor,0,0
B001302,2019Q1,2019,-0.07249188999757422,76,Republican Party,H,Floor,1,0
B001302,2019Q2,2019,0.053732014162779375,27,Republican Party,H,Floor,1,0
B001302,2020Q3,2020,-0.5256249028009244,45,Republican Party,H,Floor,1,0
B001302,2021Q1,2021,-0.4519763811498478,47,Republican Party,H,Floor,1,1
B001302,2022Q2,2022,-0.6248595076309071,38,Republican Party,H,Floor,1,1
B001302,2022Q3,2022,-0.4218736878675304,23,Republican Party,H,Floor,1,1
B001309,2020Q4,2020,-0.18746485962909007,19,Republican Party,H,Floor,1,0
B001309,2021Q2,2021,-0.5729018350649495,28,Republican Party,H,Floor,1,1
B001309,2021Q4,2021,-1.0247202284179497,38,Republican Party,H,Floor,1,1
B001309,2022Q1,2022,-0.11353474927993719,39,Republican Party,H,Floor,1,1
B001309,2022Q2,2022,-0.3144645851576685,32,Republican Party,H,Floor,1,1
B001310,2022Q1,2022,-0.3413601195609427,30,Republican Party,S,Floor,0,1
B001311,2021Q1,2021,-0.590851006216168,28,Republican Party,H,Floor,1,1
B001311,2021Q2,2021,0.15856647711350025,28,Republican Party,H,Floor,1,1
B001311,2022Q1,2022,0.30292846311228644,31,Republican Party,H,Floor,1,1
B001311,2022Q2,2022,-0.7605500136870904,30,Republican Party,H,Floor,1,1
B001313,2022Q1,2022,0.3929511024603205,15,Democratic Party,H,Floor,0,0
B001313,2022Q2,2022,0.634262176854426,19,Democratic Party,H,Floor,0,0
C000059,2015Q2,2015,0.30263811496354615,31,Republican Party,H,Floor,0,1
C000059,2015Q3,2015,0.2533923015197089,71,Republican Party,H,Floor,0,1
C000059,2016Q3,2016,0.23180717174506824,75,Republican Party,H,Floor,0,1
C000059,2017Q3,2017,0.49619516703193156,62,Republican Party,H,Floor,0,0
C000059,2018Q3,2018,0.5756999846681432,16,Republican Party,H,Floor,0,0
C000059,2019Q2,2019,0.236221617849429,25,Republican Party,H,Floor,1,0
C000127,2014Q2,2014,0.22726131916302117,48,Democratic Party,S,Floor,0,0
C000127,2015Q1,2015,0.6192533901255286,166,Democratic Party,S,Floor,1,0
C000127,2015Q2,2015,0.18384236401264817,43,Democratic Party,S,Floor,1,0
C000127,2015Q4,2015,0.1629831391494033,95,Democratic Party,S,Floor,1,0
C000127,2016Q1,2016,0.8562204669279513,83,Democratic Party,S,Floor,1,0
C000127,2016Q2,2016,0.19631544932622655,91,Democratic Party,S,Floor,1,0
C000127,2017Q1,2017,0.25086009847736235,335,Democratic Party,S,Floor,1,1
C000127,2017Q2,2017,0.331301967557512,123,Democratic Party,S,Floor,1,1
C000127,2017Q3,2017,-0.11904474418849369,76,Democratic Party,S,Floor,1,1
C000127,2017Q4,2017,0.3443140709625013,105,Democratic Party,S,Floor,1,1
C000127,2018Q2,2018,0.36135405244153906,57,Democratic Party,S,Floor,1,1
C000127,2021Q2,2021,0.7299308357743288,151,Democratic Party,S,Floor,1,0
C000127,2021Q4,2021,0.258774234941925,54,Democratic Party,S,Floor,1,0
C000127,2022Q1,2022,-0.07070238078655317,146,Democratic Party,S,Floor,1,0
C000141,2013Q1,2013,0.5252035171407691,159,Democratic Party,S,Floor,0,0
C000141,2013Q2,2013,0.24077258349543687,220,Democratic Party,S,Floor,0,0
C000141,2013Q3,2013,0.4500275476237965,140,Democratic Party,S,Floor,0,0
C000141,2013Q4,2013,0.053106362987483786,216,Democratic Party,S,Floor,0,0
C000141,2014Q1,2014,0.5561874407336942,159,Democratic Party,S,Floor,0,0
C000141,2014Q2,2014,0.5604005454151916,286,Democratic Party,S,Floor,0,0
C000141,2014Q3,2014,0.7072121063174357,144,Democratic Party,S,Floor,0,0
C000141,2014Q4,2014,0.47792109152529183,111,Democratic Party,S,Floor,0,0
C000141,2015Q1,2015,0.6953003250934328,193,Democratic Party,S,Floor,1,0
C000141,2015Q2,2015,0.5696064497170046,242,Democratic Party,S,Floor,1,0
C000141,2015Q3,2015,0.4636999884011244,117,Democratic Party,S,Floor,1,0
C000141,2015Q4,2015,0.5081276028043805,242,Democratic Party,S,Floor,1,0
C000141,2016Q1,2016,0.43187650497677343,149,Democratic Party,S,Floor,1,0
C000141,2016Q2,2016,0.4898724229221065,195,Democratic Party,S,Floor,1,0
C000141,2016Q3,2016,0.5848260256950717,151,Democratic Party,S,Floor,1,0
C000141,2016Q4,2016,0.1556028109011767,91,Democratic Party,S,Floor,1,0
C000141,2017Q1,2017,0.13421928312510684,421,Democratic Party,S,Floor,1,1
C000141,2017Q2,2017,0.3296989766461379,212,Democratic Party,S,Floor,1,1
C000141,2017Q3,2017,0.648317835196252,136,Democratic Party,S,Floor,1,1
C000141,2017Q4,2017,-0.06817688834054586,207,Democratic Party,S,Floor,1,1
C000141,2018Q1,2018,0.25275358452611635,236,Democratic Party,S,Floor,1,1
C000141,2018Q2,2018,0.5057695961664036,97,Democratic Party,S,Floor,1,1
C000141,2018Q3,2018,0.2697334945937789,96,Democratic Party,S,Floor,1,1
C000141,2018Q4,2018,0.41300919062287067,197,Democratic Party,S,Floor,1,1
C000141,2019Q1,2019,0.20136263230057275,176,Democratic Party,S,Floor,1,1
C000141,2019Q2,2019,0.42272742461866303,170,Democratic Party,S,Floor,1,1
C000141,2019Q3,2019,0.3248402635474931,130,Democratic Party,S,Floor,1,1
C000141,2019Q4,2019,0.4348451327981658,134,Democratic Party,S,Floor,1,1
C000141,2020Q1,2020,0.6125630586695798,126,Democratic Party,S,Floor,1,1
C000141,2020Q2,2020,0.4398612901909814,233,Democratic Party,S,Floor,1,1
C000141,2020Q4,2020,0.07364301722933274,108,Democratic Party,S,Floor,1,1
C000141,2021Q1,2021,0.33037123633099874,166,Democratic Party,S,Floor,1,0
C000141,2021Q2,2021,0.4165719513516168,122,Democratic Party,S,Floor,1,0
C000141,2021Q3,2021,0.4486864464151054,93,Democratic Party,S,Floor,1,0
C000141,2021Q4,2021,0.4487124857309673,128,Democratic Party,S,Floor,1,0
C000141,2022Q1,2022,0.5225218848874665,194,Democratic Party,S,Floor,1,0
C000141,2022Q2,2022,0.6978800103631457,135,Democratic Party,S,Floor,1,0
C000141,2022Q3,2022,0.9054734671016504,126,Democratic Party,S,Floor,1,0
C000174,2013Q2,2013,0.032952135399144294,94,Democratic Party,S,Floor,0,0
C000174,2013Q4,2013,0.021807204702541078,135,Democratic Party,S,Floor,0,0
C000174,2014Q3,2014,-0.027849868140853773,107,Democratic Party,S,Floor,0,0
C000174,2014Q4,2014,-0.21924750407855312,81,Democratic Party,S,Floor,0,0
C000174,2015Q1,2015,-0.1194088012622159,119,Democratic Party,S,Floor,1,0
C000174,2015Q2,2015,0.11495419764053952,120,Democratic Party,S,Floor,1,0
C000174,2015Q3,2015,0.15287620422292972,143,Democratic Party,S,Floor,1,0
C000174,2015Q4,2015,0.044214170072170156,255,Democratic Party,S,Floor,1,0
C000174,2016Q1,2016,-0.0005703343429829331,103,Democratic Party,S,Floor,1,0
C000174,2016Q2,2016,0.010407809525654873,125,Democratic Party,S,Floor,1,0
C000174,2016Q3,2016,0.22205751102693724,146,Democratic Party,S,Floor,1,0
C000174,2017Q1,2017,0.13941065771031494,278,Democratic Party,S,Floor,1,1
C000174,2017Q2,2017,0.19057486511620178,76,Democratic Party,S,Floor,1,1
C000174,2017Q4,2017,0.37043996820554365,129,Democratic Party,S,Floor,1,1
C000174,2018Q2,2018,0.22412261478025766,149,Democratic Party,S,Floor,1,1
C000174,2018Q4,2018,0.3376487829193302,125,Democratic Party,S,Floor,1,1
C000174,2019Q1,2019,0.10278467796562668,176,Democratic Party,S,Floor,1,1
C000174,2019Q4,2019,-0.0007407877439668411,124,Democratic Party,S,Floor,1,1
C000174,2020Q1,2020,-0.15352106403098506,76,Democratic Party,S,Floor,1,1
C000174,2020Q2,2020,0.1137701689259592,89,Democratic Party,S,Floor,1,1
C000174,2021Q1,2021,-0.09173515389110874,96,Democratic Party,S,Floor,1,0
C000174,2021Q2,2021,0.25169240198430193,123,Democratic Party,S,Floor,1,0
C000174,2021Q3,2021,0.19695039807855716,83,Democratic Party,S,Floor,1,0
C000174,2022Q3,2022,0.3792484561375976,132,Democratic Party,S,Floor,1,0
C000266,2015Q2,2015,0.49153483184986707,29,Republican Party,H,Floor,0,1
C000266,2015Q3,2015,0.16090257500516897,41,Republican Party,H,Floor,0,1
C000266,2015Q4,2015,-0.15314657935994871,35,Republican Party,H,Floor,0,1
C000266,2016Q1,2016,-0.30548158352050236,21,Republican Party,H,Floor,0,1
C000266,2016Q2,2016,0.31278756857095225,28,Republican Party,H,Floor,0,1
C000266,2017Q1,2017,0.37509195977272447,30,Republican Party,H,Floor,0,0
C000266,2018Q1,2018,0.0989986011090935,28,Republican Party,H,Floor,0,0
C000266,2018Q2,2018,0.38867238560304784,36,Republican Party,H,Floor,0,0
C000266,2019Q3,2019,0.6262481610656176,29,Republican Party,H,Floor,1,0
C000266,2019Q4,2019,0.7578525975564255,34,Republican Party,H,Floor,1,0
C000266,2020Q1,2020,0.362503438108787,23,Republican Party,H,Floor,1,0
C000266,2020Q3,2020,0.5013153542732744,25,Republican Party,H,Floor,1,0
C000266,2020Q4,2020,0.3070469511631987,38,Republican Party,H,Floor,1,0
C000880,2014Q3,2014,0.4713833039425445,34,Republican Party,S,Floor,1,1
C000880,2017Q4,2017,0.9203384661136992,63,Republican Party,S,Floor,0,0
C000880,2018Q1,2018,0.7564205162563568,83,Republican Party,S,Floor,0,0
C000880,2018Q3,2018,0.5888472689268922,36,Republican Party,S,Floor,0,0
C000984,2013Q1,2013,-0.25758246645213045,35,Democratic Party,H,Floor,1,0
C000984,2013Q3,2013,-0.03642404209080365,38,Democratic Party,H,Floor,1,0
C000984,2014Q1,2014,0.7793004633580338,41,Democratic Party,H,Floor,1,0
C000984,2014Q3,2014,0.3152216217380401,37,Democratic Party,H,Floor,1,0
C000984,2016Q1,2016,0.6247530052856666,28,Democratic Party,H,Floor,1,0
C000984,2017Q1,2017,0.3673554994557287,25,Democratic Party,H,Floor,1,1
C000984,2019Q1,2019,0.6281090586591629,53,Democratic Party,H,Floor,0,1
C001035,2013Q1,2013,0.47995234462019537,87,Republican Party,S,Floor,1,1
C001035,2013Q2,2013,0.3436135033775658,130,Republican Party,S,Floor,1,1
C001035,2013Q3,2013,0.5851407331083515,87,Republican Party,S,Floor,1,1
C001035,2013Q4,2013,0.5436551016173791,96,Republican Party,S,Floor,1,1
C001035,2014Q1,2014,0.40839190171054546,94,Republican Party,S,Floor,1,1
C001035,2014Q2,2014,0.4387250869973551,73,Republican Party,S,Floor,1,1
C001035,2014Q3,2014,0.10033836509331158,46,Republican Party,S,Floor,1,1
C001035,2014Q4,2014,0.27055257784871867,62,Republican Party,S,Floor,1,1
C001035,2015Q1,2015,0.5954200544459249,148,Republican Party,S,Floor,0,1
C001035,2015Q2,2015,0.4253510464651633,75,Republican Party,S,Floor,0,1
C001035,2015Q3,2015,0.5330984835718564,133,Republican Party,S,Floor,0,1
C001035,2015Q4,2015,0.4928894055641494,123,Republican Party,S,Floor,0,1
C001035,2016Q1,2016,0.2969928404358893,49,Republican Party,S,Floor,0,1
C001035,2016Q2,2016,0.4610903085427819,103,Republican Party,S,Floor,0,1
C001035,2016Q3,2016,0.5392039557109954,65,Republican Party,S,Floor,0,1
C001035,2016Q4,2016,0.040966362268619806,55,Republican Party,S,Floor,0,1
C001035,2017Q1,2017,0.2577426926105995,111,Republican Party,S,Floor,0,0
C001035,2017Q2,2017,0.9304413466681397,101,Republican Party,S,Floor,0,0
C001035,2017Q3,2017,1.2680992175818921,75,Republican Party,S,Floor,0,0
C001035,2017Q4,2017,0.8852463105744431,118,Republican Party,S,Floor,0,0
C001035,2018Q1,2018,0.2240724643402432,75,Republican Party,S,Floor,0,0
C001035,2018Q2,2018,1.0860008376068966,71,Republican Party,S,Floor,0,0
C001035,2018Q3,2018,0.5666708497706321,92,Republican Party,S,Floor,0,0
C001035,2018Q4,2018,0.2841823997554844,111,Republican Party,S,Floor,0,0
C001035,2019Q1,2019,0.8894048383736167,151,Republican Party,S,Floor,0,0
C001035,2019Q2,2019,1.041053672100589,150,Republican Party,S,Floor,0,0
C001035,2019Q4,2019,0.8399178728872552,148,Republican Party,S,Floor,0,0
C001035,2020Q1,2020,0.6592316175717177,83,Republican Party,S,Floor,0,0
C001035,2020Q3,2020,0.5907155451895899,87,Republican Party,S,Floor,0,0
C001035,2020Q4,2020,0.38179830936998055,70,Republican Party,S,Floor,0,0
C001035,2021Q1,2021,0.5775301431382643,86,Republican Party,S,Floor,0,1
C001035,2021Q2,2021,1.0429313576025971,79,Republican Party,S,Floor,0,1
C001035,2021Q4,2021,0.90057551518521,44,Republican Party,S,Floor,0,1
C001035,2022Q1,2022,0.7440483170833905,50,Republican Party,S,Floor,0,1
C001035,2022Q3,2022,0.7615039792621988,51,Republican Party,S,Floor,0,1
C001035,2022Q4,2022,0.3419338870208543,60,Republican Party,S,Floor,0,1
C001039,2021Q1,2021,-0.7569303897763772,23,Republican Party,H,Floor,1,1
C001039,2021Q2,2021,-0.3463686292327026,20,Republican Party,H,Floor,1,1
C001039,2021Q4,2021,-0.3612798693270754,37,Republican Party,H,Floor,1,1
C001039,2022Q1,2022,-0.4784773980134216,29,Republican Party,H,Floor,1,1
C001047,2014Q1,2014,0.6191367292599076,22,Republican Party,H,Floor,0,1
C001047,2014Q2,2014,0.36767760160988155,26,Republican Party,H,Floor,0,1
C001047,2014Q3,2014,0.5423415337658515,20,Republican Party,H,Floor,0,1
C001047,2016Q3,2016,0.26730182462944896,80,Republican Party,S,Floor,0,1
C001047,2017Q4,2017,0.2768792898620333,103,Republican Party,S,Floor,0,0
C001047,2021Q2,2021,0.23392400938981714,43,Republican Party,S,Floor,0,1
C001047,2021Q3,2021,0.38260850859998835,41,Republican Party,S,Floor,0,1
C001051,2013Q2,2013,0.25528629627744226,51,Republican Party,H,Floor,0,1
C001051,2017Q3,2017,-0.20442008138708972,37,Republican Party,H,Floor,0,0
C001051,2018Q2,2018,0.3370486210409313,20,Republican Party,H,Floor,0,0
C001053,2013Q1,2013,0.20661140961831231,56,Republican Party,H,Floor,0,1
C001053,2013Q3,2013,-0.0460949590137445,45,Republican Party,H,Floor,0,1
C001053,2013Q4,2013,-0.05068252292317124,32,Republican Party,H,Floor,0,1
C001053,2014Q2,2014,0.3462086103705473,89,Republican Party,H,Floor,0,1
C001053,2014Q3,2014,0.3535065849337402,103,Republican Party,H,Floor,0,1
C001053,2014Q4,2014,0.1606263803441771,33,Republican Party,H,Floor,0,1
C001053,2015Q4,2015,0.2148817174496233,87,Republican Party,H,Floor,0,1
C001053,2016Q2,2016,0.8390834809859015,74,Republican Party,H,Floor,0,1
C001053,2017Q3,2017,0.5748348913510609,91,Republican Party,H,Floor,0,0
C001053,2018Q1,2018,0.4005938082235049,67,Republican Party,H,Floor,0,0
C001053,2019Q1,2019,0.13962904209728386,89,Republican Party,H,Floor,1,0
C001053,2019Q2,2019,0.15366824752694008,64,Republican Party,H,Floor,1,0
C001053,2019Q4,2019,0.42698486346953407,60,Republican Party,H,Floor,1,0
C001053,2020Q2,2020,0.5413675212334751,60,Republican Party,H,Floor,1,0
C001053,2020Q3,2020,-0.18574251785663923,58,Republican Party,H,Floor,1,0
C001053,2021Q1,2021,-0.3648118873766408,47,Republican Party,H,Floor,1,1
C001053,2021Q3,2021,-0.033041063168450215,49,Republican Party,H,Floor,1,1
C001053,2021Q4,2021,-0.20505505560224943,42,Republican Party,H,Floor,1,1
C001055,2019Q3,2019,0.5410565858280608,45,Democratic Party,H,Floor,0,1
C001055,2019Q4,2019,0.6122802908869265,43,Democratic Party,H,Floor,0,1
C001055,2020Q4,2020,0.9756629011718667,61,Democratic Party,H,Floor,0,1
C001056,2013Q1,2013,-0.28169677966478746,198,Republican Party,S,Floor,1,1
C001056,2013Q2,2013,-0.5392643988718464,339,Republican Party,S,Floor,1,1
C001056,2013Q3,2013,-0.3456350546965341,227,Republican Party,S,Floor,1,1
C001056,2013Q4,2013,-0.23217497987026506,265,Republican Party,S,Floor,1,1
C001056,2014Q1,2014,-0.22291761824247455,265,Republican Party,S,Floor,1,1
C001056,2014Q2,2014,-0.3773536397422208,324,Republican Party,S,Floor,1,1
C001056,2014Q3,2014,-0.35969217521372326,230,Republican Party,S,Floor,1,1
C001056,2014Q4,2014,-0.5967979977088294,147,Republican Party,S,Floor,1,1
C001056,2015Q1,2015,-0.5051054468759617,337,Republican Party,S,Floor,0,1
C001056,2015Q2,2015,-0.08490869843740904,290,Republican Party,S,Floor,0,1
C001056,2015Q3,2015,-0.32490923499410973,197,Republican Party,S,Floor,0,1
C001056,2015Q4,2015,-0.29469232995677624,323,Republican Party,S,Floor,0,1
C001056,2016Q1,2016,-0.0313062222229059,305,Republican Party,S,Floor,0,1
C001056,2016Q2,2016,-0.09047844468313682,357,Republican Party,S,Floor,0,1
C001056,2016Q3,2016,-0.23518831841913634,209,Republican Party,S,Floor,0,1
C001056,2016Q4,2016,0.22205447107239448,101,Republican Party,S,Floor,0,1
C001056,2017Q1,2017,-0.3566547388383596,261,Republican Party,S,Floor,0,0
C001056,2017Q2,2017,-0.030905538401333286,234,Republican Party,S,Floor,0,0
C001056,2017Q3,2017,0.04853013611704837,256,Republican Party,S,Floor,0,0
C001056,2017Q4,2017,0.024060127661167743,289,Republican Party,S,Floor,0,0
C001056,2018Q1,2018,-0.06932590597633627,494,Republican Party,S,Floor,0,0
C001056,2018Q2,2018,0.07297252224257147,334,Republican Party,S,Floor,0,0
C001056,2018Q3,2018,-0.10402159029396926,315,Republican Party,S,Floor,0,0
C001056,2018Q4,2018,-0.17736994344965,282,Republican Party,S,Floor,0,0
C001056,2019Q1,2019,-0.17595847589477936,279,Republican Party,S,Floor,0,0
C001056,2019Q2,2019,0.07810577547500408,324,Republican Party,S,Floor,0,0
C001056,2019Q3,2019,0.11390611724735637,159,Republican Party,S,Floor,0,0
C001056,2019Q4,2019,-0.07534519264750825,259,Republican Party,S,Floor,0,0
C001056,2020Q1,2020,-0.11774553953489765,233,Republican Party,S,Floor,0,0
C001056,2020Q2,2020,0.10841380896156388,280,Republican Party,S,Floor,0,0
C001056,2020Q3,2020,0.224045410948724,152,Republican Party,S,Floor,0,0
C001056,2020Q4,2020,-0.07939691150747441,277,Republican Party,S,Floor,0,0
C001056,2021Q1,2021,-0.15270215215808122,188,Republican Party,S,Floor,0,1
C001056,2021Q2,2021,-0.2860670591738274,354,Republican Party,S,Floor,0,1
C001056,2021Q3,2021,-0.43302435004928846,255,Republican Party,S,Floor,0,1
C001056,2021Q4,2021,-0.5365655089383344,302,Republican Party,S,Floor,0,1
C001056,2022Q1,2022,-0.14113583330008148,351,Republican Party,S,Floor,0,1
C001056,2022Q2,2022,0.026507946706790537,309,Republican Party,S,Floor,0,1
C001056,2022Q3,2022,-0.21619937403133743,245,Republican Party,S,Floor,0,1
C001056,2022Q4,2022,-0.1930065331131525,153,Republican Party,S,Floor,0,1
C001059,2013Q2,2013,0.2060870955068054,36,Democratic Party,H,Floor,1,0
C001059,2014Q2,2014,-0.22818926007379314,38,Democratic Party,H,Floor,1,0
C001059,2015Q1,2015,-0.28186794863106285,31,Democratic Party,H,Floor,1,0
C001059,2015Q2,2015,0.31441803682408176,29,Democratic Party,H,Floor,1,0
C001059,2015Q3,2015,0.3756748212174093,35,Democratic Party,H,Floor,1,0
C001059,2016Q2,2016,0.0008654060717094569,32,Democratic Party,H,Floor,1,0
C001059,2016Q3,2016,0.3247543861818595,23,Democratic Party,H,Floor,1,0
C001059,2017Q2,2017,0.3072922874640489,25,Democratic Party,H,Floor,1,1
C001059,2017Q3,2017,0.5230582095374755,40,Democratic Party,H,Floor,1,1
C001059,2018Q1,2018,0.1149459645729994,61,Democratic Party,H,Floor,1,1
C001059,2018Q2,2018,0.1674942193890781,65,Democratic Party,H,Floor,1,1
C001059,2019Q1,2019,-0.6044954988121638,32,Democratic Party,H,Floor,0,1
C001059,2019Q3,2019,0.15946405345156603,25,Democratic Party,H,Floor,0,1
C001059,2019Q4,2019,0.058573489572222,36,Democratic Party,H,Floor,0,1
C001059,2020Q1,2020,0.4000522366298346,29,Democratic Party,H,Floor,0,1
C001061,2021Q2,2021,0.4829322022820309,21,Democratic Party,H,Floor,0,0
C001062,2014Q2,2014,0.3074035228874263,26,Republican Party,H,Floor,0,1
C001062,2018Q2,2018,0.027189473377009644,53,Republican Party,H,Floor,0,0
C001066,2015Q3,2015,-0.28369522267356323,21,Democratic Party,H,Floor,1,0
C001066,2015Q4,2015,0.2578402627866643,22,Democratic Party,H,Floor,1,0
C001066,2016Q3,2016,0.13684284784148196,19,Democratic Party,H,Floor,1,0
C001066,2017Q1,2017,0.016982710423876682,36,Democratic Party,H,Floor,1,1
C001066,2017Q3,2017,0.7951279914739622,39,Democratic Party,H,Floor,1,1
C001067,2018Q2,2018,-0.24000359094230364,40,Democratic Party,H,Floor,1,1
C001067,2019Q4,2019,0.34593698177595944,27,Democratic Party,H,Floor,0,1
C001068,2013Q1,2013,-0.045182945366899166,21,Democratic Party,H,Floor,1,0
C001068,2013Q2,2013,0.09185413486139964,35,Democratic Party,H,Floor,1,0
C001068,2013Q3,2013,-0.5052225917954101,46,Democratic Party,H,Floor,1,0
C001068,2013Q4,2013,-0.5340928775297205,33,Democratic Party,H,Floor,1,0
C001068,2014Q1,2014,-0.14274499018530568,30,Democratic Party,H,Floor,1,0
C001068,2014Q2,2014,-0.04252458668355497,72,Democratic Party,H,Floor,1,0
C001068,2014Q3,2014,-0.1960691484773199,21,Democratic Party,H,Floor,1,0
C001068,2015Q1,2015,-0.2815184990624193,34,Democratic Party,H,Floor,1,0
C001068,2015Q2,2015,0.1265573145291213,40,Democratic Party,H,Floor,1,0
C001068,2015Q3,2015,-0.4449959418474465,33,Democratic Party,H,Floor,1,0
C001068,2015Q4,2015,-0.5710990599950724,22,Democratic Party,H,Floor,1,0
C001068,2016Q2,2016,-0.49088526129987436,28,Democratic Party,H,Floor,1,0
C001068,2017Q1,2017,-0.566581191341208,40,Democratic Party,H,Floor,1,1
C001068,2017Q4,2017,-0.870646324084823,46,Democratic Party,H,Floor,1,1
C001068,2018Q2,2018,-0.3064205635765197,26,Democratic Party,H,Floor,1,1
C001068,2019Q2,2019,-0.27649698634347236,14,Democratic Party,H,Floor,0,1
C001068,2020Q1,2020,0.018721149809398326,30,Democratic Party,H,Floor,0,1
C001068,2021Q4,2021,-0.300205891027984,21,Democratic Party,H,Floor,0,0
C001068,2022Q2,2022,-0.03899215790739698,33,Democratic Party,H,Floor,0,0
C001069,2013Q2,2013,0.23952091978117432,63,Democratic Party,H,Floor,1,0
C001069,2013Q3,2013,-0.0694751897430074,37,Democratic Party,H,Floor,1,0
C001069,2014Q1,2014,-0.12847319537552823,22,Democratic Party,H,Floor,1,0
C001069,2014Q3,2014,0.17163630213137143,19,Democratic Party,H,Floor,1,0
C001069,2015Q1,2015,0.2069831365723731,30,Democratic Party,H,Floor,1,0
C001069,2017Q1,2017,-0.2619771680005114,52,Democratic Party,H,Floor,1,1
C001069,2017Q3,2017,0.29199400959450544,26,Democratic Party,H,Floor,1,1
C001069,2018Q2,2018,0.47488401936015845,36,Democratic Party,H,Floor,1,1
C001069,2019Q4,2019,0.7792174891430901,40,Democratic Party,H,Floor,0,1
C001069,2021Q2,2021,1.2096822477979543,29,Democratic Party,H,Floor,0,0
C001070,2013Q2,2013,0.6396188029310577,49,Democratic Party,S,Floor,0,0
C001070,2013Q3,2013,0.1086860390480569,96,Democratic Party,S,Floor,0,0
C001070,2013Q4,2013,0.07176724994033272,112,Democratic Party,S,Floor,0,0
C001070,2014Q1,2014,0.4854364782931467,93,Democratic Party,S,Floor,0,0
C001070,2014Q2,2014,0.46186513941916435,108,Democratic Party,S,Floor,0,0
C001070,2015Q1,2015,0.2861128032370444,77,Democratic Party,S,Floor,1,0
C001070,2015Q3,2015,0.596006202977657,75,Democratic Party,S,Floor,1,0
C001070,2016Q1,2016,0.38103725094453245,83,Democratic Party,S,Floor,1,0
C001070,2016Q2,2016,0.047906510753443717,104,Democratic Party,S,Floor,1,0
C001070,2016Q3,2016,0.37532473157637714,77,Democratic Party,S,Floor,1,0
C001070,2017Q1,2017,0.19766645540243422,190,Democratic Party,S,Floor,1,1
C001070,2017Q2,2017,0.08510435891402356,93,Democratic Party,S,Floor,1,1
C001070,2017Q4,2017,0.11701329890714447,199,Democratic Party,S,Floor,1,1
C001070,2018Q1,2018,0.2002497088932263,115,Democratic Party,S,Floor,1,1
C001070,2018Q2,2018,0.288545945523687,45,Democratic Party,S,Floor,1,1
C001070,2018Q4,2018,0.31664832074043614,101,Democratic Party,S,Floor,1,1
C001070,2019Q2,2019,0.24815884224260504,110,Democratic Party,S,Floor,1,1
C001070,2019Q4,2019,0.10748293692366713,141,Democratic Party,S,Floor,1,1
C001070,2022Q2,2022,0.048312003370109595,44,Democratic Party,S,Floor,1,0
C001071,2013Q2,2013,-0.4008507105498683,81,Republican Party,S,Floor,1,1
C001071,2013Q3,2013,-0.04880899229011718,40,Republican Party,S,Floor,1,1
C001071,2014Q3,2014,-0.39967357558765876,73,Republican Party,S,Floor,1,1
C001071,2015Q2,2015,-0.14244994533675415,70,Republican Party,S,Floor,0,1
C001071,2015Q3,2015,-0.36668452320101624,155,Republican Party,S,Floor,0,1
C001071,2016Q1,2016,-0.008541688833032576,40,Republican Party,S,Floor,0,1
C001071,2016Q3,2016,-0.3452741300229894,33,Republican Party,S,Floor,0,1
C001071,2018Q2,2018,-0.23377628320977265,43,Republican Party,S,Floor,0,0
C001071,2018Q4,2018,0.2326767696328317,21,Republican Party,S,Floor,0,0
C001072,2022Q3,2022,0.9248287886051288,20,Democratic Party,H,Floor,0,0
C001075,2021Q3,2021,-0.1284178396896687,62,Republican Party,S,Floor,0,1
C001078,2013Q1,2013,-0.038576269351186694,45,Democratic Party,H,Floor,1,0
C001078,2013Q2,2013,0.5249632446719581,66,Democratic Party,H,Floor,1,0
C001078,2013Q3,2013,0.06176890891466934,67,Democratic Party,H,Floor,1,0
C001078,2014Q1,2014,0.05528885346945865,42,Democratic Party,H,Floor,1,0
C001078,2014Q2,2014,-0.32936774872584673,42,Democratic Party,H,Floor,1,0
C001078,2014Q3,2014,0.40898411889617564,34,Democratic Party,H,Floor,1,0
C001078,2015Q1,2015,0.012220107674390133,27,Democratic Party,H,Floor,1,0
C001078,2015Q2,2015,0.040496501653364214,27,Democratic Party,H,Floor,1,0
C001078,2015Q3,2015,0.0867024294684421,27,Democratic Party,H,Floor,1,0
C001078,2015Q4,2015,0.03815493141671773,32,Democratic Party,H,Floor,1,0
C001078,2016Q2,2016,0.10953020051960036,26,Democratic Party,H,Floor,1,0
C001078,2016Q4,2016,0.17580141824253545,20,Democratic Party,H,Floor,1,0
C001078,2017Q1,2017,0.38021614237303863,19,Democratic Party,H,Floor,1,1
C001078,2017Q2,2017,0.24949536435291655,33,Democratic Party,H,Floor,1,1
C001078,2017Q3,2017,0.5650176954373551,46,Democratic Party,H,Floor,1,1
C001078,2018Q2,2018,0.35554800740024867,28,Democratic Party,H,Floor,1,1
C001078,2018Q3,2018,0.2224394669347972,29,Democratic Party,H,Floor,1,1
C001078,2019Q1,2019,0.22350240872741473,51,Democratic Party,H,Floor,0,1
C001078,2020Q3,2020,0.4970879009405971,32,Democratic Party,H,Floor,0,1
C001078,2022Q2,2022,0.6374766193545975,58,Democratic Party,H,Floor,0,0
C001078,2022Q3,2022,0.4420243658197522,43,Democratic Party,H,Floor,0,0
C001080,2013Q2,2013,-0.018041688475617736,27,Democratic Party,H,Floor,1,0
C001080,2017Q1,2017,-0.24570540618698627,14,Democratic Party,H,Floor,1,1
C001080,2018Q2,2018,0.4573235703023953,39,Democratic Party,H,Floor,1,1
C001084,2013Q1,2013,0.15548937222937623,24,Democratic Party,H,Floor,1,0
C001084,2013Q3,2013,-0.047249918743769895,43,Democratic Party,H,Floor,1,0
C001084,2013Q4,2013,0.42329110883847615,39,Democratic Party,H,Floor,1,0
C001084,2014Q1,2014,-0.03926295947020078,43,Democratic Party,H,Floor,1,0
C001084,2014Q2,2014,0.34032520263283383,44,Democratic Party,H,Floor,1,0
C001084,2014Q3,2014,0.3934258286781038,17,Democratic Party,H,Floor,1,0
C001084,2015Q1,2015,0.20317560352799252,28,Democratic Party,H,Floor,1,0
C001084,2015Q2,2015,0.16238103001717205,30,Democratic Party,H,Floor,1,0
C001084,2015Q3,2015,-0.10928203086720222,26,Democratic Party,H,Floor,1,0
C001084,2015Q4,2015,0.6291490275365241,33,Democratic Party,H,Floor,1,0
C001084,2016Q1,2016,0.2620306857345844,29,Democratic Party,H,Floor,1,0
C001084,2016Q2,2016,0.4879912581038581,47,Democratic Party,H,Floor,1,0
C001084,2016Q3,2016,0.19498765550232994,69,Democratic Party,H,Floor,1,0
C001084,2017Q1,2017,-0.40255112342931676,63,Democratic Party,H,Floor,1,1
C001084,2017Q2,2017,0.11072953645718737,31,Democratic Party,H,Floor,1,1
C001084,2017Q3,2017,0.3043366817482529,40,Democratic Party,H,Floor,1,1
C001084,2017Q4,2017,-0.42441439471598186,89,Democratic Party,H,Floor,1,1
C001084,2018Q1,2018,0.13475405931030432,25,Democratic Party,H,Floor,1,1
C001084,2018Q2,2018,-0.2313571681257686,50,Democratic Party,H,Floor,1,1
C001084,2019Q1,2019,-0.015668410452615945,33,Democratic Party,H,Floor,0,1
C001084,2019Q2,2019,-0.20770526818895926,38,Democratic Party,H,Floor,0,1
C001084,2020Q1,2020,0.7257518934892809,52,Democratic Party,H,Floor,0,1
C001084,2020Q3,2020,0.1352696788658738,31,Democratic Party,H,Floor,0,1
C001084,2020Q4,2020,0.38354318847473895,29,Democratic Party,H,Floor,0,1
C001084,2022Q2,2022,0.37380903134351945,73,Democratic Party,H,Floor,0,0
C001084,2022Q3,2022,0.475728947114551,35,Democratic Party,H,Floor,0,0
C001087,2013Q2,2013,0.12025806717705141,31,Republican Party,H,Floor,0,1
C001088,2013Q1,2013,0.5259959621891043,99,Democratic Party,S,Floor,0,0
C001088,2013Q2,2013,0.2943572462398759,93,Democratic Party,S,Floor,0,0
C001088,2013Q3,2013,0.287839352513795,85,Democratic Party,S,Floor,0,0
C001088,2013Q4,2013,0.2754463612415809,148,Democratic Party,S,Floor,0,0
C001088,2014Q2,2014,0.3961977951149683,128,Democratic Party,S,Floor,0,0
C001088,2015Q1,2015,0.3835598683988436,66,Democratic Party,S,Floor,1,0
C001088,2015Q3,2015,0.30507221166382753,62,Democratic Party,S,Floor,1,0
C001088,2015Q4,2015,0.23823034454265862,97,Democratic Party,S,Floor,1,0
C001088,2016Q1,2016,0.3614105450554534,124,Democratic Party,S,Floor,1,0
C001088,2016Q2,2016,0.07987264605457244,125,Democratic Party,S,Floor,1,0
C001088,2016Q3,2016,0.23192957434520994,86,Democratic Party,S,Floor,1,0
C001088,2017Q1,2017,-0.15239790492511324,78,Democratic Party,S,Floor,1,1
C001088,2017Q4,2017,0.21109170169780483,66,Democratic Party,S,Floor,1,1
C001090,2013Q2,2013,0.03765093356846855,21,Democratic Party,H,Floor,1,0
C001090,2013Q3,2013,-0.05094014541038068,39,Democratic Party,H,Floor,1,0
C001090,2013Q4,2013,0.07831116443764201,19,Democratic Party,H,Floor,1,0
C001090,2021Q4,2021,-0.21273958679846655,32,Democratic Party,H,Floor,0,0
C001091,2013Q3,2013,-0.08133717521554625,27,Democratic Party,H,Floor,1,0
C001091,2014Q1,2014,0.2870596895638121,24,Democratic Party,H,Floor,1,0
C001091,2014Q2,2014,-0.1616004164233633,57,Democratic Party,H,Floor,1,0
C001091,2017Q3,2017,0.21355301374175994,30,Democratic Party,H,Floor,1,1
C001091,2018Q1,2018,0.15655871800163415,30,Democratic Party,H,Floor,1,1
C001091,2019Q3,2019,-0.45199468277871035,46,Democratic Party,H,Floor,0,1
C001093,2013Q2,2013,0.02469987674636398,49,Republican Party,H,Floor,0,1
C001093,2013Q3,2013,-0.26009989886696744,132,Republican Party,H,Floor,0,1
C001093,2013Q4,2013,-0.12794346718282024,94,Republican Party,H,Floor,0,1
C001093,2014Q1,2014,-0.4396614911795999,51,Republican Party,H,Floor,0,1
C001093,2014Q2,2014,-0.3470687943268187,43,Republican Party,H,Floor,0,1
C001093,2014Q3,2014,-0.0972497558000692,49,Republican Party,H,Floor,0,1
C001093,2015Q1,2015,-0.357226771454068,42,Republican Party,H,Floor,0,1
C001093,2015Q2,2015,0.09750454245634527,30,Republican Party,H,Floor,0,1
C001093,2015Q3,2015,-0.38986965754176744,73,Republican Party,H,Floor,0,1
C001093,2015Q4,2015,-0.18835502518247263,112,Republican Party,H,Floor,0,1
C001093,2016Q1,2016,-0.08944459308159684,82,Republican Party,H,Floor,0,1
C001093,2016Q2,2016,0.31610678376325096,48,Republican Party,H,Floor,0,1
C001093,2016Q3,2016,-0.31299240776677106,85,Republican Party,H,Floor,0,1
C001093,2017Q1,2017,-0.012728127163818928,100,Republican Party,H,Floor,0,0
C001093,2017Q2,2017,0.3896185636710368,64,Republican Party,H,Floor,0,0
C001093,2017Q3,2017,-0.04686522423890459,57,Republican Party,H,Floor,0,0
C001093,2017Q4,2017,0.060937927194411885,53,Republican Party,H,Floor,0,0
C001093,2019Q1,2019,-0.06120432739499037,114,Republican Party,H,Floor,1,0
C001093,2019Q2,2019,0.0009529121658524182,118,Republican Party,H,Floor,1,0
C001093,2019Q4,2019,-0.1239691303017228,72,Republican Party,H,Floor,1,0
C001095,2013Q2,2013,-0.8651046052867799,18,Republican Party,H,Floor,0,1
C001095,2015Q2,2015,0.18707369910628568,62,Republican Party,S,Floor,0,1
C001095,2016Q1,2016,-0.6315421096494315,64,Republican Party,S,Floor,0,1
C001095,2016Q2,2016,-0.09404879791058103,75,Republican Party,S,Floor,0,1
C001095,2016Q3,2016,0.08934651545716393,44,Republican Party,S,Floor,0,1
C001095,2017Q1,2017,-0.5544898494224454,50,Republican Party,S,Floor,0,0
C001095,2017Q2,2017,-0.5825951870191113,68,Republican Party,S,Floor,0,0
C001095,2021Q2,2021,-0.8616088401479816,84,Republican Party,S,Floor,0,1
C001095,2021Q4,2021,-0.8008535643101634,56,Republican Party,S,Floor,0,1
C001095,2022Q1,2022,-0.6861015105092033,58,Republican Party,S,Floor,0,1
C001096,2013Q2,2013,0.6257536812838724,25,Republican Party,H,Floor,0,1
C001096,2015Q1,2015,0.32652181471343994,45,Republican Party,H,Floor,0,1
C001096,2015Q4,2015,0.33476057564763173,50,Republican Party,H,Floor,0,1
C001096,2019Q4,2019,-0.022931991959366693,71,Republican Party,S,Floor,0,0
C001096,2020Q1,2020,-0.1213054825290231,56,Republican Party,S,Floor,0,0
C001096,2020Q2,2020,0.042571263523102636,55,Republican Party,S,Floor,0,0
C001096,2020Q4,2020,-0.575310972844576,35,Republican Party,S,Floor,0,0
C001097,2013Q2,2013,-0.18296087763109434,18,Democratic Party,H,Floor,1,0
C001097,2013Q3,2013,0.21714042905210235,49,Democratic Party,H,Floor,1,0
C001097,2016Q2,2016,-0.34565011549433994,27,Democratic Party,H,Floor,1,0
C001097,2022Q3,2022,0.3575092506485325,27,Democratic Party,H,Floor,0,0
C001098,2013Q1,2013,-0.31631610644572294,106,Republican Party,S,Floor,1,1
C001098,2013Q2,2013,-0.5011870934445307,191,Republican Party,S,Floor,1,1
C001098,2013Q3,2013,-0.6765498844552683,351,Republican Party,S,Floor,1,1
C001098,2013Q4,2013,-0.2890473774147057,76,Republican Party,S,Floor,1,1
C001098,2014Q2,2014,-0.5533292400529662,131,Republican Party,S,Floor,1,1
C001098,2014Q3,2014,-0.9546149579347449,203,Republican Party,S,Floor,1,1
C001098,2015Q4,2015,-1.1663973267237295,138,Republican Party,S,Floor,0,1
C001098,2021Q1,2021,-0.5752431410033674,66,Republican Party,S,Floor,0,1
C001098,2021Q2,2021,-1.079764243108896,55,Republican Party,S,Floor,0,1
C001098,2021Q3,2021,-0.8372957528995486,203,Republican Party,S,Floor,0,1
C001098,2021Q4,2021,-0.8314542571910668,88,Republican Party,S,Floor,0,1
C001103,2015Q1,2015,-0.07313006443210038,22,Republican Party,H,Floor,0,1
C001103,2015Q2,2015,1.0048106771142336,17,Republican Party,H,Floor,0,1
C001103,2015Q4,2015,0.10725112191457176,35,Republican Party,H,Floor,0,1
C001103,2016Q1,2016,0.04618632898632187,36,Republican Party,H,Floor,0,1
C001103,2016Q2,2016,0.55598730353511,74,Republican Party,H,Floor,0,1
C001103,2016Q3,2016,0.2651907678275481,77,Republican Party,H,Floor,0,1
C001103,2016Q4,2016,0.6005616364075094,33,Republican Party,H,Floor,0,1
C001103,2017Q1,2017,0.24361336399860678,88,Republican Party,H,Floor,0,0
C001103,2017Q2,2017,0.4915592373245399,41,Republican Party,H,Floor,0,0
C001103,2017Q3,2017,0.25332485155087353,29,Republican Party,H,Floor,0,0
C001103,2017Q4,2017,0.5474933836777389,31,Republican Party,H,Floor,0,0
C001103,2018Q1,2018,0.3106820175578737,31,Republican Party,H,Floor,0,0
C001103,2018Q2,2018,0.20014291903643283,53,Republican Party,H,Floor,0,0
C001103,2018Q3,2018,0.3913067761625159,38,Republican Party,H,Floor,0,0
C001103,2018Q4,2018,0.7012165347194781,20,Republican Party,H,Floor,0,0
C001103,2019Q1,2019,0.30516185434920146,30,Republican Party,H,Floor,1,0
C001103,2019Q2,2019,0.2595174444255573,48,Republican Party,H,Floor,1,0
C001103,2019Q3,2019,0.8300720304352192,34,Republican Party,H,Floor,1,0
C001103,2019Q4,2019,0.18215142539751047,58,Republican Party,H,Floor,1,0
C001103,2020Q1,2020,0.30144778457453736,39,Republican Party,H,Floor,1,0
C001103,2020Q3,2020,-0.18227613145234117,40,Republican Party,H,Floor,1,0
C001103,2020Q4,2020,0.24770340937647128,52,Republican Party,H,Floor,1,0
C001103,2021Q1,2021,-0.13514773845211336,42,Republican Party,H,Floor,1,1
C001103,2021Q2,2021,0.058240406939425074,49,Republican Party,H,Floor,1,1
C001103,2021Q3,2021,-0.13151421876120006,36,Republican Party,H,Floor,1,1
C001103,2021Q4,2021,-0.4167951770840575,48,Republican Party,H,Floor,1,1
C001103,2022Q1,2022,0.03853261438611402,48,Republican Party,H,Floor,1,1
C001103,2022Q2,2022,-0.029308682622485052,53,Republican Party,H,Floor,1,1
C001103,2022Q3,2022,0.0891830405243682,50,Republican Party,H,Floor,1,1
C001103,2022Q4,2022,0.6063849406159981,48,Republican Party,H,Floor,1,1
C001108,2020Q3,2020,-0.2784800525792807,50,Republican Party,H,Floor,1,0
C001108,2020Q4,2020,0.06682821527672167,30,Republican Party,H,Floor,1,0
C001108,2021Q1,2021,-0.6706132421557665,30,Republican Party,H,Floor,1,1
C001108,2021Q2,2021,-0.1378180836636332,31,Republican Party,H,Floor,1,1
C001108,2021Q4,2021,-0.710327269823262,28,Republican Party,H,Floor,1,1
C001108,2022Q2,2022,-0.27713402493172523,26,Republican Party,H,Floor,1,1
C001108,2022Q3,2022,0.1349105296717717,42,Republican Party,H,Floor,1,1
C001108,2022Q4,2022,0.6294514227026904,27,Republican Party,H,Floor,1,1
C001109,2017Q1,2017,0.15249893132250894,34,Republican Party,H,Floor,0,0
C001109,2017Q3,2017,0.8699594536887821,39,Republican Party,H,Floor,0,0
C001109,2017Q4,2017,0.5275164077566759,32,Republican Party,H,Floor,0,0
C001109,2018Q1,2018,-0.23164174359759465,61,Republican Party,H,Floor,0,0
C001109,2018Q2,2018,0.039332120796949394,41,Republican Party,H,Floor,0,0
C001109,2020Q3,2020,0.3408466739527549,30,Republican Party,H,Floor,1,0
C001110,2018Q1,2018,0.1958436998663031,25,Democratic Party,H,Floor,1,1
C001110,2019Q2,2019,0.8118842715877611,19,Democratic Party,H,Floor,0,1
C001110,2019Q3,2019,0.8577414114838127,25,Democratic Party,H,Floor,0,1
C001110,2022Q2,2022,-0.1623918386519064,14,Democratic Party,H,Floor,0,0
C001112,2017Q3,2017,0.08030589807319882,19,Democratic Party,H,Floor,1,1
C001113,2018Q4,2018,0.08410365437322229,63,Democratic Party,S,Floor,1,1
C001113,2020Q3,2020,0.2107744503579975,70,Democratic Party,S,Floor,1,1
C001113,2020Q4,2020,0.08765091277592309,82,Democratic Party,S,Floor,1,1
C001114,2020Q1,2020,0.9121654703216945,19,Republican Party,H,Floor,1,0
C001115,2020Q1,2020,-0.20656138502515045,15,Republican Party,H,Floor,1,0
C001115,2020Q3,2020,0.6465044854287039,31,Republican Party,H,Floor,1,0
C001116,2021Q1,2021,-1.0928974627711046,18,Republican Party,H,Floor,1,1
C001116,2021Q2,2021,-0.4947952001410309,38,Republican Party,H,Floor,1,1
C001116,2021Q4,2021,-0.7351330655009419,34,Republican Party,H,Floor,1,1
C001116,2022Q1,2022,-1.0440560219337398,29,Republican Party,H,Floor,1,1
C001116,2022Q2,2022,-1.1886152171477933,32,Republican Party,H,Floor,1,1
C001117,2019Q4,2019,0.16088327589351178,21,Democratic Party,H,Floor,0,1
C001117,2021Q2,2021,0.24886467662963796,37,Democratic Party,H,Floor,0,0
C001118,2019Q2,2019,-0.570967547516012,24,Republican Party,H,Floor,1,0
C001118,2021Q1,2021,-0.19895204440751457,23,Republican Party,H,Floor,1,1
C001118,2021Q2,2021,0.2359098459748509,20,Republican Party,H,Floor,1,1
C001118,2021Q3,2021,-0.6638019523188402,18,Republican Party,H,Floor,1,1
C001118,2022Q1,2022,0.1647836951939489,20,Republican Party,H,Floor,1,1
C001118,2022Q2,2022,-0.08267154149293246,25,Republican Party,H,Floor,1,1
C001118,2022Q3,2022,-0.4532155731333745,22,Republican Party,H,Floor,1,1
C001119,2019Q2,2019,1.0687907879700578,31,Democratic Party,H,Floor,0,1
C001119,2021Q2,2021,0.35800016400566925,20,Democratic Party,H,Floor,0,0
C001120,2020Q1,2020,0.8993553808255131,21,Republican Party,H,Floor,1,0
C001121,2019Q2,2019,1.151564952311562,19,Democratic Party,H,Floor,0,1
C001121,2020Q3,2020,0.7146033389530483,13,Democratic Party,H,Floor,0,1
C001122,2019Q2,2019,0.7281413853857288,33,Democratic Party,H,Floor,0,1
D000096,2013Q4,2013,-0.23100002135932363,47,Democratic Party,H,Floor,1,0
D000096,2017Q2,2017,0.5451329376745139,45,Democratic Party,H,Floor,1,1
D000096,2018Q2,2018,0.5446301637193055,33,Democratic Party,H,Floor,1,1
D000096,2019Q2,2019,1.5338480479684002,20,Democratic Party,H,Floor,0,1
D000096,2020Q1,2020,-0.17264510617347356,29,Democratic Party,H,Floor,0,1
D000191,2013Q2,2013,-0.1425392994068564,78,Democratic Party,H,Floor,1,0
D000191,2013Q4,2013,-0.3005273891568196,84,Democratic Party,H,Floor,1,0
D000191,2014Q1,2014,-0.1458821020042824,86,Democratic Party,H,Floor,1,0
D000191,2014Q2,2014,-0.07188710576890796,70,Democratic Party,H,Floor,1,0
D000191,2014Q3,2014,-0.28444297223442294,81,Democratic Party,H,Floor,1,0
D000191,2015Q1,2015,-0.09280190862798682,38,Democratic Party,H,Floor,1,0
D000191,2015Q2,2015,-0.4782389274201389,53,Democratic Party,H,Floor,1,0
D000191,2015Q3,2015,-0.35705324252469484,55,Democratic Party,H,Floor,1,0
D000191,2015Q4,2015,0.2126379994135326,96,Democratic Party,H,Floor,1,0
D000191,2016Q1,2016,0.027161247177521337,58,Democratic Party,H,Floor,1,0
D000191,2016Q2,2016,0.15838888800868067,47,Democratic Party,H,Floor,1,0
D000191,2016Q3,2016,0.06822964094082835,84,Democratic Party,H,Floor,1,0
D000191,2017Q1,2017,0.009899747157646582,48,Democratic Party,H,Floor,1,1
D000191,2017Q4,2017,0.09743865765192004,40,Democratic Party,H,Floor,1,1
D000191,2018Q2,2018,-0.13612186226563122,75,Democratic Party,H,Floor,1,1
D000191,2018Q3,2018,0.03832872511823037,35,Democratic Party,H,Floor,1,1
D000191,2019Q1,2019,-0.14410081719664689,50,Democratic Party,H,Floor,0,1
D000191,2019Q3,2019,0.11464000438797661,32,Democratic Party,H,Floor,0,1
D000191,2019Q4,2019,0.18330990094163563,60,Democratic Party,H,Floor,0,1
D000191,2020Q2,2020,0.6160519714726945,73,Democratic Party,H,Floor,0,1
D000191,2020Q3,2020,0.3702940851231736,58,Democratic Party,H,Floor,0,1
D000191,2020Q4,2020,1.1938251697917721,71,Democratic Party,H,Floor,0,1
D000191,2021Q3,2021,0.5748089202885853,37,Democratic Party,H,Floor,0,0
D000191,2022Q2,2022,1.2783100605924602,46,Democratic Party,H,Floor,0,0
D000197,2017Q1,2017,0.1891745633100808,32,Democratic Party,H,Floor,1,1
D000197,2020Q1,2020,0.358573665969793,66,Democratic Party,H,Floor,0,1
D000216,2013Q2,2013,-0.49636875073043746,91,Democratic Party,H,Floor,1,0
D000216,2013Q3,2013,-0.8154997640110788,47,Democratic Party,H,Floor,1,0
D000216,2013Q4,2013,-0.41435429096586385,62,Democratic Party,H,Floor,1,0
D000216,2014Q1,2014,-0.4066981889695052,62,Democratic Party,H,Floor,1,0
D000216,2014Q2,2014,0.0466547638276405,37,Democratic Party,H,Floor,1,0
D000216,2014Q3,2014,-0.5354720120437398,31,Democratic Party,H,Floor,1,0
D000216,2015Q1,2015,-0.552852082944432,28,Democratic Party,H,Floor,1,0
D000216,2015Q2,2015,-0.6695524799615828,33,Democratic Party,H,Floor,1,0
D000216,2015Q3,2015,-0.18939059922910298,21,Democratic Party,H,Floor,1,0
D000216,2015Q4,2015,-0.47778008431764674,38,Democratic Party,H,Floor,1,0
D000216,2016Q2,2016,-0.2523348035740221,28,Democratic Party,H,Floor,1,0
D000216,2017Q1,2017,-0.7713831030018184,33,Democratic Party,H,Floor,1,1
D000216,2018Q1,2018,-0.23169088701778717,37,Democratic Party,H,Floor,1,1
D000216,2018Q2,2018,-0.12023951836968419,59,Democratic Party,H,Floor,1,1
D000216,2019Q2,2019,0.5319122987793599,97,Democratic Party,H,Floor,0,1
D000216,2020Q1,2020,0.389508356535194,33,Democratic Party,H,Floor,0,1
D000216,2020Q3,2020,0.1640309357131105,27,Democratic Party,H,Floor,0,1
D000216,2021Q3,2021,0.3031576653185338,57,Democratic Party,H,Floor,0,0
D000216,2021Q4,2021,0.26955757049682266,20,Democratic Party,H,Floor,0,0
D000216,2022Q2,2022,0.1644394133928625,33,Democratic Party,H,Floor,0,0
D000216,2022Q3,2022,0.3560207879940742,34,Democratic Party,H,Floor,0,0
D000399,2013Q4,2013,-0.6490026018595708,26,Democratic Party,H,Floor,1,0
D000399,2014Q2,2014,-0.38626646410439736,36,Democratic Party,H,Floor,1,0
D000399,2014Q3,2014,-0.50913278113118,76,Democratic Party,H,Floor,1,0
D000399,2015Q1,2015,-0.7228550590359758,19,Democratic Party,H,Floor,1,0
D000399,2015Q2,2015,-0.6882350364690148,36,Democratic Party,H,Floor,1,0
D000399,2015Q3,2015,-0.6013807493234491,17,Democratic Party,H,Floor,1,0
D000399,2016Q2,2016,-0.2229536802188947,36,Democratic Party,H,Floor,1,0
D000399,2017Q2,2017,-0.4067064052360313,60,Democratic Party,H,Floor,1,1
D000399,2017Q4,2017,-1.2191242185776505,34,Democratic Party,H,Floor,1,1
D000399,2018Q2,2018,-0.888789942757356,26,Democratic Party,H,Floor,1,1
D000399,2018Q3,2018,-0.4524955310292733,31,Democratic Party,H,Floor,1,1
D000482,2017Q1,2017,0.5640115303475526,32,Democratic Party,H,Floor,1,1
D000482,2019Q2,2019,0.2532553337974563,42,Democratic Party,H,Floor,0,1
D000563,2013Q1,2013,-0.05834029052221527,514,Democratic Party,S,Floor,0,0
D000563,2013Q2,2013,-0.052486601433068165,562,Democratic Party,S,Floor,0,0
D000563,2013Q3,2013,-0.23938409353564138,334,Democratic Party,S,Floor,0,0
D000563,2013Q4,2013,-0.13707023537920848,447,Democratic Party,S,Floor,0,0
D000563,2014Q1,2014,-0.029558653777689847,314,Democratic Party,S,Floor,0,0
D000563,2014Q2,2014,-0.009009627483365774,364,Democratic Party,S,Floor,0,0
D000563,2014Q3,2014,-0.37093995733099805,223,Democratic Party,S,Floor,0,0
D000563,2014Q4,2014,-0.14033931482557968,170,Democratic Party,S,Floor,0,0
D000563,2015Q1,2015,-0.27975626208480514,582,Democratic Party,S,Floor,1,0
D000563,2015Q2,2015,-0.03375312498365652,323,Democratic Party,S,Floor,1,0
D000563,2015Q3,2015,-0.0005759183741323412,291,Democratic Party,S,Floor,1,0
D000563,2015Q4,2015,-0.16122539801516927,359,Democratic Party,S,Floor,1,0
D000563,2016Q1,2016,0.11283560859376997,290,Democratic Party,S,Floor,1,0
D000563,2016Q2,2016,-0.013313391497956347,534,Democratic Party,S,Floor,1,0
D000563,2016Q3,2016,0.03718853385744198,378,Democratic Party,S,Floor,1,0
D000563,2016Q4,2016,-0.20285820564754825,168,Democratic Party,S,Floor,1,0
D000563,2017Q1,2017,-0.20472761246100404,725,Democratic Party,S,Floor,1,1
D000563,2017Q2,2017,-0.010081707258809375,306,Democratic Party,S,Floor,1,1
D000563,2017Q3,2017,-0.13460578612843332,329,Democratic Party,S,Floor,1,1
D000563,2017Q4,2017,-0.1443859841554235,474,Democratic Party,S,Floor,1,1
D000563,2018Q1,2018,-0.14670897773176447,482,Democratic Party,S,Floor,1,1
D000563,2018Q2,2018,-0.16675078840693278,230,Democratic Party,S,Floor,1,1
D000563,2018Q3,2018,-0.14092797436157795,294,Democratic Party,S,Floor,1,1
D000563,2018Q4,2018,-0.11391622284435274,280,Democratic Party,S,Floor,1,1
D000563,2019Q1,2019,-0.15409632013337995,253,Democratic Party,S,Floor,1,1
D000563,2019Q2,2019,-0.18049167770674807,266,Democratic Party,S,Floor,1,1
D000563,2019Q3,2019,-0.1281489801567885,164,Democratic Party,S,Floor,1,1
D000563,2019Q4,2019,-0.13693395240089185,259,Democratic Party,S,Floor,1,1
D000563,2020Q1,2020,0.01713738845589416,390,Democratic Party,S,Floor,1,1
D000563,2020Q2,2020,-0.09725759600634576,415,Democratic Party,S,Floor,1,1
D000563,2020Q3,2020,-0.2307135085978093,490,Democratic Party,S,Floor,1,1
D000563,2020Q4,2020,-0.10449027653810483,320,Democratic Party,S,Floor,1,1
D000563,2021Q1,2021,-0.22751083209019823,345,Democratic Party,S,Floor,1,0
D000563,2021Q2,2021,-0.06483511275143854,368,Democratic Party,S,Floor,1,0
D000563,2021Q3,2021,-0.3291661294481755,336,Democratic Party,S,Floor,1,0
D000563,2021Q4,2021,0.13424782645627575,273,Democratic Party,S,Floor,1,0
D000563,2022Q1,2022,-0.10850209062710246,511,Democratic Party,S,Floor,1,0
D000563,2022Q2,2022,-0.06429357626686731,371,Democratic Party,S,Floor,1,0
D000563,2022Q3,2022,-0.164943841956111,286,Democratic Party,S,Floor,1,0
D000563,2022Q4,2022,0.011465941833215509,206,Democratic Party,S,Floor,1,0
D000600,2015Q2,2015,-0.30904682083512475,38,Republican Party,H,Floor,0,1
D000600,2017Q3,2017,-0.09245128238262817,18,Republican Party,H,Floor,0,0
D000607,2014Q4,2014,-0.018393713618589994,51,Democratic Party,S,Floor,0,0
D000607,2015Q4,2015,0.3435276855862497,49,Democratic Party,S,Floor,1,0
D000607,2016Q2,2016,-0.02322277501401092,55,Democratic Party,S,Floor,1,0
D000607,2016Q4,2016,0.5098122031294897,55,Democratic Party,S,Floor,1,0
D000607,2017Q4,2017,0.40004801047127103,43,Democratic Party,S,Floor,1,1
D000607,2018Q2,2018,-0.024146965664061604,46,Democratic Party,S,Floor,1,1
D000610,2015Q2,2015,-0.060757561269767515,13,Democratic Party,H,Floor,1,0
D000610,2016Q2,2016,-0.19082847146441115,28,Democratic Party,H,Floor,1,0
D000610,2016Q3,2016,0.12144325368805774,52,Democratic Party,H,Floor,1,0
D000610,2017Q4,2017,0.15658521472957648,28,Democratic Party,H,Floor,1,1
D000610,2021Q4,2021,0.21246553658170433,23,Democratic Party,H,Floor,0,0
D000614,2014Q2,2014,-0.08638926637952586,24,Republican Party,H,Floor,0,1
D000614,2015Q3,2015,-1.1159974932677905,19,Republican Party,H,Floor,0,1
D000614,2015Q4,2015,-0.3373632661367026,28,Republican Party,H,Floor,0,1
D000614,2016Q3,2016,-0.11058439652225932,30,Republican Party,H,Floor,0,1
D000614,2018Q1,2018,0.7659508082672782,24,Republican Party,H,Floor,0,0
D000615,2013Q2,2013,-0.11676377673338835,56,Republican Party,H,Floor,0,1
D000615,2014Q3,2014,0.03194810764287377,46,Republican Party,H,Floor,0,1
D000615,2019Q2,2019,-0.42148294480395687,21,Republican Party,H,Floor,1,0
D000617,2016Q1,2016,0.015381726507866877,20,Democratic Party,H,Floor,1,0
D000618,2013Q2,2013,-0.08923696995195966,48,Republican Party,H,Floor,0,1
D000618,2013Q3,2013,0.09008014794082884,35,Republican Party,H,Floor,0,1
D000618,2014Q2,2014,0.20600060867528036,23,Republican Party,H,Floor,0,1
D000618,2014Q3,2014,0.2558253513687806,29,Republican Party,H,Floor,0,1
D000618,2015Q1,2015,0.16504171413930802,35,Republican Party,S,Floor,0,1
D000618,2015Q2,2015,0.11354359201447274,64,Republican Party,S,Floor,0,1
D000618,2015Q3,2015,0.0044916007629849,102,Republican Party,S,Floor,0,1
D000618,2015Q4,2015,-0.21866900801527456,73,Republican Party,S,Floor,0,1
D000618,2016Q1,2016,0.192679969573581,52,Republican Party,S,Floor,0,1
D000618,2016Q2,2016,0.23556441691063193,71,Republican Party,S,Floor,0,1
D000618,2016Q3,2016,-0.0700739039418773,98,Republican Party,S,Floor,0,1
D000618,2016Q4,2016,0.4917603944265373,21,Republican Party,S,Floor,0,1
D000618,2017Q1,2017,0.10142893618672139,91,Republican Party,S,Floor,0,0
D000618,2017Q2,2017,0.3366291255056431,69,Republican Party,S,Floor,0,0
D000618,2017Q3,2017,0.03321201716091499,56,Republican Party,S,Floor,0,0
D000618,2017Q4,2017,0.17974085684487545,42,Republican Party,S,Floor,0,0
D000618,2018Q1,2018,-0.11139851135234581,84,Republican Party,S,Floor,0,0
D000618,2018Q2,2018,0.3099111082258479,58,Republican Party,S,Floor,0,0
D000618,2018Q3,2018,0.46397042849499054,50,Republican Party,S,Floor,0,0
D000618,2018Q4,2018,0.17027382536004432,37,Republican Party,S,Floor,0,0
D000618,2019Q1,2019,-0.09480300949250206,40,Republican Party,S,Floor,0,0
D000618,2019Q2,2019,0.3314566439664111,42,Republican Party,S,Floor,0,0
D000618,2019Q3,2019,-0.23180685807635965,38,Republican Party,S,Floor,0,0
D000618,2019Q4,2019,0.08204442623776467,30,Republican Party,S,Floor,0,0
D000618,2020Q1,2020,-0.4112083860114786,40,Republican Party,S,Floor,0,0
D000618,2020Q2,2020,0.35238474698352024,64,Republican Party,S,Floor,0,0
D000618,2020Q3,2020,-0.1356582921556117,21,Republican Party,S,Floor,0,0
D000618,2020Q4,2020,-0.1729994388793162,34,Republican Party,S,Floor,0,0
D000618,2021Q1,2021,-0.4535448479070894,34,Republican Party,S,Floor,0,1
D000618,2021Q3,2021,-0.5628136023728088,38,Republican Party,S,Floor,0,1
D000618,2022Q1,2022,-0.7255414506934238,35,Republican Party,S,Floor,0,1
D000619,2013Q2,2013,0.05594922466295959,30,Republican Party,H,Floor,0,1
D000619,2013Q3,2013,0.3916043892469527,37,Republican Party,H,Floor,0,1
D000619,2013Q4,2013,0.011999049907423759,43,Republican Party,H,Floor,0,1
D000619,2014Q1,2014,0.07087699118823877,21,Republican Party,H,Floor,0,1
D000619,2014Q2,2014,0.054762746359029085,37,Republican Party,H,Floor,0,1
D000619,2014Q4,2014,0.02209119304132832,25,Republican Party,H,Floor,0,1
D000619,2015Q1,2015,0.07190844731994522,43,Republican Party,H,Floor,0,1
D000619,2015Q3,2015,0.03966843547227873,32,Republican Party,H,Floor,0,1
D000619,2016Q2,2016,0.4207447815000652,28,Republican Party,H,Floor,0,1
D000619,2016Q3,2016,0.48770072075334125,19,Republican Party,H,Floor,0,1
D000619,2017Q1,2017,0.7151873681258832,27,Republican Party,H,Floor,0,0
D000619,2017Q3,2017,0.11430939429339369,26,Republican Party,H,Floor,0,0
D000619,2018Q1,2018,0.02369474361115668,16,Republican Party,H,Floor,0,0
D000619,2018Q2,2018,0.4645022121734232,34,Republican Party,H,Floor,0,0
D000619,2019Q1,2019,-0.2630354797439052,74,Republican Party,H,Floor,1,0
D000619,2019Q2,2019,-0.2845878330566819,39,Republican Party,H,Floor,1,0
D000619,2019Q4,2019,0.22239340513700845,47,Republican Party,H,Floor,1,0
D000619,2020Q1,2020,0.24397210264851618,31,Republican Party,H,Floor,1,0
D000619,2020Q3,2020,0.3106312428007615,55,Republican Party,H,Floor,1,0
D000619,2020Q4,2020,0.15453036568112305,36,Republican Party,H,Floor,1,0
D000619,2021Q1,2021,-0.2665216137186649,40,Republican Party,H,Floor,1,1
D000619,2021Q2,2021,-0.07574314513129467,35,Republican Party,H,Floor,1,1
D000619,2021Q4,2021,0.6778297315581766,43,Republican Party,H,Floor,1,1
D000619,2022Q1,2022,-0.21889232846783077,54,Republican Party,H,Floor,1,1
D000619,2022Q3,2022,-0.13326699236137443,41,Republican Party,H,Floor,1,1
D000619,2022Q4,2022,0.18624017724758973,26,Republican Party,H,Floor,1,1
D000623,2019Q2,2019,0.6589216612719112,42,Democratic Party,H,Floor,0,1
D000623,2020Q1,2020,0.4173906551540678,39,Democratic Party,H,Floor,0,1
D000623,2021Q1,2021,0.46859760037054304,26,Democratic Party,H,Floor,0,0
D000623,2022Q3,2022,0.6643453332661354,24,Democratic Party,H,Floor,0,0
D000624,2015Q2,2015,-0.3984587204707862,24,Democratic Party,H,Floor,1,0
D000624,2015Q3,2015,0.4174165438514781,27,Democratic Party,H,Floor,1,0
D000624,2020Q3,2020,0.8660549034153556,39,Democratic Party,H,Floor,0,1
D000624,2022Q2,2022,0.8596456110209474,42,Democratic Party,H,Floor,0,0
D000627,2017Q2,2017,-0.5496896317232637,24,Democratic Party,H,Floor,1,1
D000627,2017Q4,2017,-0.24081271322708997,22,Democratic Party,H,Floor,1,1
D000627,2021Q2,2021,-0.2777556640464854,13,Democratic Party,H,Floor,0,0
D000628,2017Q3,2017,0.541505175757941,15,Republican Party,H,Floor,0,0
D000628,2017Q4,2017,0.32630074486898586,14,Republican Party,H,Floor,0,0
D000628,2018Q2,2018,0.7616567538117682,31,Republican Party,H,Floor,0,0
D000628,2019Q2,2019,-0.07059139450240126,31,Republican Party,H,Floor,1,0
D000630,2019Q3,2019,0.4956329353210413,21,Democratic Party,H,Floor,0,1
D000631,2019Q1,2019,0.34967254593946845,18,Democratic Party,H,Floor,0,1
D000631,2019Q2,2019,0.1795711964161259,22,Democratic Party,H,Floor,0,1
D000631,2020Q1,2020,0.22053169190923497,15,Democratic Party,H,Floor,0,1
D000631,2021Q1,2021,-0.5157660475628945,10,Democratic Party,H,Floor,0,0
D000631,2021Q2,2021,0.46044959844865546,30,Democratic Party,H,Floor,0,0
D000631,2022Q1,2022,0.9122209495409095,18,Democratic Party,H,Floor,0,0
E000071,2022Q4,2022,0.5277143409217525,64,Republican Party,H,Floor,1,1
E000179,2013Q2,2013,-0.12786970781812934,21,Democratic Party,H,Floor,1,0
E000179,2013Q3,2013,0.35977502849481025,36,Democratic Party,H,Floor,1,0
E000179,2014Q1,2014,0.15124199068222982,48,Democratic Party,H,Floor,1,0
E000179,2014Q2,2014,0.34962413718490276,63,Democratic Party,H,Floor,1,0
E000179,2014Q3,2014,-0.0974589444181003,61,Democratic Party,H,Floor,1,0
E000179,2014Q4,2014,0.21872899800641996,41,Democratic Party,H,Floor,1,0
E000179,2015Q2,2015,0.16371173520015406,64,Democratic Party,H,Floor,1,0
E000179,2015Q4,2015,-0.16816893627807905,80,Democratic Party,H,Floor,1,0
E000179,2016Q2,2016,0.22338950118594206,44,Democratic Party,H,Floor,1,0
E000179,2016Q3,2016,0.002506117821255638,118,Democratic Party,H,Floor,1,0
E000179,2016Q4,2016,0.6124202755227531,37,Democratic Party,H,Floor,1,0
E000179,2017Q1,2017,0.06830385949637073,48,Democratic Party,H,Floor,1,1
E000179,2017Q2,2017,0.2892769664159458,52,Democratic Party,H,Floor,1,1
E000179,2017Q3,2017,0.4346731238542201,50,Democratic Party,H,Floor,1,1
E000179,2017Q4,2017,-0.10788245343591533,100,Democratic Party,H,Floor,1,1
E000179,2018Q2,2018,0.07234136780002239,42,Democratic Party,H,Floor,1,1
E000179,2018Q3,2018,0.23453056225808175,54,Democratic Party,H,Floor,1,1
E000179,2018Q4,2018,0.6949030253505801,77,Democratic Party,H,Floor,1,1
E000179,2019Q1,2019,0.5479459658687326,58,Democratic Party,H,Floor,0,1
E000179,2019Q2,2019,0.5740347666495513,74,Democratic Party,H,Floor,0,1
E000179,2019Q3,2019,0.6781275929952446,40,Democratic Party,H,Floor,0,1
E000179,2019Q4,2019,0.29999169529234254,47,Democratic Party,H,Floor,0,1
E000179,2020Q1,2020,0.5759427629124441,50,Democratic Party,H,Floor,0,1
E000179,2020Q4,2020,0.3778770446669246,95,Democratic Party,H,Floor,0,1
E000215,2017Q1,2017,0.04622728139728792,41,Democratic Party,H,Floor,1,1
E000215,2018Q2,2018,0.19447884401202598,27,Democratic Party,H,Floor,1,1
E000215,2020Q4,2020,1.2913600176014486,27,Democratic Party,H,Floor,0,1
E000285,2013Q1,2013,-0.1841859625452219,96,Republican Party,S,Floor,1,1
E000285,2013Q2,2013,0.048492376021248215,131,Republican Party,S,Floor,1,1
E000285,2013Q3,2013,-0.011777844148901633,83,Republican Party,S,Floor,1,1
E000285,2013Q4,2013,-0.33030814375989537,135,Republican Party,S,Floor,1,1
E000285,2014Q2,2014,-0.024219233007374538,84,Republican Party,S,Floor,1,1
E000285,2014Q3,2014,0.06929080127913113,46,Republican Party,S,Floor,1,1
E000285,2015Q1,2015,0.14484770793487933,119,Republican Party,S,Floor,0,1
E000285,2015Q2,2015,0.16347390987252583,117,Republican Party,S,Floor,0,1
E000285,2015Q3,2015,-0.04371402141705573,62,Republican Party,S,Floor,0,1
E000285,2015Q4,2015,0.12442393224033275,92,Republican Party,S,Floor,0,1
E000285,2016Q2,2016,0.012402155319158099,76,Republican Party,S,Floor,0,1
E000285,2017Q1,2017,-0.13022662396321227,64,Republican Party,S,Floor,0,0
E000285,2017Q3,2017,0.21649367109966863,117,Republican Party,S,Floor,0,0
E000285,2017Q4,2017,0.40764992429143865,89,Republican Party,S,Floor,0,0
E000295,2019Q1,2019,-0.3196490699506512,86,Republican Party,S,Floor,0,0
E000295,2019Q4,2019,-0.06168852291946645,47,Republican Party,S,Floor,0,0
E000295,2021Q2,2021,-0.1557361008474735,58,Republican Party,S,Floor,0,1
E000295,2022Q1,2022,-0.4405611117434535,69,Republican Party,S,Floor,0,1
E000296,2017Q3,2017,-0.49362265819941165,22,Democratic Party,H,Floor,1,1
E000296,2018Q1,2018,0.39724072348171247,67,Democratic Party,H,Floor,1,1
E000296,2018Q2,2018,-0.04182106422057324,66,Democratic Party,H,Floor,1,1
E000296,2018Q3,2018,0.4289487640769539,15,Democratic Party,H,Floor,1,1
E000297,2017Q1,2017,-0.7354805374464736,29,Democratic Party,H,Floor,1,1
E000297,2017Q2,2017,-0.2370286461652769,16,Democratic Party,H,Floor,1,1
E000297,2017Q4,2017,-0.09388444067976567,57,Democratic Party,H,Floor,1,1
E000297,2018Q1,2018,-0.13757396281736026,31,Democratic Party,H,Floor,1,1
E000297,2019Q1,2019,-0.4698051338243693,41,Democratic Party,H,Floor,0,1
E000297,2020Q4,2020,0.3116003737194573,61,Democratic Party,H,Floor,0,1
E000297,2021Q1,2021,-0.2184032941660978,21,Democratic Party,H,Floor,0,0
E000297,2021Q4,2021,-0.1000446317575975,21,Democratic Party,H,Floor,0,0
E000298,2018Q2,2018,0.42700168735643856,25,Republican Party,H,Floor,0,0
E000298,2018Q3,2018,0.8123367461480919,38,Republican Party,H,Floor,0,0
E000299,2019Q2,2019,0.25215871972221066,22,Democratic Party,H,Floor,0,1
F000062,2013Q1,2013,0.5059883859516288,240,Democratic Party,S,Floor,0,0
F000062,2013Q2,2013,0.5380439325958758,99,Democratic Party,S,Floor,0,0
F000062,2013Q3,2013,0.7667816404813325,59,Democratic Party,S,Floor,0,0
F000062,2013Q4,2013,0.3197786444138962,110,Democratic Party,S,Floor,0,0
F000062,2014Q1,2014,0.8588564633954605,120,Democratic Party,S,Floor,0,0
F000062,2014Q2,2014,0.8111930077073449,89,Democratic Party,S,Floor,0,0
F000062,2014Q3,2014,0.3987088386266737,51,Democratic Party,S,Floor,0,0
F000062,2015Q1,2015,0.15752529444464158,183,Democratic Party,S,Floor,1,0
F000062,2015Q2,2015,0.5193205831960137,94,Democratic Party,S,Floor,1,0
F000062,2015Q3,2015,0.23330649198541376,117,Democratic Party,S,Floor,1,0
F000062,2015Q4,2015,0.3612966658611496,183,Democratic Party,S,Floor,1,0
F000062,2016Q1,2016,0.5909799908641502,87,Democratic Party,S,Floor,1,0
F000062,2016Q2,2016,0.4156964042113746,107,Democratic Party,S,Floor,1,0
F000062,2017Q1,2017,0.36169778673124053,227,Democratic Party,S,Floor,1,1
F000062,2017Q2,2017,0.4616300333862149,98,Democratic Party,S,Floor,1,1
F000062,2017Q3,2017,0.3298624693337132,69,Democratic Party,S,Floor,1,1
F000062,2017Q4,2017,0.034238046765325235,111,Democratic Party,S,Floor,1,1
F000062,2018Q1,2018,0.44057912998557663,100,Democratic Party,S,Floor,1,1
F000062,2018Q2,2018,0.38216334949048036,94,Democratic Party,S,Floor,1,1
F000062,2018Q4,2018,0.17419145663774774,55,Democratic Party,S,Floor,1,1
F000062,2019Q1,2019,0.5203944773598326,185,Democratic Party,S,Floor,1,1
F000062,2019Q2,2019,0.6566618400768317,109,Democratic Party,S,Floor,1,1
F000062,2019Q4,2019,0.6776487525058086,54,Democratic Party,S,Floor,1,1
F000062,2020Q3,2020,1.0640425393071729,71,Democratic Party,S,Floor,1,1
F000062,2021Q1,2021,0.6951077410171871,79,Democratic Party,S,Floor,1,0
F000062,2021Q2,2021,1.0086373206092012,59,Democratic Party,S,Floor,1,0
F000062,2021Q3,2021,0.9456977514455277,90,Democratic Party,S,Floor,1,0
F000062,2021Q4,2021,0.684809308392394,33,Democratic Party,S,Floor,1,0
F000062,2022Q1,2022,0.7240611831183565,46,Democratic Party,S,Floor,1,0
F000062,2022Q3,2022,0.4209341282768985,36,Democratic Party,S,Floor,1,0
F000444,2013Q3,2013,-0.13413502636900687,36,Republican Party,S,Floor,1,1
F000444,2014Q1,2014,-0.3014886207576747,35,Republican Party,S,Floor,1,1
F000444,2014Q2,2014,0.25449588816545143,73,Republican Party,S,Floor,1,1
F000444,2015Q4,2015,-0.06901252251610167,54,Republican Party,S,Floor,0,1
F000444,2016Q2,2016,0.3316694328114237,53,Republican Party,S,Floor,0,1
F000444,2017Q1,2017,0.054580513132691126,105,Republican Party,S,Floor,0,0
F000444,2017Q4,2017,-0.28199753473594186,84,Republican Party,S,Floor,0,0
F000444,2018Q1,2018,-0.2574620366256001,94,Republican Party,S,Floor,0,0
F000444,2018Q3,2018,-0.5432260451781814,58,Republican Party,S,Floor,0,0
F000449,2013Q2,2013,-0.4171143224763484,61,Republican Party,H,Floor,0,1
F000449,2015Q1,2015,-0.04583517757169112,31,Republican Party,H,Floor,0,1
F000449,2016Q1,2016,-0.5273037123737712,59,Republican Party,H,Floor,0,1
F000449,2019Q2,2019,-0.13001614103567374,65,Republican Party,H,Floor,1,0
F000450,2013Q1,2013,0.10755535928706343,39,Republican Party,H,Floor,0,1
F000450,2013Q2,2013,-0.09205885417791808,99,Republican Party,H,Floor,0,1
F000450,2013Q3,2013,0.22170902989700927,41,Republican Party,H,Floor,0,1
F000450,2013Q4,2013,0.019124243986102973,121,Republican Party,H,Floor,0,1
F000450,2014Q1,2014,0.07127763451067953,51,Republican Party,H,Floor,0,1
F000450,2014Q2,2014,0.28001336773923063,38,Republican Party,H,Floor,0,1
F000450,2014Q3,2014,0.5395658784368302,54,Republican Party,H,Floor,0,1
F000450,2014Q4,2014,0.014298126544451239,17,Republican Party,H,Floor,0,1
F000450,2015Q1,2015,0.29763264334944944,103,Republican Party,H,Floor,0,1
F000450,2015Q2,2015,0.1159110608120139,47,Republican Party,H,Floor,0,1
F000450,2015Q3,2015,-0.09775607988026855,60,Republican Party,H,Floor,0,1
F000450,2015Q4,2015,0.18416653265056096,45,Republican Party,H,Floor,0,1
F000450,2016Q1,2016,0.21104465666183628,33,Republican Party,H,Floor,0,1
F000450,2016Q2,2016,0.49207462573339733,26,Republican Party,H,Floor,0,1
F000450,2016Q3,2016,0.017637424179748347,30,Republican Party,H,Floor,0,1
F000450,2017Q1,2017,0.016785624019777175,48,Republican Party,H,Floor,0,0
F000450,2017Q2,2017,0.8197278748618005,41,Republican Party,H,Floor,0,0
F000450,2017Q4,2017,0.5913831105914127,18,Republican Party,H,Floor,0,0
F000450,2018Q1,2018,-0.31477852142004015,34,Republican Party,H,Floor,0,0
F000450,2018Q2,2018,0.5426979139010293,64,Republican Party,H,Floor,0,0
F000450,2018Q3,2018,0.6879414269270967,39,Republican Party,H,Floor,0,0
F000450,2019Q1,2019,0.28675756566836696,88,Republican Party,H,Floor,1,0
F000450,2019Q2,2019,0.29559917913535205,26,Republican Party,H,Floor,1,0
F000450,2019Q3,2019,-0.19132663620273246,37,Republican Party,H,Floor,1,0
F000450,2019Q4,2019,0.5269227506205638,51,Republican Party,H,Floor,1,0
F000450,2020Q1,2020,-0.17443621856883978,117,Republican Party,H,Floor,1,0
F000450,2020Q2,2020,-0.34923061790410465,22,Republican Party,H,Floor,1,0
F000450,2020Q3,2020,-0.23549495146087732,91,Republican Party,H,Floor,1,0
F000450,2020Q4,2020,-0.5786493619842056,47,Republican Party,H,Floor,1,0
F000450,2021Q1,2021,-0.46580849171446076,63,Republican Party,H,Floor,1,1
F000450,2021Q2,2021,0.25380336726586733,79,Republican Party,H,Floor,1,1
F000450,2021Q3,2021,-1.406849475447186,21,Republican Party,H,Floor,1,1
F000450,2021Q4,2021,-0.43045280161075333,69,Republican Party,H,Floor,1,1
F000450,2022Q1,2022,-0.8021792103116764,36,Republican Party,H,Floor,1,1
F000450,2022Q2,2022,-0.288698762996549,59,Republican Party,H,Floor,1,1
F000450,2022Q3,2022,-0.20163289616833355,36,Republican Party,H,Floor,1,1
F000450,2022Q4,2022,-0.25973110540666317,35,Republican Party,H,Floor,1,1
F000454,2015Q2,2015,0.49312034837674307,21,Democratic Party,H,Floor,1,0
F000454,2019Q2,2019,0.8009450629414678,38,Democratic Party,H,Floor,0,1
F000454,2022Q1,2022,0.8548309642711757,14,Democratic Party,H,Floor,0,0
F000455,2013Q1,2013,0.18111203743196827,51,Democratic Party,H,Floor,1,0
F000455,2013Q3,2013,-0.19207470340696078,28,Democratic Party,H,Floor,1,0
F000462,2013Q1,2013,-0.40823308384158613,23,Democratic Party,H,Floor,1,0
F000462,2013Q2,2013,-0.19312818723253425,24,Democratic Party,H,Floor,1,0
F000462,2014Q1,2014,-0.32418328442873495,10,Democratic Party,H,Floor,1,0
F000462,2014Q2,2014,-0.3066942626513447,71,Democratic Party,H,Floor,1,0
F000462,2021Q4,2021,-0.05538460624192554,14,Democratic Party,H,Floor,0,0
F000463,2013Q2,2013,-0.03901211000751168,74,Republican Party,S,Floor,1,1
F000463,2015Q1,2015,0.36999506657402637,44,Republican Party,S,Floor,0,1
F000463,2016Q2,2016,0.458065263908995,61,Republican Party,S,Floor,0,1
F000463,2017Q4,2017,0.5951648544691495,57,Republican Party,S,Floor,0,0
F000463,2019Q1,2019,0.5907899300021954,108,Republican Party,S,Floor,0,0
F000465,2021Q2,2021,0.2794393515244399,16,Republican Party,H,Floor,1,1
F000466,2017Q2,2017,0.36403411729550283,34,Republican Party,H,Floor,0,0
F000466,2017Q3,2017,0.6180113955036358,43,Republican Party,H,Floor,0,0
F000466,2017Q4,2017,0.4061850358105793,54,Republican Party,H,Floor,0,0
F000466,2018Q1,2018,0.861901805446131,55,Republican Party,H,Floor,0,0
F000466,2018Q2,2018,0.9297967029631226,70,Republican Party,H,Floor,0,0
F000466,2018Q3,2018,0.6899312860697198,36,Republican Party,H,Floor,0,0
F000466,2019Q1,2019,0.5477498479172949,31,Republican Party,H,Floor,1,0
F000466,2019Q2,2019,1.1097280260309206,26,Republican Party,H,Floor,1,0
F000466,2019Q4,2019,0.38376494787525417,15,Republican Party,H,Floor,1,0
F000466,2020Q1,2020,0.37651334502805583,18,Republican Party,H,Floor,1,0
F000470,2021Q1,2021,-0.07377135627492301,28,Republican Party,H,Floor,1,1
F000470,2021Q2,2021,0.10706036127948823,19,Republican Party,H,Floor,1,1
F000470,2022Q1,2022,-0.22213095244797126,30,Republican Party,H,Floor,1,1
F000470,2022Q2,2022,-0.19372608873733432,36,Republican Party,H,Floor,1,1
F000470,2022Q3,2022,-0.5631133635728838,48,Republican Party,H,Floor,1,1
F000470,2022Q4,2022,-0.3755991675913536,20,Republican Party,H,Floor,1,1
F000471,2022Q1,2022,-0.5577664373845426,23,Republican Party,H,Floor,1,1
G000359,2013Q1,2013,-0.5744677788343469,48,Republican Party,S,Floor,1,1
G000359,2013Q2,2013,-0.23454993133812285,104,Republican Party,S,Floor,1,1
G000359,2013Q4,2013,-0.3653431418170872,140,Republican Party,S,Floor,1,1
G000359,2014Q1,2014,-0.5121664674330865,139,Republican Party,S,Floor,1,1
G000359,2014Q2,2014,-0.3175643642503324,87,Republican Party,S,Floor,1,1
G000359,2014Q3,2014,-0.5683650927555579,78,Republican Party,S,Floor,1,1
G000359,2015Q1,2015,-0.7975369703376539,73,Republican Party,S,Floor,0,1
G000359,2015Q2,2015,-0.48847169938944324,44,Republican Party,S,Floor,0,1
G000359,2016Q1,2016,-0.9912335565998972,27,Republican Party,S,Floor,0,1
G000377,2017Q3,2017,-0.018481487967377384,15,Republican Party,H,Floor,0,0
G000377,2018Q2,2018,0.4590708414311004,65,Republican Party,H,Floor,0,0
G000377,2019Q1,2019,0.1414486079847919,33,Republican Party,H,Floor,1,0
G000377,2021Q3,2021,-0.2806132387754311,21,Republican Party,H,Floor,1,1
G000386,2013Q1,2013,0.011165016972272903,194,Republican Party,S,Floor,1,1
G000386,2013Q2,2013,-0.14039361525930924,458,Republican Party,S,Floor,1,1
G000386,2013Q3,2013,0.17388570843229406,171,Republican Party,S,Floor,1,1
G000386,2013Q4,2013,-0.10289041727272286,192,Republican Party,S,Floor,1,1
G000386,2014Q1,2014,0.10506633765965008,203,Republican Party,S,Floor,1,1
G000386,2014Q2,2014,-0.05060750891288243,237,Republican Party,S,Floor,1,1
G000386,2014Q3,2014,-0.44018328827773634,151,Republican Party,S,Floor,1,1
G000386,2014Q4,2014,0.05949801074139408,75,Republican Party,S,Floor,1,1
G000386,2015Q1,2015,0.10162662286931223,177,Republican Party,S,Floor,0,1
G000386,2015Q2,2015,0.14844104710386546,132,Republican Party,S,Floor,0,1
G000386,2015Q3,2015,-0.10938764750796691,116,Republican Party,S,Floor,0,1
G000386,2015Q4,2015,0.058395608155821656,186,Republican Party,S,Floor,0,1
G000386,2016Q1,2016,0.008741218145291113,211,Republican Party,S,Floor,0,1
G000386,2016Q2,2016,0.1658239450408194,320,Republican Party,S,Floor,0,1
G000386,2016Q3,2016,0.2142537861489616,143,Republican Party,S,Floor,0,1
G000386,2016Q4,2016,0.38988021901572306,63,Republican Party,S,Floor,0,1
G000386,2017Q1,2017,-0.05281851442117468,135,Republican Party,S,Floor,0,0
G000386,2017Q2,2017,0.23911619675973209,87,Republican Party,S,Floor,0,0
G000386,2017Q3,2017,0.19930264977556583,52,Republican Party,S,Floor,0,0
G000386,2017Q4,2017,0.4975606724932454,160,Republican Party,S,Floor,0,0
G000386,2018Q1,2018,0.04694778143656031,178,Republican Party,S,Floor,0,0
G000386,2018Q3,2018,0.08100936307110183,163,Republican Party,S,Floor,0,0
G000386,2018Q4,2018,0.17969409133948688,186,Republican Party,S,Floor,0,0
G000386,2019Q1,2019,0.25669915062037235,204,Republican Party,S,Floor,0,0
G000386,2019Q2,2019,0.28096121461938256,191,Republican Party,S,Floor,0,0
G000386,2019Q3,2019,0.1107624876269775,61,Republican Party,S,Floor,0,0
G000386,2019Q4,2019,0.21309832081275476,186,Republican Party,S,Floor,0,0
G000386,2020Q1,2020,0.34210080462919484,162,Republican Party,S,Floor,0,0
G000386,2020Q2,2020,0.030940428790709604,181,Republican Party,S,Floor,0,0
G000386,2020Q3,2020,-0.25136076073884533,161,Republican Party,S,Floor,0,0
G000386,2020Q4,2020,-0.04719661375945051,85,Republican Party,S,Floor,0,0
G000386,2021Q1,2021,-0.04378970966742821,125,Republican Party,S,Floor,0,1
G000386,2021Q2,2021,-0.1829551532296585,158,Republican Party,S,Floor,0,1
G000386,2021Q3,2021,-0.09456565429807125,134,Republican Party,S,Floor,0,1
G000386,2021Q4,2021,-0.1875388156715371,154,Republican Party,S,Floor,0,1
G000386,2022Q1,2022,-0.3833125634094575,190,Republican Party,S,Floor,0,1
G000386,2022Q2,2022,-0.20195594604300815,121,Republican Party,S,Floor,0,1
G000386,2022Q3,2022,-0.0294353032022192,95,Republican Party,S,Floor,0,1
G000546,2019Q1,2019,0.4290349592281321,16,Republican Party,H,Floor,1,0
G000546,2020Q2,2020,-0.6745169969068113,24,Republican Party,H,Floor,1,0
G000546,2020Q4,2020,0.8714580503807381,20,Republican Party,H,Floor,1,0
G000551,2013Q3,2013,-0.099021974478744,44,Democratic Party,H,Floor,1,0
G000551,2013Q4,2013,0.7438200233107795,19,Democratic Party,H,Floor,1,0
G000551,2014Q1,2014,0.28452683190491257,56,Democratic Party,H,Floor,1,0
G000551,2015Q2,2015,-0.08522431119753446,28,Democratic Party,H,Floor,1,0
G000551,2015Q3,2015,0.19177661383218736,58,Democratic Party,H,Floor,1,0
G000551,2015Q4,2015,0.2249006355599313,39,Democratic Party,H,Floor,1,0
G000551,2017Q1,2017,0.12545352088875003,56,Democratic Party,H,Floor,1,1
G000551,2017Q3,2017,0.917861576879848,24,Democratic Party,H,Floor,1,1
G000551,2017Q4,2017,-0.09316667127523462,31,Democratic Party,H,Floor,1,1
G000551,2018Q2,2018,-0.019707414894039196,34,Democratic Party,H,Floor,1,1
G000551,2019Q2,2019,0.4415302094317666,36,Democratic Party,H,Floor,0,1
G000551,2019Q4,2019,0.4321322387160788,41,Democratic Party,H,Floor,0,1
G000551,2022Q2,2022,0.9775600774899128,28,Democratic Party,H,Floor,0,0
G000551,2022Q4,2022,0.9017930462253239,25,Democratic Party,H,Floor,0,0
G000552,2013Q1,2013,-0.7677328290037918,183,Republican Party,H,Floor,0,1
G000552,2013Q2,2013,-0.8869748903506169,353,Republican Party,H,Floor,0,1
G000552,2013Q3,2013,-0.8346523102824905,345,Republican Party,H,Floor,0,1
G000552,2013Q4,2013,-0.8215253914990694,502,Republican Party,H,Floor,0,1
G000552,2014Q1,2014,-0.9252272751972284,371,Republican Party,H,Floor,0,1
G000552,2014Q2,2014,-0.9055781467499484,571,Republican Party,H,Floor,0,1
G000552,2014Q3,2014,-0.9397915043226722,201,Republican Party,H,Floor,0,1
G000552,2014Q4,2014,-1.0575858154444882,206,Republican Party,H,Floor,0,1
G000552,2015Q1,2015,-0.8806145515726068,270,Republican Party,H,Floor,0,1
G000552,2015Q2,2015,-0.8536578857604029,269,Republican Party,H,Floor,0,1
G000552,2015Q3,2015,-1.143871031916059,149,Republican Party,H,Floor,0,1
G000552,2015Q4,2015,-0.8837711416676264,329,Republican Party,H,Floor,0,1
G000552,2016Q1,2016,-0.917752033855666,359,Republican Party,H,Floor,0,1
G000552,2016Q2,2016,-0.9740670605060752,375,Republican Party,H,Floor,0,1
G000552,2016Q3,2016,-0.5730223772766811,84,Republican Party,H,Floor,0,1
G000552,2017Q1,2017,-0.8925070384532783,550,Republican Party,H,Floor,0,0
G000552,2017Q2,2017,-0.801497529171666,262,Republican Party,H,Floor,0,0
G000552,2017Q3,2017,-0.8552551552413253,164,Republican Party,H,Floor,0,0
G000552,2017Q4,2017,-0.8585376769361828,447,Republican Party,H,Floor,0,0
G000552,2018Q1,2018,-0.857039023188846,154,Republican Party,H,Floor,0,0
G000552,2018Q2,2018,-0.8773459983778663,247,Republican Party,H,Floor,0,0
G000552,2019Q1,2019,-0.9539918848616807,271,Republican Party,H,Floor,1,0
G000552,2019Q2,2019,-0.8437354885445326,405,Republican Party,H,Floor,1,0
G000552,2020Q1,2020,-0.9695493921823395,263,Republican Party,H,Floor,1,0
G000552,2020Q3,2020,-1.285910946972671,66,Republican Party,H,Floor,1,0
G000552,2021Q1,2021,-0.9372818367209138,84,Republican Party,H,Floor,1,1
G000552,2021Q2,2021,-1.0451465491702554,203,Republican Party,H,Floor,1,1
G000552,2021Q3,2021,-0.9379693007046678,52,Republican Party,H,Floor,1,1
G000552,2021Q4,2021,-0.861618211168756,79,Republican Party,H,Floor,1,1
G000552,2022Q3,2022,-0.895068372419027,186,Republican Party,H,Floor,1,1
G000553,2013Q4,2013,-0.2434730498541436,31,Democratic Party,H,Floor,1,0
G000553,2015Q1,2015,-0.4917357086103966,30,Democratic Party,H,Floor,1,0
G000553,2015Q2,2015,-0.22959921615254164,86,Democratic Party,H,Floor,1,0
G000553,2016Q2,2016,-0.17153908954292754,125,Democratic Party,H,Floor,1,0
G000553,2017Q1,2017,-0.356477672013455,37,Democratic Party,H,Floor,1,1
G000553,2017Q3,2017,-0.5213484904542802,34,Democratic Party,H,Floor,1,1
G000553,2017Q4,2017,-0.8487949748628308,79,Democratic Party,H,Floor,1,1
G000553,2018Q1,2018,-0.4875037568718909,93,Democratic Party,H,Floor,1,1
G000553,2018Q2,2018,-0.4923477282551996,38,Democratic Party,H,Floor,1,1
G000553,2019Q2,2019,-0.4968658191310558,138,Democratic Party,H,Floor,0,1
G000553,2019Q3,2019,-0.6645988268848005,32,Democratic Party,H,Floor,0,1
G000553,2019Q4,2019,-0.24580868495139693,140,Democratic Party,H,Floor,0,1
G000553,2020Q1,2020,-0.42915210558540634,78,Democratic Party,H,Floor,0,1
G000553,2020Q3,2020,-0.4886990633604382,80,Democratic Party,H,Floor,0,1
G000553,2020Q4,2020,0.17788352801050394,64,Democratic Party,H,Floor,0,1
G000553,2021Q1,2021,-0.9516237818178347,34,Democratic Party,H,Floor,0,0
G000553,2021Q2,2021,-0.29479447347975307,106,Democratic Party,H,Floor,0,0
G000553,2021Q3,2021,-0.5733653899078298,72,Democratic Party,H,Floor,0,0
G000553,2022Q1,2022,-0.4168231989794044,32,Democratic Party,H,Floor,0,0
G000553,2022Q2,2022,-0.4328274244880702,99,Democratic Party,H,Floor,0,0
G000553,2022Q3,2022,-0.5927967289799618,56,Democratic Party,H,Floor,0,0
G000555,2017Q1,2017,-0.5799962853276724,44,Democratic Party,S,Floor,1,1
G000555,2021Q2,2021,0.860221296537601,117,Democratic Party,S,Floor,1,0
G000558,2020Q3,2020,0.37657317592139156,22,Republican Party,H,Floor,1,0
G000558,2021Q2,2021,1.2031203353799862,31,Republican Party,H,Floor,1,1
G000558,2021Q4,2021,0.9787762466706981,24,Republican Party,H,Floor,1,1
G000558,2022Q3,2022,0.5553244193767704,43,Republican Party,H,Floor,1,1
G000559,2013Q1,2013,0.17689934670384408,88,Democratic Party,H,Floor,1,0
G000559,2013Q2,2013,0.2876243806105843,168,Democratic Party,H,Floor,1,0
G000559,2013Q3,2013,-0.009592420121668202,122,Democratic Party,H,Floor,1,0
G000559,2013Q4,2013,0.1988889580691269,182,Democratic Party,H,Floor,1,0
G000559,2014Q1,2014,0.1785119258498443,88,Democratic Party,H,Floor,1,0
G000559,2014Q2,2014,0.48830383085238144,94,Democratic Party,H,Floor,1,0
G000559,2014Q3,2014,0.4551295475512612,110,Democratic Party,H,Floor,1,0
G000559,2014Q4,2014,0.7950475033082113,44,Democratic Party,H,Floor,1,0
G000559,2015Q1,2015,0.21483874200438582,125,Democratic Party,H,Floor,1,0
G000559,2015Q2,2015,0.5134865171780492,117,Democratic Party,H,Floor,1,0
G000559,2015Q3,2015,0.32541226445533666,83,Democratic Party,H,Floor,1,0
G000559,2015Q4,2015,0.051405357010158616,80,Democratic Party,H,Floor,1,0
G000559,2016Q1,2016,0.18877415282180884,105,Democratic Party,H,Floor,1,0
G000559,2016Q2,2016,0.4662765773007818,59,Democratic Party,H,Floor,1,0
G000559,2016Q3,2016,0.42141398425620746,52,Democratic Party,H,Floor,1,0
G000559,2017Q1,2017,0.2913877923930504,189,Democratic Party,H,Floor,1,1
G000559,2017Q3,2017,0.24413833985922156,105,Democratic Party,H,Floor,1,1
G000559,2017Q4,2017,-0.10061800445805855,147,Democratic Party,H,Floor,1,1
G000559,2018Q1,2018,-0.027882638118313527,124,Democratic Party,H,Floor,1,1
G000559,2018Q2,2018,-0.17980983585449933,74,Democratic Party,H,Floor,1,1
G000559,2018Q3,2018,0.13834819772036405,87,Democratic Party,H,Floor,1,1
G000559,2018Q4,2018,0.23098466709894785,57,Democratic Party,H,Floor,1,1
G000559,2019Q1,2019,0.06064933682488262,103,Democratic Party,H,Floor,0,1
G000559,2019Q2,2019,0.49745867390164633,80,Democratic Party,H,Floor,0,1
G000559,2022Q3,2022,0.3977079598986324,16,Democratic Party,H,Floor,0,0
G000560,2016Q2,2016,0.2103442120499248,35,Republican Party,H,Floor,0,1
G000560,2017Q3,2017,-0.04260816631250973,22,Republican Party,H,Floor,0,0
G000562,2013Q2,2013,0.6288190857538118,43,Republican Party,H,Floor,0,1
G000562,2013Q3,2013,0.11242392382550365,43,Republican Party,H,Floor,0,1
G000562,2014Q2,2014,0.7620888923597087,24,Republican Party,H,Floor,0,1
G000562,2015Q2,2015,0.5619963836775267,84,Republican Party,S,Floor,0,1
G000562,2016Q1,2016,0.3224409141667689,73,Republican Party,S,Floor,0,1
G000562,2016Q2,2016,0.6810514621725126,81,Republican Party,S,Floor,0,1
G000562,2017Q1,2017,-0.0017204252711479798,105,Republican Party,S,Floor,0,0
G000562,2017Q2,2017,0.6733394595326614,62,Republican Party,S,Floor,0,0
G000562,2017Q4,2017,0.43690395283108996,92,Republican Party,S,Floor,0,0
G000562,2019Q2,2019,0.32804663135460993,63,Republican Party,S,Floor,0,0
G000562,2019Q4,2019,0.6310407271399769,71,Republican Party,S,Floor,0,0
G000562,2020Q2,2020,0.7061714994669913,157,Republican Party,S,Floor,0,0
G000565,2013Q3,2013,-0.14310794925311893,36,Republican Party,H,Floor,0,1
G000565,2014Q2,2014,0.046160158187288976,85,Republican Party,H,Floor,0,1
G000565,2014Q3,2014,0.2241428684152574,50,Republican Party,H,Floor,0,1
G000565,2015Q2,2015,0.3212420931210575,57,Republican Party,H,Floor,0,1
G000565,2015Q4,2015,0.052792866735368864,27,Republican Party,H,Floor,0,1
G000565,2016Q2,2016,0.01992732969760929,58,Republican Party,H,Floor,0,1
G000565,2016Q3,2016,0.027405905991309286,43,Republican Party,H,Floor,0,1
G000565,2017Q3,2017,0.11496448158279114,29,Republican Party,H,Floor,0,0
G000565,2017Q4,2017,0.504683732705635,45,Republican Party,H,Floor,0,0
G000565,2018Q2,2018,0.3116695932506467,38,Republican Party,H,Floor,0,0
G000565,2019Q1,2019,-0.5027200657071433,44,Republican Party,H,Floor,1,0
G000565,2019Q2,2019,-0.21856189651566713,94,Republican Party,H,Floor,1,0
G000565,2019Q3,2019,0.6134304147684035,43,Republican Party,H,Floor,1,0
G000565,2019Q4,2019,0.4460770222080878,101,Republican Party,H,Floor,1,0
G000568,2013Q2,2013,0.04237399898932175,51,Republican Party,H,Floor,0,1
G000568,2019Q1,2019,-0.17637942646363775,45,Republican Party,H,Floor,1,0
G000571,2013Q2,2013,0.18499672958067964,41,Democratic Party,H,Floor,1,0
G000571,2013Q3,2013,0.22792635521650514,49,Democratic Party,H,Floor,1,0
G000571,2016Q1,2016,0.2445680688533265,25,Democratic Party,H,Floor,1,0
G000571,2017Q3,2017,-0.014015115614881335,12,Democratic Party,H,Floor,1,1
G000571,2017Q4,2017,-0.06422688422856417,11,Democratic Party,H,Floor,1,1
G000571,2018Q2,2018,-0.18394625146998836,35,Democratic Party,H,Floor,1,1
G000574,2015Q2,2015,0.11106590162716343,20,Democratic Party,H,Floor,1,0
G000574,2015Q3,2015,-0.09087202220650452,17,Democratic Party,H,Floor,1,0
G000574,2015Q4,2015,0.1556740121280865,19,Democratic Party,H,Floor,1,0
G000574,2017Q3,2017,-0.785344828159951,59,Democratic Party,H,Floor,1,1
G000574,2017Q4,2017,-1.1770892151977783,24,Democratic Party,H,Floor,1,1
G000574,2018Q2,2018,-0.6441241295982288,35,Democratic Party,H,Floor,1,1
G000576,2017Q3,2017,-0.08214700934661909,30,Republican Party,H,Floor,0,0
G000576,2019Q4,2019,-0.787782457301475,45,Republican Party,H,Floor,1,0
G000576,2020Q1,2020,-0.6890361193867083,70,Republican Party,H,Floor,1,0
G000576,2020Q3,2020,-0.16993309630713518,36,Republican Party,H,Floor,1,0
G000576,2020Q4,2020,-0.4540956702096601,44,Republican Party,H,Floor,1,0
G000576,2021Q1,2021,-0.6378064784136841,57,Republican Party,H,Floor,1,1
G000576,2021Q2,2021,-0.5283927119662295,79,Republican Party,H,Floor,1,1
G000576,2021Q3,2021,-0.7958706823548687,57,Republican Party,H,Floor,1,1
G000576,2021Q4,2021,-0.9782097579598438,100,Republican Party,H,Floor,1,1
G000576,2022Q1,2022,-0.7770247464742569,145,Republican Party,H,Floor,1,1
G000576,2022Q2,2022,-0.47184432676736954,162,Republican Party,H,Floor,1,1
G000576,2022Q3,2022,-0.8424956482543647,90,Republican Party,H,Floor,1,1
G000577,2015Q2,2015,0.480944402764785,61,Republican Party,H,Floor,0,1
G000577,2016Q3,2016,0.33826632312063293,47,Republican Party,H,Floor,0,1
G000577,2018Q2,2018,0.4612003459205219,30,Republican Party,H,Floor,0,0
G000577,2019Q4,2019,0.33700055181095306,47,Republican Party,H,Floor,1,0
G000577,2021Q2,2021,-0.08265394948965946,31,Republican Party,H,Floor,1,1
G000577,2022Q3,2022,0.17611209085603433,23,Republican Party,H,Floor,1,1
G000578,2017Q1,2017,-0.46016456758433955,36,Republican Party,H,Floor,0,0
G000578,2017Q4,2017,-0.34766549963467047,32,Republican Party,H,Floor,0,0
G000578,2018Q1,2018,0.06696478593409685,34,Republican Party,H,Floor,0,0
G000579,2017Q1,2017,0.012189150736882665,26,Republican Party,H,Floor,0,0
G000579,2017Q3,2017,1.1625834394090795,26,Republican Party,H,Floor,0,0
G000582,2018Q2,2018,1.358669661558672,22,New Progressive,H,Floor,0,0
G000582,2020Q1,2020,0.5864507147688043,32,Republican Party,H,Floor,1,0
G000582,2020Q4,2020,0.7461793625776568,34,Republican Party,H,Floor,1,0
G000583,2019Q4,2019,-0.22360734685761996,18,Democratic Party,H,Floor,0,1
G000583,2020Q2,2020,0.1738648191054246,27,Democratic Party,H,Floor,0,1
G000585,2019Q3,2019,-0.13699953042217922,22,Democratic Party,H,Floor,0,1
G000586,2019Q4,2019,0.24301262809103852,18,Democratic Party,H,Floor,0,1
G000586,2022Q2,2022,0.7448135673754726,34,Democratic Party,H,Floor,0,0
G000587,2019Q4,2019,-0.10895362357451785,20,Democratic Party,H,Floor,0,1
G000587,2021Q1,2021,-0.4837304958814423,11,Democratic Party,H,Floor,0,0
G000587,2021Q2,2021,0.3076079881465182,18,Democratic Party,H,Floor,0,0
G000587,2021Q4,2021,0.4087781787232818,42,Democratic Party,H,Floor,0,0
G000587,2022Q1,2022,0.10549614618455584,33,Democratic Party,H,Floor,0,0
G000587,2022Q2,2022,-0.127820364170527,30,Democratic Party,H,Floor,0,0
G000587,2022Q3,2022,-0.15391044913436788,33,Democratic Party,H,Floor,0,0
G000587,2022Q4,2022,-0.08570079072289598,19,Democratic Party,H,Floor,0,0
G000590,2019Q3,2019,0.5230581857349043,25,Republican Party,H,Floor,1,0
G000591,2021Q4,2021,0.22903585768664642,17,Republican Party,H,Floor,1,1
G000591,2022Q2,2022,-0.06839476816450928,23,Republican Party,H,Floor,1,1
G000593,2021Q2,2021,-0.01533930386845893,36,Republican Party,H,Floor,1,1
G000595,2021Q1,2021,-1.1943227995154098,40,Republican Party,H,Floor,1,1
G000595,2021Q4,2021,-1.074476302344993,56,Republican Party,H,Floor,1,1
G000595,2022Q2,2022,-1.0615093623303717,41,Republican Party,H,Floor,1,1
G000595,2022Q3,2022,-0.9021137222770659,38,Republican Party,H,Floor,1,1
G000596,2021Q1,2021,-1.133886255417747,68,Republican Party,H,Floor,1,1
G000596,2022Q2,2022,-1.0832384811672897,60,Republican Party,H,Floor,1,1
H000338,2013Q1,2013,-0.14411363162488747,173,Republican Party,S,Floor,1,1
H000338,2013Q2,2013,-0.23773362455341926,142,Republican Party,S,Floor,1,1
H000338,2013Q3,2013,-0.296220819642984,157,Republican Party,S,Floor,1,1
H000338,2013Q4,2013,-0.09738803056303437,130,Republican Party,S,Floor,1,1
H000338,2014Q1,2014,-0.40542929753864987,114,Republican Party,S,Floor,1,1
H000338,2014Q2,2014,-0.2677591356140864,219,Republican Party,S,Floor,1,1
H000338,2014Q3,2014,-0.23015387498028103,169,Republican Party,S,Floor,1,1
H000338,2014Q4,2014,-0.11256159680796515,82,Republican Party,S,Floor,1,1
H000338,2015Q1,2015,0.052857617367482915,318,Republican Party,S,Floor,0,1
H000338,2015Q2,2015,0.08899714811752094,433,Republican Party,S,Floor,0,1
H000338,2015Q3,2015,-0.18492536795025694,237,Republican Party,S,Floor,0,1
H000338,2015Q4,2015,-0.041541596626484885,485,Republican Party,S,Floor,0,1
H000338,2016Q1,2016,-0.03532136912277127,200,Republican Party,S,Floor,0,1
H000338,2016Q2,2016,-0.20508966856695512,213,Republican Party,S,Floor,0,1
H000338,2016Q3,2016,0.2204969417183745,93,Republican Party,S,Floor,0,1
H000338,2017Q1,2017,-0.23848736794749278,231,Republican Party,S,Floor,0,0
H000338,2017Q2,2017,0.2837288133848501,139,Republican Party,S,Floor,0,0
H000338,2017Q3,2017,0.17801783085906914,168,Republican Party,S,Floor,0,0
H000338,2017Q4,2017,-0.06449614566561125,205,Republican Party,S,Floor,0,0
H000338,2018Q1,2018,0.40113796997359513,208,Republican Party,S,Floor,0,0
H000338,2018Q2,2018,-0.2938115894958872,98,Republican Party,S,Floor,0,0
H000338,2018Q3,2018,-0.12512512008415044,165,Republican Party,S,Floor,0,0
H000338,2018Q4,2018,-0.2679193874666197,95,Republican Party,S,Floor,0,0
H000874,2013Q1,2013,-0.2575237257781002,141,Democratic Party,H,Floor,1,0
H000874,2013Q2,2013,-0.3799502567543464,195,Democratic Party,H,Floor,1,0
H000874,2013Q3,2013,-0.5407665524590696,173,Democratic Party,H,Floor,1,0
H000874,2013Q4,2013,-0.26362730973284176,151,Democratic Party,H,Floor,1,0
H000874,2014Q1,2014,0.06090181441652646,107,Democratic Party,H,Floor,1,0
H000874,2014Q2,2014,-0.26944505482070846,111,Democratic Party,H,Floor,1,0
H000874,2014Q3,2014,0.0024644830647329048,106,Democratic Party,H,Floor,1,0
H000874,2014Q4,2014,0.03214745509419964,46,Democratic Party,H,Floor,1,0
H000874,2015Q1,2015,-0.41821302310888375,106,Democratic Party,H,Floor,1,0
H000874,2015Q2,2015,-0.2447749163306199,111,Democratic Party,H,Floor,1,0
H000874,2015Q3,2015,-0.17971479512581506,84,Democratic Party,H,Floor,1,0
H000874,2015Q4,2015,-0.16790531476209655,111,Democratic Party,H,Floor,1,0
H000874,2016Q1,2016,0.133297289040604,69,Democratic Party,H,Floor,1,0
H000874,2016Q2,2016,-0.14143301276255088,97,Democratic Party,H,Floor,1,0
H000874,2016Q3,2016,-0.03312600460223314,53,Democratic Party,H,Floor,1,0
H000874,2017Q1,2017,-0.0753757920341991,166,Democratic Party,H,Floor,1,1
H000874,2017Q2,2017,0.05747264573559976,69,Democratic Party,H,Floor,1,1
H000874,2017Q3,2017,0.12711750772030314,74,Democratic Party,H,Floor,1,1
H000874,2017Q4,2017,-0.11796883400959757,204,Democratic Party,H,Floor,1,1
H000874,2018Q1,2018,-0.004330497487823735,80,Democratic Party,H,Floor,1,1
H000874,2018Q2,2018,-0.1382638524776751,124,Democratic Party,H,Floor,1,1
H000874,2018Q3,2018,-0.3679460796514442,39,Democratic Party,H,Floor,1,1
H000874,2018Q4,2018,-0.2979643166268268,35,Democratic Party,H,Floor,1,1
H000874,2019Q1,2019,-0.32695621170878464,242,Democratic Party,H,Floor,0,1
H000874,2019Q2,2019,0.06482498225151254,127,Democratic Party,H,Floor,0,1
H000874,2019Q3,2019,-0.042645876237360665,126,Democratic Party,H,Floor,0,1
H000874,2019Q4,2019,-0.10953352941082786,207,Democratic Party,H,Floor,0,1
H000874,2020Q1,2020,0.1829087276723125,173,Democratic Party,H,Floor,0,1
H000874,2020Q2,2020,-0.017889204852310454,112,Democratic Party,H,Floor,0,1
H000874,2020Q3,2020,-0.3310953306139921,130,Democratic Party,H,Floor,0,1
H000874,2020Q4,2020,-0.0005819839461520377,90,Democratic Party,H,Floor,0,1
H000874,2021Q1,2021,-0.35889752055893825,166,Democratic Party,H,Floor,0,0
H000874,2021Q2,2021,-0.19224193990439914,93,Democratic Party,H,Floor,0,0
H000874,2021Q3,2021,-0.04006690322608181,106,Democratic Party,H,Floor,0,0
H000874,2021Q4,2021,-0.21138576171652876,120,Democratic Party,H,Floor,0,0
H000874,2022Q1,2022,-0.11529227246684062,116,Democratic Party,H,Floor,0,0
H000874,2022Q2,2022,0.11181485146825199,166,Democratic Party,H,Floor,0,0
H000874,2022Q3,2022,-0.04558211201854772,146,Democratic Party,H,Floor,0,0
H000874,2022Q4,2022,-0.1162923189235368,67,Democratic Party,H,Floor,0,0
H001038,2013Q1,2013,0.26891019422938967,18,Democratic Party,H,Floor,1,0
H001038,2013Q2,2013,0.13173996233163893,17,Democratic Party,H,Floor,1,0
H001038,2013Q3,2013,0.12979044994909691,14,Democratic Party,H,Floor,1,0
H001038,2013Q4,2013,-0.07397729284077549,14,Democratic Party,H,Floor,1,0
H001038,2014Q1,2014,0.9773219227035214,14,Democratic Party,H,Floor,1,0
H001038,2014Q2,2014,0.5836450731849508,19,Democratic Party,H,Floor,1,0
H001038,2014Q3,2014,0.8933922906307263,14,Democratic Party,H,Floor,1,0
H001038,2015Q1,2015,0.5270809592241962,18,Democratic Party,H,Floor,1,0
H001038,2015Q2,2015,0.5660985598279605,16,Democratic Party,H,Floor,1,0
H001038,2015Q4,2015,1.0116613181782779,22,Democratic Party,H,Floor,1,0
H001038,2016Q1,2016,0.9372629976868009,11,Democratic Party,H,Floor,1,0
H001038,2016Q2,2016,0.7687003869360671,12,Democratic Party,H,Floor,1,0
H001038,2017Q1,2017,0.0003913134650805408,16,Democratic Party,H,Floor,1,1
H001038,2017Q2,2017,-0.9411885214496558,11,Democratic Party,H,Floor,1,1
H001038,2017Q4,2017,-0.6452865981604519,16,Democratic Party,H,Floor,1,1
H001041,2013Q2,2013,0.21014776271098773,49,Republican Party,S,Floor,1,1
H001041,2013Q3,2013,0.20261204596493176,43,Republican Party,S,Floor,1,1
H001041,2014Q1,2014,0.10285900677632584,50,Republican Party,S,Floor,1,1
H001041,2014Q2,2014,0.2776565806370236,99,Republican Party,S,Floor,1,1
H001041,2014Q3,2014,0.4386584863005973,69,Republican Party,S,Floor,1,1
H001041,2015Q1,2015,0.20855367999202862,58,Republican Party,S,Floor,0,1
H001041,2015Q2,2015,0.18103899402109858,58,Republican Party,S,Floor,0,1
H001041,2015Q3,2015,0.3151961957871878,78,Republican Party,S,Floor,0,1
H001041,2015Q4,2015,-0.07456327197270063,107,Republican Party,S,Floor,0,1
H001041,2016Q1,2016,0.5799019841548406,84,Republican Party,S,Floor,0,1
H001041,2016Q2,2016,0.5796126175330567,74,Republican Party,S,Floor,0,1
H001041,2016Q3,2016,0.810280112429309,37,Republican Party,S,Floor,0,1
H001041,2017Q4,2017,0.10997698467849132,65,Republican Party,S,Floor,0,0
H001042,2013Q2,2013,0.02656922333154733,40,Democratic Party,S,Floor,0,0
H001042,2013Q4,2013,-0.09933209623902936,69,Democratic Party,S,Floor,0,0
H001042,2016Q2,2016,0.34281306663628547,47,Democratic Party,S,Floor,1,0
H001042,2017Q1,2017,-0.41693402880883906,123,Democratic Party,S,Floor,1,1
H001042,2018Q1,2018,-0.04354031577558022,74,Democratic Party,S,Floor,1,1
H001042,2018Q3,2018,-0.1477831966585659,56,Democratic Party,S,Floor,1,1
H001042,2019Q1,2019,-0.23671642882712032,92,Democratic Party,S,Floor,1,1
H001042,2019Q2,2019,-0.2554336861272055,56,Democratic Party,S,Floor,1,1
H001042,2021Q1,2021,0.05226272334152879,59,Democratic Party,S,Floor,1,0
H001042,2021Q2,2021,0.15370043536568168,46,Democratic Party,S,Floor,1,0
H001042,2022Q2,2022,0.43483040823734354,52,Democratic Party,S,Floor,1,0
H001046,2014Q3,2014,-0.35689466092270694,63,Democratic Party,S,Floor,0,0
H001046,2015Q4,2015,0.4894284131061978,41,Democratic Party,S,Floor,1,0
H001046,2016Q2,2016,0.007941695020320787,33,Democratic Party,S,Floor,1,0
H001046,2017Q1,2017,-0.2473730499367115,84,Democratic Party,S,Floor,1,1
H001046,2020Q2,2020,0.37808618108908487,37,Democratic Party,S,Floor,1,1
H001047,2014Q1,2014,-0.18881182551810355,15,Democratic Party,H,Floor,1,0
H001052,2013Q4,2013,-0.5074546607548384,31,Republican Party,H,Floor,0,1
H001052,2018Q1,2018,-0.5035086491112672,24,Republican Party,H,Floor,0,0
H001052,2019Q2,2019,-0.269831767921363,67,Republican Party,H,Floor,1,0
H001053,2013Q2,2013,-0.4710053053919174,62,Republican Party,H,Floor,0,1
H001053,2013Q4,2013,-0.36504366831040574,64,Republican Party,H,Floor,0,1
H001053,2014Q1,2014,-0.3688166280447351,40,Republican Party,H,Floor,0,1
H001053,2015Q4,2015,-0.1744985830373523,35,Republican Party,H,Floor,0,1
H001053,2017Q3,2017,0.505959862322727,20,Republican Party,H,Floor,0,0
H001053,2017Q4,2017,-0.19051430459639043,25,Republican Party,H,Floor,0,0
H001053,2018Q2,2018,0.33995256633013876,24,Republican Party,H,Floor,0,0
H001053,2019Q1,2019,-0.07597589200064704,61,Republican Party,H,Floor,1,0
H001053,2019Q2,2019,0.006325474429777863,27,Republican Party,H,Floor,1,0
H001053,2021Q1,2021,-0.26544218925929364,18,Republican Party,H,Floor,1,1
H001056,2013Q2,2013,-0.03341154675009296,18,Republican Party,H,Floor,0,1
H001056,2021Q2,2021,0.10925566294343649,15,Republican Party,H,Floor,1,1
H001058,2014Q2,2014,0.5757694956474911,32,Republican Party,H,Floor,0,1
H001058,2014Q3,2014,0.12897883189696382,26,Republican Party,H,Floor,0,1
H001058,2015Q3,2015,-1.0215950848931459,13,Republican Party,H,Floor,0,1
H001058,2015Q4,2015,-0.14472118259941485,26,Republican Party,H,Floor,0,1
H001058,2016Q3,2016,0.25539185896769534,25,Republican Party,H,Floor,0,1
H001058,2017Q1,2017,0.5558736057682375,51,Republican Party,H,Floor,0,0
H001058,2017Q4,2017,0.5687369023662593,44,Republican Party,H,Floor,0,0
H001058,2018Q1,2018,-0.16564452125242618,33,Republican Party,H,Floor,0,0
H001058,2018Q3,2018,0.8833035679747964,56,Republican Party,H,Floor,0,0
H001058,2019Q3,2019,0.9371327303475189,23,Republican Party,H,Floor,1,0
H001058,2019Q4,2019,0.044906336413431246,62,Republican Party,H,Floor,1,0
H001058,2020Q2,2020,-0.21035560019291627,34,Republican Party,H,Floor,1,0
H001058,2021Q2,2021,-0.07627166787823582,42,Republican Party,H,Floor,1,1
H001061,2013Q1,2013,0.417512605785171,73,Republican Party,S,Floor,1,1
H001061,2013Q2,2013,0.27857786498557585,97,Republican Party,S,Floor,1,1
H001061,2013Q3,2013,0.6576629024344898,91,Republican Party,S,Floor,1,1
H001061,2014Q1,2014,0.5848678968795276,79,Republican Party,S,Floor,1,1
H001061,2014Q2,2014,0.6492372051867876,91,Republican Party,S,Floor,1,1
H001061,2014Q3,2014,0.7159241514373127,65,Republican Party,S,Floor,1,1
H001061,2014Q4,2014,0.3061593802336446,61,Republican Party,S,Floor,1,1
H001061,2015Q1,2015,0.8204723879609139,243,Republican Party,S,Floor,0,1
H001061,2016Q1,2016,0.4543380796345361,51,Republican Party,S,Floor,0,1
H001065,2013Q2,2013,0.02412997677146704,22,Republican Party,H,Floor,0,1
H001065,2013Q4,2013,-0.12245117815082664,30,Republican Party,H,Floor,0,1
H001065,2014Q1,2014,-0.04107530436088061,27,Republican Party,H,Floor,0,1
H001065,2014Q2,2014,0.29352474662642325,24,Republican Party,H,Floor,0,1
H001066,2013Q1,2013,-0.07353911732023875,69,Democratic Party,H,Floor,1,0
H001066,2013Q2,2013,0.38101979749820813,96,Democratic Party,H,Floor,1,0
H001066,2013Q4,2013,-0.01890611553079317,72,Democratic Party,H,Floor,1,0
H001066,2014Q1,2014,0.1610927227141811,107,Democratic Party,H,Floor,1,0
H001066,2014Q2,2014,0.07310405293387628,36,Democratic Party,H,Floor,1,0
H001066,2014Q3,2014,0.2752814109840772,40,Democratic Party,H,Floor,1,0
H001066,2019Q2,2019,0.267452963012271,31,Democratic Party,H,Floor,0,1
H001066,2019Q4,2019,0.03426738322200472,30,Democratic Party,H,Floor,0,1
H001066,2021Q4,2021,0.3141789577793893,28,Democratic Party,H,Floor,0,0
H001067,2013Q2,2013,-0.07988832140903626,27,Republican Party,H,Floor,0,1
H001067,2014Q3,2014,0.6920767327433099,28,Republican Party,H,Floor,0,1
H001068,2014Q1,2014,0.003278550866205881,26,Democratic Party,H,Floor,1,0
H001068,2015Q3,2015,0.38474445878691804,32,Democratic Party,H,Floor,1,0
H001068,2016Q3,2016,0.46294338707958155,21,Democratic Party,H,Floor,1,0
H001068,2017Q3,2017,0.30218684244909577,23,Democratic Party,H,Floor,1,1
H001068,2018Q3,2018,0.5961284024514832,38,Democratic Party,H,Floor,1,1
H001068,2019Q3,2019,0.26626541994366715,41,Democratic Party,H,Floor,0,1
H001068,2019Q4,2019,0.441696563511228,24,Democratic Party,H,Floor,0,1
H001068,2020Q4,2020,0.9523046923110856,42,Democratic Party,H,Floor,0,1
H001069,2013Q2,2013,0.009509028545108053,82,Democratic Party,S,Floor,0,0
H001069,2013Q4,2013,-0.281028203516492,71,Democratic Party,S,Floor,0,0
H001069,2015Q1,2015,0.14797116083151154,63,Democratic Party,S,Floor,1,0
H001069,2015Q2,2015,0.03215475868626538,96,Democratic Party,S,Floor,1,0
H001069,2015Q3,2015,0.11258780871110217,46,Democratic Party,S,Floor,1,0
H001069,2015Q4,2015,0.17373328364377932,76,Democratic Party,S,Floor,1,0
H001069,2016Q1,2016,0.07115386404340153,53,Democratic Party,S,Floor,1,0
H001069,2016Q2,2016,-0.35814603154454666,69,Democratic Party,S,Floor,1,0
H001071,2016Q1,2016,-0.27357749131264986,20,Republican Party,H,Floor,0,1
H001071,2016Q3,2016,-0.6592097568657481,40,Republican Party,H,Floor,0,1
H001071,2017Q4,2017,0.5382550995511961,38,Republican Party,H,Floor,0,0
H001071,2020Q2,2020,-0.5562294221934331,17,Republican Party,H,Floor,1,0
H001071,2021Q1,2021,-1.3349945074363712,18,Republican Party,H,Floor,1,1
H001072,2015Q4,2015,-0.11232426423497063,29,Republican Party,H,Floor,0,1
H001072,2016Q1,2016,0.3201909649929986,28,Republican Party,H,Floor,0,1
H001072,2016Q2,2016,0.6017296490765908,46,Republican Party,H,Floor,0,1
H001072,2016Q3,2016,0.1873732899759218,22,Republican Party,H,Floor,0,1
H001072,2017Q1,2017,0.16079177251833285,28,Republican Party,H,Floor,0,0
H001072,2017Q2,2017,0.4927946454822159,53,Republican Party,H,Floor,0,0
H001072,2017Q4,2017,0.5872859764095716,35,Republican Party,H,Floor,0,0
H001072,2018Q1,2018,0.44579897987807515,54,Republican Party,H,Floor,0,0
H001072,2018Q2,2018,0.41180193640029283,52,Republican Party,H,Floor,0,0
H001072,2018Q3,2018,0.5480719676404786,74,Republican Party,H,Floor,0,0
H001072,2019Q1,2019,0.3961762492777115,53,Republican Party,H,Floor,1,0
H001072,2019Q2,2019,0.43955081987118544,29,Republican Party,H,Floor,1,0
H001072,2019Q4,2019,0.41891574444245466,51,Republican Party,H,Floor,1,0
H001072,2020Q1,2020,0.5190283065320022,48,Republican Party,H,Floor,1,0
H001072,2020Q3,2020,0.652091939234127,28,Republican Party,H,Floor,1,0
H001072,2020Q4,2020,0.04207343700402174,26,Republican Party,H,Floor,1,0
H001072,2021Q2,2021,0.3889342137116098,75,Republican Party,H,Floor,1,1
H001072,2022Q1,2022,0.26409188238296355,44,Republican Party,H,Floor,1,1
H001072,2022Q2,2022,0.13844234193116078,77,Republican Party,H,Floor,1,1
H001072,2022Q3,2022,0.3218578314134772,42,Republican Party,H,Floor,1,1
H001072,2022Q4,2022,0.3178712337294819,24,Republican Party,H,Floor,1,1
H001073,2015Q2,2015,-0.05611322930770206,17,Republican Party,H,Floor,0,1
H001073,2016Q2,2016,0.30147474595727247,29,Republican Party,H,Floor,0,1
H001073,2019Q1,2019,0.6997839916827657,18,Republican Party,H,Floor,1,0
H001076,2017Q1,2017,-0.026261284623436153,105,Democratic Party,S,Floor,1,1
H001076,2017Q3,2017,0.024023047356312555,42,Democratic Party,S,Floor,1,1
H001076,2018Q2,2018,0.04549275237394159,37,Democratic Party,S,Floor,1,1
H001076,2020Q3,2020,0.1268871070675702,41,Democratic Party,S,Floor,1,1
H001076,2022Q2,2022,0.37476619834874214,21,Democratic Party,S,Floor,1,0
H001079,2020Q3,2020,-0.31143497482109234,33,Republican Party,S,Floor,0,0
H001079,2021Q4,2021,-0.2837116494765651,41,Republican Party,S,Floor,0,1
H001080,2019Q4,2019,0.3895061636505092,39,Democratic Party,H,Floor,0,1
H001080,2020Q3,2020,0.8577665401976915,37,Democratic Party,H,Floor,0,1
H001082,2019Q2,2019,-0.19064320102558657,36,Republican Party,H,Floor,1,0
H001082,2021Q4,2021,-0.5070766568937741,18,Republican Party,H,Floor,1,1
H001082,2022Q2,2022,-0.11465196595940888,19,Republican Party,H,Floor,1,1
H001085,2021Q3,2021,0.5493131774881773,18,Democratic Party,H,Floor,0,0
H001089,2020Q4,2020,-0.4636529779857888,58,Republican Party,S,Floor,0,0
H001089,2022Q2,2022,-0.49957310340099514,35,Republican Party,S,Floor,0,1
I000024,2013Q1,2013,-0.100754891826095,150,Republican Party,S,Floor,1,1
I000024,2013Q2,2013,-0.08102062835428578,135,Republican Party,S,Floor,1,1
I000024,2013Q3,2013,-0.3761640748859058,140,Republican Party,S,Floor,1,1
I000024,2013Q4,2013,0.09738337906652092,138,Republican Party,S,Floor,1,1
I000024,2014Q1,2014,-0.21762259828501138,119,Republican Party,S,Floor,1,1
I000024,2014Q2,2014,-0.156810358058144,96,Republican Party,S,Floor,1,1
I000024,2014Q3,2014,-0.2054807570142753,160,Republican Party,S,Floor,1,1
I000024,2014Q4,2014,-0.012520869988280125,69,Republican Party,S,Floor,1,1
I000024,2015Q1,2015,-0.09264404564751484,139,Republican Party,S,Floor,0,1
I000024,2015Q2,2015,-0.11943572322437401,51,Republican Party,S,Floor,0,1
I000024,2015Q3,2015,-0.10793526405470996,158,Republican Party,S,Floor,0,1
I000024,2015Q4,2015,-0.34848217404635395,167,Republican Party,S,Floor,0,1
I000024,2016Q2,2016,0.0501574363803738,120,Republican Party,S,Floor,0,1
I000024,2016Q3,2016,0.7329543234345911,107,Republican Party,S,Floor,0,1
I000024,2017Q1,2017,-0.0013543870212533709,98,Republican Party,S,Floor,0,0
I000024,2017Q4,2017,-0.10184378893091865,75,Republican Party,S,Floor,0,0
I000024,2018Q2,2018,0.13399947709394894,135,Republican Party,S,Floor,0,0
I000024,2018Q3,2018,-0.16193016690948836,70,Republican Party,S,Floor,0,0
I000024,2018Q4,2018,0.12094643440800147,81,Republican Party,S,Floor,0,0
I000024,2019Q1,2019,0.1708689433482336,56,Republican Party,S,Floor,0,0
I000024,2019Q2,2019,0.3439152331813639,59,Republican Party,S,Floor,0,0
I000024,2019Q4,2019,0.05683045784170776,101,Republican Party,S,Floor,0,0
I000024,2020Q1,2020,0.023519500397378205,45,Republican Party,S,Floor,0,0
I000024,2020Q2,2020,0.09253079618693338,82,Republican Party,S,Floor,0,0
I000024,2020Q3,2020,0.01605268016766814,56,Republican Party,S,Floor,0,0
I000024,2020Q4,2020,-0.07836267394783507,213,Republican Party,S,Floor,0,0
I000024,2021Q1,2021,-0.27009937476984847,79,Republican Party,S,Floor,0,1
I000024,2021Q2,2021,0.10136108425306578,91,Republican Party,S,Floor,0,1
I000055,2013Q2,2013,0.39828883785463226,28,Republican Party,S,Floor,1,1
I000055,2013Q3,2013,-0.05839975857766475,38,Republican Party,S,Floor,1,1
I000055,2013Q4,2013,-0.09199380554751337,50,Republican Party,S,Floor,1,1
I000055,2014Q2,2014,0.07787225071193069,73,Republican Party,S,Floor,1,1
I000055,2014Q3,2014,-0.37005907659914067,54,Republican Party,S,Floor,1,1
I000055,2015Q1,2015,-0.08151919465593446,53,Republican Party,S,Floor,0,1
I000055,2015Q2,2015,-0.1415019250907952,46,Republican Party,S,Floor,0,1
I000055,2015Q3,2015,-0.23214812361851705,56,Republican Party,S,Floor,0,1
I000055,2015Q4,2015,-0.04945969720526359,84,Republican Party,S,Floor,0,1
I000055,2016Q2,2016,-0.13830695576086302,88,Republican Party,S,Floor,0,1
I000055,2017Q1,2017,-0.24176180141019163,36,Republican Party,S,Floor,0,0
I000055,2017Q2,2017,0.06854655320963368,45,Republican Party,S,Floor,0,0
I000055,2018Q1,2018,-0.05437253590504773,43,Republican Party,S,Floor,0,0
I000055,2018Q4,2018,-0.22546770670613744,63,Republican Party,S,Floor,0,0
I000055,2019Q2,2019,-0.17744456859640947,64,Republican Party,S,Floor,0,0
I000056,2013Q1,2013,-0.14014575044839517,56,Republican Party,H,Floor,0,1
I000056,2013Q2,2013,0.39536927478438905,29,Republican Party,H,Floor,0,1
I000056,2013Q3,2013,-0.46896528021286027,28,Republican Party,H,Floor,0,1
I000056,2014Q1,2014,0.23301374344422748,40,Republican Party,H,Floor,0,1
I000056,2014Q2,2014,0.37780601891173776,49,Republican Party,H,Floor,0,1
I000056,2014Q4,2014,-0.0009223415440222463,24,Republican Party,H,Floor,0,1
I000056,2017Q4,2017,0.7778998218543319,39,Republican Party,H,Floor,0,0
J000032,2016Q3,2016,0.4679824261777605,73,Democratic Party,H,Floor,1,0
J000032,2016Q4,2016,0.5278274921924162,213,Democratic Party,H,Floor,1,0
J000032,2017Q1,2017,0.053084358453534396,398,Democratic Party,H,Floor,1,1
J000032,2017Q2,2017,0.06848951796352779,379,Democratic Party,H,Floor,1,1
J000032,2017Q3,2017,0.28555454499553745,392,Democratic Party,H,Floor,1,1
J000032,2017Q4,2017,-0.029373869425808236,499,Democratic Party,H,Floor,1,1
J000032,2018Q1,2018,0.03747348305171392,434,Democratic Party,H,Floor,1,1
J000032,2018Q2,2018,0.11621572055264032,562,Democratic Party,H,Floor,1,1
J000032,2018Q3,2018,0.5212856405770044,254,Democratic Party,H,Floor,1,1
J000032,2018Q4,2018,-0.07872152115867193,79,Democratic Party,H,Floor,1,1
J000032,2019Q1,2019,0.18923923863914943,344,Democratic Party,H,Floor,0,1
J000032,2019Q2,2019,0.6517845825391315,320,Democratic Party,H,Floor,0,1
J000032,2019Q3,2019,0.5033697648839565,219,Democratic Party,H,Floor,0,1
J000032,2019Q4,2019,0.3104550439183304,215,Democratic Party,H,Floor,0,1
J000032,2020Q1,2020,0.39544836422969665,211,Democratic Party,H,Floor,0,1
J000032,2020Q2,2020,0.44073821602341096,132,Democratic Party,H,Floor,0,1
J000032,2020Q3,2020,0.5217099116277313,321,Democratic Party,H,Floor,0,1
J000032,2020Q4,2020,0.29978029516716936,315,Democratic Party,H,Floor,0,1
J000032,2021Q1,2021,0.16790110418409224,470,Democratic Party,H,Floor,0,0
J000032,2021Q2,2021,0.17311064136632137,360,Democratic Party,H,Floor,0,0
J000032,2021Q3,2021,0.057405888612134,206,Democratic Party,H,Floor,0,0
J000032,2021Q4,2021,0.4484877518185641,423,Democratic Party,H,Floor,0,0
J000032,2022Q1,2022,0.3475931805820325,532,Democratic Party,H,Floor,0,0
J000032,2022Q2,2022,0.4599497829405261,437,Democratic Party,H,Floor,0,0
J000032,2022Q3,2022,0.44808295761186134,344,Democratic Party,H,Floor,0,0
J000032,2022Q4,2022,0.407189443315008,339,Democratic Party,H,Floor,0,0
J000126,2013Q1,2013,0.4671822257063058,29,Democratic Party,H,Floor,1,0
J000126,2013Q2,2013,0.5184823437178278,35,Democratic Party,H,Floor,1,0
J000126,2013Q3,2013,0.1394401504782056,32,Democratic Party,H,Floor,1,0
J000126,2013Q4,2013,0.7189102862065446,37,Democratic Party,H,Floor,1,0
J000126,2014Q2,2014,1.2836627085921122,33,Democratic Party,H,Floor,1,0
J000126,2014Q3,2014,0.7250282427732946,31,Democratic Party,H,Floor,1,0
J000126,2014Q4,2014,0.2241300847067819,25,Democratic Party,H,Floor,1,0
J000126,2015Q1,2015,0.4229124106821935,107,Democratic Party,H,Floor,1,0
J000126,2015Q2,2015,0.4729432847049148,69,Democratic Party,H,Floor,1,0
J000126,2015Q3,2015,0.39082795424261485,35,Democratic Party,H,Floor,1,0
J000126,2016Q1,2016,0.5400826038116495,26,Democratic Party,H,Floor,1,0
J000126,2016Q3,2016,0.7300943782639591,35,Democratic Party,H,Floor,1,0
J000126,2017Q1,2017,0.4166745925878906,63,Democratic Party,H,Floor,1,1
J000126,2017Q4,2017,0.5214092310463612,41,Democratic Party,H,Floor,1,1
J000126,2018Q1,2018,1.2178868036738353,28,Democratic Party,H,Floor,1,1
J000126,2019Q1,2019,0.731632019051895,19,Democratic Party,H,Floor,0,1
J000126,2019Q3,2019,0.8225641408465421,22,Democratic Party,H,Floor,0,1
J000126,2019Q4,2019,0.9131740771590074,38,Democratic Party,H,Floor,0,1
J000126,2020Q1,2020,0.4505950134652911,28,Democratic Party,H,Floor,0,1
J000126,2020Q3,2020,0.8022551308035483,32,Democratic Party,H,Floor,0,1
J000126,2021Q1,2021,0.22909947014695486,22,Democratic Party,H,Floor,0,0
J000126,2021Q2,2021,0.7680775788312715,22,Democratic Party,H,Floor,0,0
J000255,2013Q2,2013,-0.36423917936921785,81,Republican Party,H,Floor,0,1
J000255,2014Q3,2014,-0.611658358929072,36,Republican Party,H,Floor,0,1
J000255,2015Q2,2015,-0.2145917309497123,40,Republican Party,H,Floor,0,1
J000288,2013Q2,2013,-0.052418868484198806,29,Democratic Party,H,Floor,1,0
J000288,2013Q3,2013,-0.24831936657325504,21,Democratic Party,H,Floor,1,0
J000288,2013Q4,2013,-0.1251451987796857,13,Democratic Party,H,Floor,1,0
J000288,2014Q1,2014,0.2863676210441433,67,Democratic Party,H,Floor,1,0
J000288,2014Q3,2014,-0.061872880297415146,35,Democratic Party,H,Floor,1,0
J000288,2015Q2,2015,-0.0028529007469154308,45,Democratic Party,H,Floor,1,0
J000288,2015Q3,2015,0.0085567290068931,51,Democratic Party,H,Floor,1,0
J000288,2015Q4,2015,0.003428765306484854,35,Democratic Party,H,Floor,1,0
J000288,2016Q1,2016,0.016737484425509236,54,Democratic Party,H,Floor,1,0
J000288,2016Q2,2016,0.29896003126980814,52,Democratic Party,H,Floor,1,0
J000288,2016Q3,2016,0.002668409257394764,55,Democratic Party,H,Floor,1,0
J000288,2017Q1,2017,-0.08331743486602305,136,Democratic Party,H,Floor,1,1
J000288,2017Q2,2017,0.4378607297401851,25,Democratic Party,H,Floor,1,1
J000288,2018Q2,2018,0.10671883891897506,30,Democratic Party,H,Floor,1,1
J000288,2019Q1,2019,0.020945942985143125,25,Democratic Party,H,Floor,0,1
J000289,2019Q1,2019,-1.0198940595091648,27,Republican Party,H,Floor,1,0
J000289,2021Q1,2021,-0.8486615496585753,59,Republican Party,H,Floor,1,1
J000289,2022Q2,2022,-0.8720746634530471,62,Republican Party,H,Floor,1,1
J000289,2022Q3,2022,-0.5601259921436301,54,Republican Party,H,Floor,1,1
J000289,2022Q4,2022,-0.22051008241176517,24,Republican Party,H,Floor,1,1
J000292,2013Q2,2013,-0.11409896178362815,32,Republican Party,H,Floor,0,1
J000292,2014Q1,2014,1.0165152323442361,37,Republican Party,H,Floor,0,1
J000292,2015Q4,2015,0.2698784027507079,28,Republican Party,H,Floor,0,1
J000293,2015Q4,2015,0.00973855170268081,53,Republican Party,S,Floor,0,1
J000293,2020Q2,2020,0.5072053991798783,14,Republican Party,S,Floor,0,0
J000293,2020Q3,2020,-0.07578642295807445,43,Republican Party,S,Floor,0,0
J000294,2013Q1,2013,0.03728164512903658,51,Democratic Party,H,Floor,1,0
J000294,2013Q2,2013,0.32239373174983726,70,Democratic Party,H,Floor,1,0
J000294,2013Q3,2013,0.1220618316712658,33,Democratic Party,H,Floor,1,0
J000294,2013Q4,2013,-0.1141484659978576,101,Democratic Party,H,Floor,1,0
J000294,2014Q1,2014,-0.08386321089269054,87,Democratic Party,H,Floor,1,0
J000294,2014Q2,2014,-0.018971037792167276,37,Democratic Party,H,Floor,1,0
J000294,2014Q3,2014,-0.07187325614865728,40,Democratic Party,H,Floor,1,0
J000294,2014Q4,2014,-0.03545454287246552,34,Democratic Party,H,Floor,1,0
J000294,2015Q1,2015,-0.26087452650622134,45,Democratic Party,H,Floor,1,0
J000294,2015Q2,2015,0.13591617979128837,28,Democratic Party,H,Floor,1,0
J000294,2015Q4,2015,-0.11062067048351702,41,Democratic Party,H,Floor,1,0
J000294,2016Q1,2016,-0.11378524915743062,60,Democratic Party,H,Floor,1,0
J000294,2016Q2,2016,-0.1883699176253761,81,Democratic Party,H,Floor,1,0
J000294,2017Q1,2017,-0.902883611254615,28,Democratic Party,H,Floor,1,1
J000294,2017Q4,2017,-0.9375451596234546,28,Democratic Party,H,Floor,1,1
J000294,2018Q1,2018,-0.8759675545277155,18,Democratic Party,H,Floor,1,1
J000294,2018Q2,2018,-0.44471250213957453,19,Democratic Party,H,Floor,1,1
J000298,2017Q1,2017,-0.3501330774206854,105,Democratic Party,H,Floor,1,1
J000298,2017Q2,2017,-0.15205521839070518,79,Democratic Party,H,Floor,1,1
J000298,2017Q3,2017,0.2101987130431689,33,Democratic Party,H,Floor,1,1
J000298,2017Q4,2017,-0.3381730859852536,92,Democratic Party,H,Floor,1,1
J000298,2018Q2,2018,-0.04309552648886084,81,Democratic Party,H,Floor,1,1
J000298,2019Q1,2019,-0.009855677605587617,31,Democratic Party,H,Floor,0,1
J000298,2019Q3,2019,0.16293867255332417,28,Democratic Party,H,Floor,0,1
J000299,2017Q2,2017,0.1056059012923315,31,Republican Party,H,Floor,0,0
J000299,2017Q4,2017,-0.2487234842838322,31,Republican Party,H,Floor,0,0
J000299,2021Q1,2021,-0.5393923656712589,25,Republican Party,H,Floor,1,1
J000299,2021Q2,2021,-0.32518793057845674,42,Republican Party,H,Floor,1,1
J000299,2021Q3,2021,-0.6067671131106784,15,Republican Party,H,Floor,1,1
J000299,2021Q4,2021,-0.638994585567,23,Republican Party,H,Floor,1,1
J000299,2022Q1,2022,-0.41154650737433524,97,Republican Party,H,Floor,1,1
J000299,2022Q2,2022,-0.8461425981965834,58,Republican Party,H,Floor,1,1
J000299,2022Q3,2022,-0.7283407975313803,48,Republican Party,H,Floor,1,1
J000299,2022Q4,2022,-0.12420066619807696,15,Republican Party,H,Floor,1,1
J000300,2018Q3,2018,0.4784914498662621,81,Democratic Party,S,Floor,1,1
J000300,2019Q2,2019,-0.30621738549877137,92,Democratic Party,S,Floor,1,1
J000301,2019Q4,2019,0.6370005132758078,19,Republican Party,H,Floor,1,0
J000302,2020Q3,2020,0.30079004888823196,37,Republican Party,H,Floor,1,0
J000302,2021Q2,2021,-0.6154873859883893,31,Republican Party,H,Floor,1,1
J000302,2021Q3,2021,-0.2701353304618121,27,Republican Party,H,Floor,1,1
J000302,2021Q4,2021,-0.7566739516355564,18,Republican Party,H,Floor,1,1
J000302,2022Q1,2022,-0.5905605570945516,17,Republican Party,H,Floor,1,1
J000302,2022Q2,2022,-0.20694697274513313,28,Republican Party,H,Floor,1,1
J000302,2022Q3,2022,-0.4195274232517544,22,Republican Party,H,Floor,1,1
J000302,2022Q4,2022,0.09243796393201036,22,Republican Party,H,Floor,1,1
K000009,2013Q1,2013,-0.3651066865298145,22,Democratic Party,H,Floor,1,0
K000009,2013Q2,2013,-0.4604322039667904,43,Democratic Party,H,Floor,1,0
K000009,2013Q3,2013,-0.06635512738339709,181,Democratic Party,H,Floor,1,0
K000009,2013Q4,2013,-0.36356320156771144,104,Democratic Party,H,Floor,1,0
K000009,2014Q1,2014,-0.5331567546531505,132,Democratic Party,H,Floor,1,0
K000009,2014Q2,2014,-0.2735070797391269,45,Democratic Party,H,Floor,1,0
K000009,2014Q3,2014,-0.03317816665502089,116,Democratic Party,H,Floor,1,0
K000009,2014Q4,2014,-0.8522254025632745,48,Democratic Party,H,Floor,1,0
K000009,2015Q1,2015,-0.5826278890122927,75,Democratic Party,H,Floor,1,0
K000009,2015Q2,2015,-0.11066198201579362,104,Democratic Party,H,Floor,1,0
K000009,2015Q3,2015,-0.6869177055594483,40,Democratic Party,H,Floor,1,0
K000009,2015Q4,2015,-0.200625053257432,78,Democratic Party,H,Floor,1,0
K000009,2016Q1,2016,-0.03726078275756615,28,Democratic Party,H,Floor,1,0
K000009,2016Q2,2016,-0.1802558214077602,130,Democratic Party,H,Floor,1,0
K000009,2016Q3,2016,-0.0840324367682924,17,Democratic Party,H,Floor,1,0
K000009,2016Q4,2016,-0.5352379459100723,32,Democratic Party,H,Floor,1,0
K000009,2017Q1,2017,-0.40251726740310056,173,Democratic Party,H,Floor,1,1
K000009,2017Q2,2017,-0.10894248640766022,70,Democratic Party,H,Floor,1,1
K000009,2017Q3,2017,0.20581030806387254,107,Democratic Party,H,Floor,1,1
K000009,2017Q4,2017,-0.25473530371495146,107,Democratic Party,H,Floor,1,1
K000009,2018Q1,2018,-0.48474269652122653,59,Democratic Party,H,Floor,1,1
K000009,2018Q2,2018,-0.41035962750446175,122,Democratic Party,H,Floor,1,1
K000009,2018Q3,2018,-0.03135619896055368,43,Democratic Party,H,Floor,1,1
K000009,2019Q1,2019,0.25449602519365266,48,Democratic Party,H,Floor,0,1
K000009,2019Q2,2019,-0.2022340864717319,48,Democratic Party,H,Floor,0,1
K000009,2019Q3,2019,-0.22331349354387417,49,Democratic Party,H,Floor,0,1
K000009,2019Q4,2019,0.30094017494025216,45,Democratic Party,H,Floor,0,1
K000009,2020Q1,2020,-0.19631854000350454,33,Democratic Party,H,Floor,0,1
K000009,2020Q3,2020,0.3432495952532459,29,Democratic Party,H,Floor,0,1
K000009,2021Q1,2021,-0.35897606089701023,21,Democratic Party,H,Floor,0,0
K000009,2021Q2,2021,0.4792631357036488,48,Democratic Party,H,Floor,0,0
K000009,2021Q4,2021,0.05940116501665767,26,Democratic Party,H,Floor,0,0
K000009,2022Q1,2022,-0.11003634194720237,30,Democratic Party,H,Floor,0,0
K000009,2022Q2,2022,-0.10487819305067167,19,Democratic Party,H,Floor,0,0
K000009,2022Q4,2022,0.6383791697583584,40,Democratic Party,H,Floor,0,0
K000362,2013Q2,2013,-0.6588315778737491,460,Republican Party,H,Floor,0,1
K000362,2013Q3,2013,-0.5580275245784815,252,Republican Party,H,Floor,0,1
K000362,2014Q1,2014,-0.36140188954291064,274,Republican Party,H,Floor,0,1
K000362,2014Q2,2014,-0.6879717775457586,219,Republican Party,H,Floor,0,1
K000362,2014Q3,2014,-0.6861575991607578,193,Republican Party,H,Floor,0,1
K000362,2015Q2,2015,-0.47623152178141226,31,Republican Party,H,Floor,0,1
K000362,2015Q3,2015,-0.6595739867223542,69,Republican Party,H,Floor,0,1
K000362,2016Q2,2016,-0.45006014855754645,116,Republican Party,H,Floor,0,1
K000362,2016Q3,2016,-0.35109345749148096,115,Republican Party,H,Floor,0,1
K000362,2017Q1,2017,-0.42151605099144757,368,Republican Party,H,Floor,0,0
K000362,2017Q2,2017,-0.5197431731539217,157,Republican Party,H,Floor,0,0
K000362,2017Q3,2017,-0.43271571285973753,110,Republican Party,H,Floor,0,0
K000362,2018Q1,2018,-0.7349608383358959,245,Republican Party,H,Floor,0,0
K000362,2018Q2,2018,-0.5643578431470352,277,Republican Party,H,Floor,0,0
K000362,2020Q1,2020,-0.4402393212308886,185,Republican Party,H,Floor,1,0
K000367,2018Q1,2018,-0.06914584270711778,103,Democratic Party,S,Floor,1,1
K000367,2018Q2,2018,0.2015473418662266,66,Democratic Party,S,Floor,1,1
K000367,2018Q4,2018,-0.021190770988880527,171,Democratic Party,S,Floor,1,1
K000367,2019Q1,2019,0.14527798488675997,100,Democratic Party,S,Floor,1,1
K000367,2020Q2,2020,-0.12280144967034966,131,Democratic Party,S,Floor,1,1
K000367,2020Q3,2020,0.07686531719407384,93,Democratic Party,S,Floor,1,1
K000367,2021Q4,2021,-0.263784157866608,74,Democratic Party,S,Floor,1,0
K000367,2022Q1,2022,-0.2641107012853981,134,Democratic Party,S,Floor,1,0
K000367,2022Q2,2022,0.2577867306347371,49,Democratic Party,S,Floor,1,0
K000367,2022Q3,2022,0.09453920528288885,149,Democratic Party,S,Floor,1,0
K000375,2014Q1,2014,0.1262001730118774,27,Democratic Party,H,Floor,1,0
K000375,2015Q2,2015,0.8574223729435705,23,Democratic Party,H,Floor,1,0
K000375,2018Q2,2018,0.7818692714701183,53,Democratic Party,H,Floor,1,1
K000376,2013Q3,2013,-0.562538966155199,50,Republican Party,H,Floor,0,1
K000376,2014Q1,2014,-0.3488247307890583,43,Republican Party,H,Floor,0,1
K000376,2014Q2,2014,-0.36625636291163205,46,Republican Party,H,Floor,0,1
K000376,2015Q1,2015,-0.937207902010275,34,Republican Party,H,Floor,0,1
K000376,2015Q2,2015,-0.08059558631648221,29,Republican Party,H,Floor,0,1
K000376,2015Q4,2015,-0.720192571837684,36,Republican Party,H,Floor,0,1
K000376,2016Q2,2016,-0.7665488017022176,41,Republican Party,H,Floor,0,1
K000376,2018Q2,2018,0.06390740990998295,41,Republican Party,H,Floor,0,0
K000376,2022Q3,2022,-0.5068818663470945,51,Republican Party,H,Floor,1,1
K000378,2013Q3,2013,-0.5515457857885429,35,Republican Party,H,Floor,0,1
K000379,2018Q2,2018,0.16150788296272683,23,Democratic Party,H,Floor,1,1
K000380,2013Q3,2013,-0.5739009551817055,26,Democratic Party,H,Floor,1,0
K000380,2013Q4,2013,-0.5380085237017233,23,Democratic Party,H,Floor,1,0
K000380,2014Q1,2014,-0.0037512036314839375,23,Democratic Party,H,Floor,1,0
K000380,2014Q2,2014,0.0504869555611041,63,Democratic Party,H,Floor,1,0
K000380,2015Q1,2015,-0.37556122033023537,49,Democratic Party,H,Floor,1,0
K000380,2015Q2,2015,-0.026471590810648524,46,Democratic Party,H,Floor,1,0
K000380,2015Q3,2015,-0.44720217796181255,30,Democratic Party,H,Floor,1,0
K000380,2015Q4,2015,-0.0616481782446221,41,Democratic Party,H,Floor,1,0
K000380,2016Q1,2016,-0.13883341011643213,62,Democratic Party,H,Floor,1,0
K000380,2016Q2,2016,-0.27694904228276424,30,Democratic Party,H,Floor,1,0
K000380,2016Q3,2016,-0.03872631983775548,54,Democratic Party,H,Floor,1,0
K000380,2017Q1,2017,-0.8692457433933692,19,Democratic Party,H,Floor,1,1
K000380,2017Q2,2017,-1.092919750895363,13,Democratic Party,H,Floor,1,1
K000380,2017Q3,2017,0.03747882717658623,39,Democratic Party,H,Floor,1,1
K000380,2017Q4,2017,-0.4216738157850125,25,Democratic Party,H,Floor,1,1
K000380,2018Q1,2018,0.27570420680275176,53,Democratic Party,H,Floor,1,1
K000380,2018Q2,2018,0.24248580161682143,33,Democratic Party,H,Floor,1,1
K000381,2013Q3,2013,-0.21889721077416707,16,Democratic Party,H,Floor,1,0
K000381,2014Q2,2014,0.6428847739832237,28,Democratic Party,H,Floor,1,0
K000381,2015Q1,2015,0.12567512255147628,21,Democratic Party,H,Floor,1,0
K000381,2015Q2,2015,0.5156265378476267,23,Democratic Party,H,Floor,1,0
K000381,2016Q3,2016,0.38264295972840423,26,Democratic Party,H,Floor,1,0
K000382,2013Q2,2013,0.24357235964664412,15,Democratic Party,H,Floor,1,0
K000382,2013Q4,2013,0.3879794370239453,21,Democratic Party,H,Floor,1,0
K000382,2016Q2,2016,0.17846464109153307,32,Democratic Party,H,Floor,1,0
K000382,2020Q1,2020,0.6463990982419985,21,Democratic Party,H,Floor,0,1
K000383,2013Q2,2013,-0.3508153497848382,89,Independent,S,Floor,0,0
K000383,2014Q1,2014,-0.09978954582110486,71,Independent,S,Floor,0,0
K000383,2015Q1,2015,0.3650317032196051,63,Independent,S,Floor,0,0
K000383,2015Q2,2015,0.01917951179811518,98,Independent,S,Floor,0,0
K000383,2015Q3,2015,-0.01942340718469148,64,Independent,S,Floor,0,0
K000383,2015Q4,2015,0.12039080590979366,54,Independent,S,Floor,0,0
K000383,2016Q1,2016,0.052992539344257496,67,Independent,S,Floor,0,0
K000383,2016Q2,2016,-0.06230524484505475,89,Independent,S,Floor,0,0
K000383,2017Q1,2017,-0.14032299148970953,116,Independent,S,Floor,0,0
K000383,2017Q2,2017,0.11787642665362656,102,Independent,S,Floor,0,0
K000383,2017Q4,2017,-0.006886683728181019,98,Independent,S,Floor,0,0
K000383,2018Q1,2018,0.15516585743157996,54,Independent,S,Floor,0,0
K000383,2021Q4,2021,0.03676359384841508,71,Independent,S,Floor,0,0
K000385,2013Q4,2013,0.06450796958962139,17,Democratic Party,H,Floor,1,0
K000385,2015Q1,2015,0.39671715824508974,54,Democratic Party,H,Floor,1,0
K000385,2015Q2,2015,0.47339488714578637,51,Democratic Party,H,Floor,1,0
K000385,2015Q4,2015,0.23780826899918525,57,Democratic Party,H,Floor,1,0
K000385,2017Q1,2017,-0.4136147373681473,21,Democratic Party,H,Floor,1,1
K000385,2017Q4,2017,0.20777888332868705,40,Democratic Party,H,Floor,1,1
K000385,2019Q4,2019,-0.09595769860160366,19,Democratic Party,H,Floor,0,1
K000386,2015Q4,2015,0.23145032748344788,23,Republican Party,H,Floor,0,1
K000386,2016Q1,2016,0.33035807047653243,28,Republican Party,H,Floor,0,1
K000386,2016Q2,2016,0.2522622168854064,34,Republican Party,H,Floor,0,1
K000386,2017Q2,2017,0.9110505981858549,31,Republican Party,H,Floor,0,0
K000386,2018Q2,2018,0.4459773662525168,32,Republican Party,H,Floor,0,0
K000386,2018Q3,2018,0.703695630108342,28,Republican Party,H,Floor,0,0
K000386,2021Q2,2021,0.3839612800909371,35,Republican Party,H,Floor,1,1
K000388,2019Q4,2019,-0.2374162752128829,21,Republican Party,H,Floor,1,0
K000389,2017Q1,2017,-0.015217511992478259,21,Democratic Party,H,Floor,1,1
K000389,2018Q2,2018,-0.11406271435068904,37,Democratic Party,H,Floor,1,1
K000391,2017Q1,2017,0.09344933877733912,18,Democratic Party,H,Floor,1,1
K000391,2017Q2,2017,0.5528253798630872,18,Democratic Party,H,Floor,1,1
K000391,2017Q4,2017,-0.07831076450728126,14,Democratic Party,H,Floor,1,1
K000391,2018Q2,2018,0.8327615098262111,14,Democratic Party,H,Floor,1,1
K000393,2020Q2,2020,-0.14988693431704386,84,Republican Party,S,Floor,0,0
K000393,2021Q1,2021,-0.23634895384669474,31,Republican Party,S,Floor,0,1
K000393,2021Q2,2021,-0.25765912060733165,86,Republican Party,S,Floor,0,1
K000395,2019Q4,2019,0.1695861878355805,23,Republican Party,H,Floor,1,0
K000395,2020Q1,2020,0.08026470209786983,18,Republican Party,H,Floor,1,0
K000395,2020Q3,2020,0.754256995650186,23,Republican Party,H,Floor,1,0
K000395,2021Q2,2021,-0.2639344503383893,24,Republican Party,H,Floor,1,1
K000395,2021Q4,2021,0.2771576662569907,24,Republican Party,H,Floor,1,1
K000395,2022Q1,2022,-0.5546500977707217,21,Republican Party,H,Floor,1,1
K000395,2022Q2,2022,-0.18912974733635407,21,Republican Party,H,Floor,1,1
K000395,2022Q3,2022,0.9686348416239945,20,Republican Party,H,Floor,1,1
K000395,2022Q4,2022,0.9769445115094719,23,Republican Party,H,Floor,1,1
K000397,2021Q2,2021,0.5297176372666071,25,Republican Party,H,Floor,1,1
K000397,2021Q3,2021,-0.061187949477983526,18,Republican Party,H,Floor,1,1
K000397,2022Q2,2022,0.6573692672508743,26,Republican Party,H,Floor,1,1
K000397,2022Q3,2022,0.36601888161315016,22,Republican Party,H,Floor,1,1
K000397,2022Q4,2022,0.6516712412026321,15,Republican Party,H,Floor,1,1
L000174,2013Q1,2013,0.1921231888146362,372,Democratic Party,S,Floor,0,0
L000174,2013Q2,2013,0.02444609932347948,491,Democratic Party,S,Floor,0,0
L000174,2013Q3,2013,0.12025243285399148,185,Democratic Party,S,Floor,0,0
L000174,2013Q4,2013,0.09310219224977913,470,Democratic Party,S,Floor,0,0
L000174,2014Q1,2014,0.25409024034190986,274,Democratic Party,S,Floor,0,0
L000174,2014Q2,2014,0.4900754999046925,216,Democratic Party,S,Floor,0,0
L000174,2014Q3,2014,-0.016596849533127466,189,Democratic Party,S,Floor,0,0
L000174,2014Q4,2014,0.05580601762688577,160,Democratic Party,S,Floor,0,0
L000174,2015Q1,2015,-0.13616695262691317,282,Democratic Party,S,Floor,1,0
L000174,2015Q2,2015,0.21731602072592987,300,Democratic Party,S,Floor,1,0
L000174,2015Q3,2015,0.0574455357161866,204,Democratic Party,S,Floor,1,0
L000174,2015Q4,2015,-0.029868122392068073,241,Democratic Party,S,Floor,1,0
L000174,2016Q1,2016,0.13720462817459683,231,Democratic Party,S,Floor,1,0
L000174,2016Q2,2016,0.12152069054045121,300,Democratic Party,S,Floor,1,0
L000174,2016Q3,2016,0.09687817784378037,192,Democratic Party,S,Floor,1,0
L000174,2016Q4,2016,0.0064883166130326264,101,Democratic Party,S,Floor,1,0
L000174,2017Q1,2017,-0.19284525208038872,326,Democratic Party,S,Floor,1,1
L000174,2017Q2,2017,0.23953652111508317,152,Democratic Party,S,Floor,1,1
L000174,2017Q3,2017,0.10308739958275936,85,Democratic Party,S,Floor,1,1
L000174,2017Q4,2017,-0.13941510834325585,172,Democratic Party,S,Floor,1,1
L000174,2018Q1,2018,-0.17270119822388316,172,Democratic Party,S,Floor,1,1
L000174,2018Q2,2018,0.03832118795496317,126,Democratic Party,S,Floor,1,1
L000174,2018Q3,2018,0.3029738377073305,154,Democratic Party,S,Floor,1,1
L000174,2018Q4,2018,-0.38488860982807893,157,Democratic Party,S,Floor,1,1
L000174,2019Q1,2019,-0.3930439155263883,258,Democratic Party,S,Floor,1,1
L000174,2019Q2,2019,-0.06536510874983678,120,Democratic Party,S,Floor,1,1
L000174,2019Q3,2019,-0.2475260628198954,95,Democratic Party,S,Floor,1,1
L000174,2019Q4,2019,0.2251370240682696,132,Democratic Party,S,Floor,1,1
L000174,2020Q1,2020,-0.04180865388615362,128,Democratic Party,S,Floor,1,1
L000174,2020Q2,2020,-0.25923237942897975,78,Democratic Party,S,Floor,1,1
L000174,2020Q3,2020,-0.21220987991423648,93,Democratic Party,S,Floor,1,1
L000174,2020Q4,2020,-0.2807590825510466,104,Democratic Party,S,Floor,1,1
L000174,2021Q1,2021,-0.1085452072207172,44,Democratic Party,S,Floor,1,0
L000174,2021Q2,2021,0.16932754952415752,59,Democratic Party,S,Floor,1,0
L000174,2021Q3,2021,0.08129276027983189,137,Democratic Party,S,Floor,1,0
L000174,2021Q4,2021,0.1696164812600457,119,Democratic Party,S,Floor,1,0
L000174,2022Q1,2022,-0.13726391260738216,131,Democratic Party,S,Floor,1,0
L000174,2022Q2,2022,-0.17603427110199416,63,Democratic Party,S,Floor,1,0
L000174,2022Q4,2022,0.20429925615100786,126,Democratic Party,S,Floor,1,0
L000266,2021Q4,2021,0.029201306481945577,20,Republican Party,H,Floor,1,1
L000266,2022Q1,2022,0.6066853806844293,21,Republican Party,H,Floor,1,1
L000273,2021Q1,2021,-0.23561129664943412,27,Democratic Party,H,Floor,0,0
L000273,2021Q3,2021,-0.2068777488525899,24,Democratic Party,H,Floor,0,0
L000273,2021Q4,2021,0.5214701731746837,97,Democratic Party,H,Floor,0,0
L000273,2022Q4,2022,-0.21372310446794499,23,Democratic Party,H,Floor,0,0
L000287,2015Q2,2015,0.2568695656493926,22,Democratic Party,H,Floor,1,0
L000287,2018Q2,2018,0.10182382676030109,22,Democratic Party,H,Floor,1,1
L000397,2014Q1,2014,-0.7866799495775814,24,Democratic Party,H,Floor,1,0
L000397,2014Q3,2014,-0.25161917717888554,23,Democratic Party,H,Floor,1,0
L000397,2015Q4,2015,0.1020446981940386,37,Democratic Party,H,Floor,1,0
L000397,2017Q2,2017,-0.6317364757036114,59,Democratic Party,H,Floor,1,1
L000397,2019Q1,2019,0.35364668584937453,38,Democratic Party,H,Floor,0,1
L000397,2019Q2,2019,0.20950367582236074,48,Democratic Party,H,Floor,0,1
L000397,2019Q4,2019,0.4876120695395065,68,Democratic Party,H,Floor,0,1
L000397,2021Q1,2021,0.33658515449417725,57,Democratic Party,H,Floor,0,0
L000397,2021Q2,2021,0.3954285194914473,18,Democratic Party,H,Floor,0,0
L000397,2022Q3,2022,0.7277658983748841,49,Democratic Party,H,Floor,0,0
L000397,2022Q4,2022,0.2865219320644645,34,Democratic Party,H,Floor,0,0
L000480,2013Q1,2013,0.18774029048885693,39,Democratic Party,H,Floor,1,0
L000480,2013Q3,2013,-0.3400050316584152,37,Democratic Party,H,Floor,1,0
L000480,2013Q4,2013,-0.3142946419675516,39,Democratic Party,H,Floor,1,0
L000480,2014Q3,2014,0.15925112168148625,25,Democratic Party,H,Floor,1,0
L000480,2015Q1,2015,-0.458334464856307,37,Democratic Party,H,Floor,1,0
L000480,2015Q2,2015,0.012440349112039163,31,Democratic Party,H,Floor,1,0
L000480,2016Q2,2016,0.49108070245753765,31,Democratic Party,H,Floor,1,0
L000480,2017Q3,2017,0.17926325227867151,42,Democratic Party,H,Floor,1,1
L000480,2019Q1,2019,0.28869197523232565,36,Democratic Party,H,Floor,0,1
L000480,2019Q2,2019,-0.09584151640347591,53,Democratic Party,H,Floor,0,1
L000480,2020Q1,2020,0.7436076156838091,12,Democratic Party,H,Floor,0,1
L000480,2020Q3,2020,0.4974170744469638,28,Democratic Party,H,Floor,0,1
L000491,2013Q2,2013,-0.005169452056607534,43,Republican Party,H,Floor,0,1
L000491,2015Q2,2015,0.825119296911489,18,Republican Party,H,Floor,0,1
L000491,2017Q1,2017,0.9120445661338702,29,Republican Party,H,Floor,0,0
L000491,2019Q4,2019,1.0286496642467766,21,Republican Party,H,Floor,1,0
L000491,2020Q3,2020,1.2876183126425058,38,Republican Party,H,Floor,1,0
L000491,2021Q2,2021,1.6336007721106371,41,Republican Party,H,Floor,1,1
L000491,2022Q3,2022,1.3619893754830648,32,Republican Party,H,Floor,1,1
L000551,2013Q1,2013,-0.030639920799675403,284,Democratic Party,H,Floor,1,0
L000551,2013Q2,2013,-0.18601916819953998,535,Democratic Party,H,Floor,1,0
L000551,2013Q3,2013,-0.2956714277958435,279,Democratic Party,H,Floor,1,0
L000551,2013Q4,2013,-0.00787025275785937,530,Democratic Party,H,Floor,1,0
L000551,2014Q1,2014,-0.0952175594350586,332,Democratic Party,H,Floor,1,0
L000551,2014Q2,2014,0.2794127636045427,405,Democratic Party,H,Floor,1,0
L000551,2014Q3,2014,0.31153660416513024,386,Democratic Party,H,Floor,1,0
L000551,2014Q4,2014,0.08590604511517418,118,Democratic Party,H,Floor,1,0
L000551,2015Q1,2015,-0.06863965175662942,421,Democratic Party,H,Floor,1,0
L000551,2015Q2,2015,0.4383580042399504,474,Democratic Party,H,Floor,1,0
L000551,2015Q3,2015,0.1104158891588713,282,Democratic Party,H,Floor,1,0
L000551,2015Q4,2015,0.3129182067029566,411,Democratic Party,H,Floor,1,0
L000551,2016Q1,2016,0.2257516039027486,411,Democratic Party,H,Floor,1,0
L000551,2016Q2,2016,0.2871845316812655,610,Democratic Party,H,Floor,1,0
L000551,2016Q3,2016,0.44000407861988017,153,Democratic Party,H,Floor,1,0
L000551,2017Q1,2017,-0.10136607269545583,101,Democratic Party,H,Floor,1,1
L000551,2017Q2,2017,0.06281876183979794,34,Democratic Party,H,Floor,1,1
L000551,2017Q3,2017,-0.38947215462176055,36,Democratic Party,H,Floor,1,1
L000551,2017Q4,2017,-0.627588116036221,56,Democratic Party,H,Floor,1,1
L000551,2018Q1,2018,-0.18457978449255733,70,Democratic Party,H,Floor,1,1
L000551,2018Q2,2018,-0.34813350062049214,31,Democratic Party,H,Floor,1,1
L000551,2018Q3,2018,-0.4331702087593905,25,Democratic Party,H,Floor,1,1
L000551,2019Q1,2019,-0.28770849534575416,35,Democratic Party,H,Floor,0,1
L000551,2019Q2,2019,0.15233222855892206,39,Democratic Party,H,Floor,0,1
L000551,2019Q3,2019,0.21815787377581314,43,Democratic Party,H,Floor,0,1
L000551,2019Q4,2019,-0.04325440088155438,33,Democratic Party,H,Floor,0,1
L000551,2020Q3,2020,-0.1680835715681035,49,Democratic Party,H,Floor,0,1
L000551,2020Q4,2020,0.6029485235327114,48,Democratic Party,H,Floor,0,1
L000551,2021Q1,2021,-0.17243655260426016,28,Democratic Party,H,Floor,0,0
L000551,2021Q2,2021,-0.06553934648851854,37,Democratic Party,H,Floor,0,0
L000551,2021Q3,2021,0.24813737736438454,31,Democratic Party,H,Floor,0,0
L000551,2022Q1,2022,-0.058865139017454556,31,Democratic Party,H,Floor,0,0
L000551,2022Q2,2022,0.13171310479902423,42,Democratic Party,H,Floor,0,0
L000551,2022Q3,2022,-0.13897175724098243,15,Democratic Party,H,Floor,0,0
L000557,2013Q2,2013,0.18832932167690725,39,Democratic Party,H,Floor,1,0
L000557,2022Q3,2022,-0.04381874892285562,31,Democratic Party,H,Floor,0,0
L000559,2013Q2,2013,0.14147679182586506,34,Democratic Party,H,Floor,1,0
L000559,2014Q2,2014,0.7935062168052447,25,Democratic Party,H,Floor,1,0
L000559,2014Q3,2014,0.682669979197042,27,Democratic Party,H,Floor,1,0
L000559,2015Q2,2015,0.6464300612324682,32,Democratic Party,H,Floor,1,0
L000559,2016Q1,2016,0.14830775421120332,18,Democratic Party,H,Floor,1,0
L000559,2016Q2,2016,0.5991696840952645,30,Democratic Party,H,Floor,1,0
L000559,2017Q1,2017,0.1984147491030538,36,Democratic Party,H,Floor,1,1
L000559,2017Q2,2017,0.4693014245710326,48,Democratic Party,H,Floor,1,1
L000559,2017Q3,2017,0.5871498522969154,39,Democratic Party,H,Floor,1,1
L000559,2017Q4,2017,0.5125042103809081,34,Democratic Party,H,Floor,1,1
L000559,2018Q2,2018,0.7009408383076055,74,Democratic Party,H,Floor,1,1
L000559,2019Q2,2019,0.7240297009190458,23,Democratic Party,H,Floor,0,1
L000559,2019Q3,2019,0.9129311587002399,32,Democratic Party,H,Floor,0,1
L000559,2021Q3,2021,1.0009440367313298,19,Democratic Party,H,Floor,0,0
L000560,2018Q2,2018,0.9993594616270596,25,Democratic Party,H,Floor,1,1
L000562,2013Q3,2013,-0.22211036203016252,44,Democratic Party,H,Floor,1,0
L000562,2013Q4,2013,0.06451784749380776,29,Democratic Party,H,Floor,1,0
L000562,2015Q2,2015,-0.5897683042871457,38,Democratic Party,H,Floor,1,0
L000562,2016Q3,2016,0.5880884908835909,33,Democratic Party,H,Floor,1,0
L000563,2015Q2,2015,0.862979172325557,18,Democratic Party,H,Floor,1,0
L000564,2013Q2,2013,0.23403080713001173,23,Republican Party,H,Floor,0,1
L000564,2013Q3,2013,0.09197373366156217,37,Republican Party,H,Floor,0,1
L000564,2013Q4,2013,0.15230945668935786,31,Republican Party,H,Floor,0,1
L000564,2014Q2,2014,0.18677650018305175,43,Republican Party,H,Floor,0,1
L000564,2014Q3,2014,0.5058881436413643,26,Republican Party,H,Floor,0,1
L000564,2014Q4,2014,-0.2049837939279175,21,Republican Party,H,Floor,0,1
L000564,2015Q2,2015,0.07284265050235351,24,Republican Party,H,Floor,0,1
L000564,2015Q3,2015,0.3419116087780349,27,Republican Party,H,Floor,0,1
L000564,2015Q4,2015,0.26000795711775715,26,Republican Party,H,Floor,0,1
L000564,2016Q1,2016,0.2527227727737063,13,Republican Party,H,Floor,0,1
L000564,2016Q3,2016,0.6887083105809029,22,Republican Party,H,Floor,0,1
L000564,2017Q1,2017,0.8573542036988909,20,Republican Party,H,Floor,0,0
L000564,2017Q3,2017,0.6728801505108958,20,Republican Party,H,Floor,0,0
L000564,2017Q4,2017,-0.17918623052273322,28,Republican Party,H,Floor,0,0
L000564,2018Q2,2018,0.615855247078121,25,Republican Party,H,Floor,0,0
L000564,2019Q4,2019,-0.18780779710410997,34,Republican Party,H,Floor,1,0
L000564,2020Q4,2020,0.2681557919381861,21,Republican Party,H,Floor,1,0
L000564,2021Q4,2021,-0.2180328417430369,15,Republican Party,H,Floor,1,1
L000566,2014Q1,2014,0.5398381102073471,40,Republican Party,H,Floor,0,1
L000566,2019Q4,2019,0.3629684757630768,15,Republican Party,H,Floor,1,0
L000566,2021Q3,2021,0.8260346732910738,26,Republican Party,H,Floor,1,1
L000569,2015Q2,2015,0.10364822870449615,22,Republican Party,H,Floor,0,1
L000569,2016Q1,2016,0.407256418224446,28,Republican Party,H,Floor,0,1
L000569,2016Q4,2016,0.5733635433119564,32,Republican Party,H,Floor,0,1
L000569,2017Q4,2017,0.35475414303004105,40,Republican Party,H,Floor,0,0
L000569,2021Q2,2021,0.6565019349890396,19,Republican Party,H,Floor,1,1
L000569,2022Q2,2022,0.008129997004164613,36,Republican Party,H,Floor,1,1
L000570,2013Q3,2013,0.3740142073689937,21,Democratic Party,H,Floor,1,0
L000570,2014Q3,2014,-0.1342200976394791,17,Democratic Party,H,Floor,1,0
L000570,2019Q4,2019,0.3515709144712059,27,Democratic Party,H,Floor,0,1
L000575,2014Q1,2014,0.051552082027558434,97,Republican Party,H,Floor,0,1
L000575,2014Q3,2014,0.5305361179761744,27,Republican Party,H,Floor,0,1
L000575,2015Q3,2015,-0.1298897947623961,121,Republican Party,S,Floor,0,1
L000575,2015Q4,2015,-0.38822292847854784,119,Republican Party,S,Floor,0,1
L000575,2016Q2,2016,-0.06308767762819688,88,Republican Party,S,Floor,0,1
L000575,2018Q1,2018,-0.14008206734457973,165,Republican Party,S,Floor,0,0
L000575,2018Q2,2018,0.19745533719056407,79,Republican Party,S,Floor,0,0
L000575,2019Q1,2019,-0.14313951039093795,142,Republican Party,S,Floor,0,0
L000575,2019Q2,2019,0.14396401900079386,98,Republican Party,S,Floor,0,0
L000575,2020Q1,2020,0.16113258568589012,181,Republican Party,S,Floor,0,0
L000575,2020Q2,2020,-0.0129206128679575,111,Republican Party,S,Floor,0,0
L000575,2020Q3,2020,-0.1796324330456944,104,Republican Party,S,Floor,0,0
L000575,2021Q1,2021,-0.2638363608287918,122,Republican Party,S,Floor,0,1
L000575,2021Q3,2021,-0.17399623783254609,80,Republican Party,S,Floor,0,1
L000575,2021Q4,2021,-0.5820474199171906,122,Republican Party,S,Floor,0,1
L000575,2022Q1,2022,-0.2717912705188354,180,Republican Party,S,Floor,0,1
L000575,2022Q4,2022,-0.3472640877260375,73,Republican Party,S,Floor,0,1
L000577,2013Q1,2013,-0.11781015145641884,76,Republican Party,S,Floor,1,1
L000577,2013Q2,2013,-0.6002547260328222,197,Republican Party,S,Floor,1,1
L000577,2013Q3,2013,-0.46856500719606337,88,Republican Party,S,Floor,1,1
L000577,2013Q4,2013,-0.14696766655926716,48,Republican Party,S,Floor,1,1
L000577,2014Q3,2014,-0.46755367263260117,111,Republican Party,S,Floor,1,1
L000577,2015Q1,2015,-0.08941350666031427,78,Republican Party,S,Floor,0,1
L000577,2015Q2,2015,0.18603228427773794,128,Republican Party,S,Floor,0,1
L000577,2015Q3,2015,-0.8641006156868466,84,Republican Party,S,Floor,0,1
L000577,2015Q4,2015,-0.6186394851556118,77,Republican Party,S,Floor,0,1
L000577,2016Q1,2016,-0.02163505129583886,63,Republican Party,S,Floor,0,1
L000577,2016Q2,2016,-0.08872810509234451,109,Republican Party,S,Floor,0,1
L000577,2017Q4,2017,-0.12810250511600468,102,Republican Party,S,Floor,0,0
L000577,2018Q1,2018,-0.2735600868352317,132,Republican Party,S,Floor,0,0
L000577,2018Q2,2018,-0.09337005442824785,62,Republican Party,S,Floor,0,0
L000577,2018Q4,2018,-0.39266376855142665,122,Republican Party,S,Floor,0,0
L000577,2019Q4,2019,-0.037068144281464675,82,Republican Party,S,Floor,0,0
L000577,2020Q1,2020,-0.28008850741259383,150,Republican Party,S,Floor,0,0
L000577,2020Q2,2020,0.11247422455428421,168,Republican Party,S,Floor,0,0
L000577,2020Q3,2020,-0.5565614234518641,62,Republican Party,S,Floor,0,0
L000577,2020Q4,2020,-0.05572492688173369,105,Republican Party,S,Floor,0,0
L000577,2021Q1,2021,-0.4769286541749909,80,Republican Party,S,Floor,0,1
L000577,2021Q2,2021,-0.14534864390205865,142,Republican Party,S,Floor,0,1
L000577,2021Q3,2021,-0.5079353367159527,251,Republican Party,S,Floor,0,1
L000577,2021Q4,2021,-0.609689990015945,305,Republican Party,S,Floor,0,1
L000577,2022Q1,2022,-0.8120349625113173,60,Republican Party,S,Floor,0,1
L000577,2022Q2,2022,-0.4079068750967405,166,Republican Party,S,Floor,0,1
L000577,2022Q4,2022,-0.70877997934741,118,Republican Party,S,Floor,0,1
L000578,2013Q2,2013,-0.5239558900501382,43,Republican Party,H,Floor,0,1
L000578,2013Q4,2013,-0.6577160741373604,46,Republican Party,H,Floor,0,1
L000578,2015Q1,2015,-0.0465056538520325,69,Republican Party,H,Floor,0,1
L000578,2015Q2,2015,0.15017400286012988,34,Republican Party,H,Floor,0,1
L000578,2015Q4,2015,0.1364875036338415,59,Republican Party,H,Floor,0,1
L000578,2016Q3,2016,-0.3633823078005075,42,Republican Party,H,Floor,0,1
L000578,2017Q1,2017,-0.003147526755611068,70,Republican Party,H,Floor,0,0
L000578,2018Q1,2018,-0.5945577236052769,51,Republican Party,H,Floor,0,0
L000578,2018Q2,2018,-0.21328602252202541,52,Republican Party,H,Floor,0,0
L000578,2018Q3,2018,-0.07008101417113471,21,Republican Party,H,Floor,0,0
L000578,2019Q1,2019,-0.5025036790342802,74,Republican Party,H,Floor,1,0
L000578,2019Q2,2019,-0.20770426305439257,47,Republican Party,H,Floor,1,0
L000578,2019Q3,2019,-0.17547689290612228,23,Republican Party,H,Floor,1,0
L000578,2019Q4,2019,-0.6360743541132124,28,Republican Party,H,Floor,1,0
L000578,2020Q1,2020,-0.20393526418152555,52,Republican Party,H,Floor,1,0
L000578,2020Q2,2020,-0.8139543342357087,38,Republican Party,H,Floor,1,0
L000578,2020Q3,2020,-0.000840074474426585,37,Republican Party,H,Floor,1,0
L000578,2020Q4,2020,-0.4689257404563448,31,Republican Party,H,Floor,1,0
L000578,2021Q4,2021,-0.4468933793952414,39,Republican Party,H,Floor,1,1
L000578,2022Q1,2022,-0.7022986458417435,48,Republican Party,H,Floor,1,1
L000578,2022Q2,2022,-0.49547789745951243,136,Republican Party,H,Floor,1,1
L000578,2022Q3,2022,-0.7299934831908446,61,Republican Party,H,Floor,1,1
L000578,2022Q4,2022,0.1488260257052098,35,Republican Party,H,Floor,1,1
L000579,2013Q3,2013,0.22364048395342045,23,Democratic Party,H,Floor,1,0
L000579,2013Q4,2013,0.11598346907287894,22,Democratic Party,H,Floor,1,0
L000579,2014Q1,2014,-0.13131268419178155,29,Democratic Party,H,Floor,1,0
L000579,2014Q2,2014,0.2776693581171554,30,Democratic Party,H,Floor,1,0
L000579,2014Q3,2014,0.30660699298297905,21,Democratic Party,H,Floor,1,0
L000579,2015Q2,2015,0.36389643394741866,27,Democratic Party,H,Floor,1,0
L000579,2015Q3,2015,0.8434239792922339,23,Democratic Party,H,Floor,1,0
L000579,2015Q4,2015,0.5380081216953735,25,Democratic Party,H,Floor,1,0
L000579,2016Q3,2016,0.5213984563196686,24,Democratic Party,H,Floor,1,0
L000579,2017Q1,2017,0.3023888529839964,25,Democratic Party,H,Floor,1,1
L000579,2017Q4,2017,0.056715681876153216,18,Democratic Party,H,Floor,1,1
L000581,2015Q1,2015,-0.033011462536731644,22,Democratic Party,H,Floor,1,0
L000581,2015Q2,2015,0.016897557558945148,21,Democratic Party,H,Floor,1,0
L000581,2015Q3,2015,0.7542612896399993,25,Democratic Party,H,Floor,1,0
L000581,2016Q2,2016,0.3092055633564802,31,Democratic Party,H,Floor,1,0
L000581,2017Q1,2017,-0.3427462186532739,26,Democratic Party,H,Floor,1,1
L000581,2017Q4,2017,-0.48581675434375005,27,Democratic Party,H,Floor,1,1
L000581,2018Q1,2018,-0.3995921020234821,19,Democratic Party,H,Floor,1,1
L000581,2019Q4,2019,0.34092690384115404,28,Democratic Party,H,Floor,0,1
L000581,2020Q1,2020,0.5119057961154696,26,Democratic Party,H,Floor,0,1
L000581,2021Q1,2021,-0.23667257764527752,23,Democratic Party,H,Floor,0,0
L000582,2017Q3,2017,0.14861413413238472,29,Democratic Party,H,Floor,1,1
L000582,2017Q4,2017,-0.5983695364580531,22,Democratic Party,H,Floor,1,1
L000582,2018Q2,2018,-0.5252069870319178,36,Democratic Party,H,Floor,1,1
L000582,2022Q2,2022,-0.4008059861061188,19,Democratic Party,H,Floor,0,0
L000583,2015Q1,2015,-0.1940737991507692,30,Republican Party,H,Floor,0,1
L000583,2015Q2,2015,-0.24509834000797737,41,Republican Party,H,Floor,0,1
L000583,2018Q1,2018,0.46368665526900477,31,Republican Party,H,Floor,0,0
L000585,2017Q1,2017,0.05448480452621628,20,Republican Party,H,Floor,0,0
L000585,2017Q3,2017,1.326188406752631,19,Republican Party,H,Floor,0,0
L000585,2017Q4,2017,0.21427921144277076,32,Republican Party,H,Floor,0,0
L000589,2019Q1,2019,-0.10130067736696415,61,Republican Party,H,Floor,1,0
L000589,2019Q2,2019,-0.3305097488767495,51,Republican Party,H,Floor,1,0
L000589,2019Q3,2019,0.3631792721760992,25,Republican Party,H,Floor,1,0
L000589,2019Q4,2019,0.021700108547442937,36,Republican Party,H,Floor,1,0
L000589,2020Q1,2020,0.569650441338168,49,Republican Party,H,Floor,1,0
L000592,2019Q1,2019,0.29415295040018885,23,Democratic Party,H,Floor,0,1
L000592,2019Q2,2019,0.02637328842918786,17,Democratic Party,H,Floor,0,1
L000592,2019Q3,2019,0.6464378987788594,33,Democratic Party,H,Floor,0,1
L000592,2019Q4,2019,0.05651595060212491,22,Democratic Party,H,Floor,0,1
L000592,2020Q1,2020,0.03382801635685493,76,Democratic Party,H,Floor,0,1
L000592,2021Q1,2021,0.17790684483553326,59,Democratic Party,H,Floor,0,0
L000592,2021Q4,2021,-0.4115343103577185,19,Democratic Party,H,Floor,0,0
L000593,2019Q3,2019,0.1834005900159218,34,Democratic Party,H,Floor,0,1
M000087,2013Q1,2013,-0.4669157252231123,80,Democratic Party,H,Floor,1,0
M000087,2013Q2,2013,-0.1165827468860391,32,Democratic Party,H,Floor,1,0
M000087,2013Q3,2013,-0.14856879104154605,15,Democratic Party,H,Floor,1,0
M000087,2013Q4,2013,0.1323176198560059,28,Democratic Party,H,Floor,1,0
M000087,2014Q1,2014,0.07045510639471946,38,Democratic Party,H,Floor,1,0
M000087,2014Q2,2014,-0.22241424679478622,58,Democratic Party,H,Floor,1,0
M000087,2015Q1,2015,-0.54649870449773,61,Democratic Party,H,Floor,1,0
M000087,2015Q2,2015,-0.21354959544028954,53,Democratic Party,H,Floor,1,0
M000087,2015Q3,2015,-0.7892427327130204,19,Democratic Party,H,Floor,1,0
M000087,2015Q4,2015,-0.017418008389006184,35,Democratic Party,H,Floor,1,0
M000087,2016Q1,2016,0.5264188200739085,39,Democratic Party,H,Floor,1,0
M000087,2016Q2,2016,0.03239496358224237,37,Democratic Party,H,Floor,1,0
M000087,2016Q3,2016,-0.3112994481881752,41,Democratic Party,H,Floor,1,0
M000087,2017Q1,2017,-0.05699659694506368,50,Democratic Party,H,Floor,1,1
M000087,2017Q3,2017,-0.7156207322254196,13,Democratic Party,H,Floor,1,1
M000087,2017Q4,2017,-0.08560776906619966,50,Democratic Party,H,Floor,1,1
M000087,2019Q3,2019,0.25379556137989,31,Democratic Party,H,Floor,0,1
M000087,2019Q4,2019,0.4948191903247479,35,Democratic Party,H,Floor,0,1
M000087,2020Q1,2020,0.6385026353404338,38,Democratic Party,H,Floor,0,1
M000087,2020Q3,2020,0.3900012229684659,48,Democratic Party,H,Floor,0,1
M000087,2021Q1,2021,0.5059081557758175,28,Democratic Party,H,Floor,0,0
M000087,2021Q2,2021,0.613819883505617,54,Democratic Party,H,Floor,0,0
M000087,2021Q4,2021,0.7110951534582431,69,Democratic Party,H,Floor,0,0
M000087,2022Q2,2022,0.5547851270534851,44,Democratic Party,H,Floor,0,0
M000087,2022Q3,2022,0.7547472829015898,89,Democratic Party,H,Floor,0,0
M000087,2022Q4,2022,0.5694732540764816,71,Democratic Party,H,Floor,0,0
M000133,2013Q4,2013,-0.04138351785246628,83,Democratic Party,S,Floor,0,0
M000133,2014Q2,2014,1.337421627848049,2,Democratic Party,S,Floor,0,0
M000133,2015Q1,2015,-0.2875266337698181,103,Democratic Party,S,Floor,1,0
M000133,2015Q4,2015,-0.12899733524246243,112,Democratic Party,S,Floor,1,0
M000133,2016Q1,2016,-0.08970278998623213,128,Democratic Party,S,Floor,1,0
M000133,2016Q2,2016,-0.08777476866352797,87,Democratic Party,S,Floor,1,0
M000133,2016Q3,2016,-0.10993852422607797,93,Democratic Party,S,Floor,1,0
M000133,2017Q1,2017,-0.45443478655025804,250,Democratic Party,S,Floor,1,1
M000133,2017Q2,2017,-0.6427867439210047,102,Democratic Party,S,Floor,1,1
M000133,2017Q4,2017,-0.45722965418039124,111,Democratic Party,S,Floor,1,1
M000133,2018Q2,2018,-0.19921136704822454,128,Democratic Party,S,Floor,1,1
M000133,2019Q1,2019,-0.2696623732199505,66,Democratic Party,S,Floor,1,1
M000133,2022Q1,2022,-0.23542209741958178,136,Democratic Party,S,Floor,1,0
M000194,2021Q2,2021,-0.09481108300729257,19,Republican Party,H,Floor,1,1
M000194,2021Q3,2021,0.4834710286209001,18,Republican Party,H,Floor,1,1
M000194,2022Q2,2022,0.5713676246632086,27,Republican Party,H,Floor,1,1
M000312,2013Q1,2013,-0.4215307721533076,120,Democratic Party,H,Floor,1,0
M000312,2013Q2,2013,-0.25491480680105566,184,Democratic Party,H,Floor,1,0
M000312,2013Q3,2013,-0.43048981679747506,116,Democratic Party,H,Floor,1,0
M000312,2013Q4,2013,-0.414667342992668,133,Democratic Party,H,Floor,1,0
M000312,2014Q1,2014,-0.2135044560752833,125,Democratic Party,H,Floor,1,0
M000312,2014Q2,2014,-0.01056788795306477,172,Democratic Party,H,Floor,1,0
M000312,2014Q3,2014,0.29049792006630293,76,Democratic Party,H,Floor,1,0
M000312,2014Q4,2014,0.2259181362511054,58,Democratic Party,H,Floor,1,0
M000312,2015Q1,2015,-0.07585954710794406,104,Democratic Party,H,Floor,1,0
M000312,2015Q2,2015,0.11337552212247502,147,Democratic Party,H,Floor,1,0
M000312,2015Q3,2015,-0.03763644850328976,88,Democratic Party,H,Floor,1,0
M000312,2015Q4,2015,-0.01312349596292768,134,Democratic Party,H,Floor,1,0
M000312,2016Q1,2016,-0.14636871297494633,117,Democratic Party,H,Floor,1,0
M000312,2016Q2,2016,0.04694817570746964,177,Democratic Party,H,Floor,1,0
M000312,2016Q3,2016,-0.2687825073597032,128,Democratic Party,H,Floor,1,0
M000312,2017Q1,2017,-0.09277629469080545,234,Democratic Party,H,Floor,1,1
M000312,2017Q2,2017,0.2542206734159749,222,Democratic Party,H,Floor,1,1
M000312,2017Q3,2017,0.06510023238178561,160,Democratic Party,H,Floor,1,1
M000312,2017Q4,2017,0.08618801832248481,174,Democratic Party,H,Floor,1,1
M000312,2018Q1,2018,-0.18367176781430522,117,Democratic Party,H,Floor,1,1
M000312,2018Q2,2018,-0.11585757604697745,240,Democratic Party,H,Floor,1,1
M000312,2018Q4,2018,-0.0590358786995487,70,Democratic Party,H,Floor,1,1
M000312,2019Q1,2019,0.13525733458930606,127,Democratic Party,H,Floor,0,1
M000312,2019Q2,2019,0.09853864191948486,155,Democratic Party,H,Floor,0,1
M000312,2019Q3,2019,-0.028973251563453734,51,Democratic Party,H,Floor,0,1
M000312,2019Q4,2019,0.37129031146508235,123,Democratic Party,H,Floor,0,1
M000312,2020Q1,2020,-0.16210565881376388,114,Democratic Party,H,Floor,0,1
M000312,2020Q2,2020,0.5619269434368293,156,Democratic Party,H,Floor,0,1
M000312,2020Q3,2020,0.03751402748588813,121,Democratic Party,H,Floor,0,1
M000312,2020Q4,2020,-0.24148035853320374,39,Democratic Party,H,Floor,0,1
M000312,2021Q1,2021,-0.37714735452579745,148,Democratic Party,H,Floor,0,0
M000312,2021Q2,2021,0.4472743100052036,77,Democratic Party,H,Floor,0,0
M000312,2021Q3,2021,-0.23574393258123186,38,Democratic Party,H,Floor,0,0
M000312,2021Q4,2021,0.19727736702121787,131,Democratic Party,H,Floor,0,0
M000312,2022Q1,2022,-0.24616013165682696,70,Democratic Party,H,Floor,0,0
M000312,2022Q2,2022,0.4475213945014112,81,Democratic Party,H,Floor,0,0
M000312,2022Q3,2022,0.19176400831239265,167,Democratic Party,H,Floor,0,0
M000312,2022Q4,2022,0.3807779523557961,51,Democratic Party,H,Floor,0,0
M000355,2013Q1,2013,-0.21401368270813476,226,Republican Party,S,Floor,1,1
M000355,2013Q2,2013,-0.30497060320263525,240,Republican Party,S,Floor,1,1
M000355,2013Q3,2013,-0.5520671922354844,206,Republican Party,S,Floor,1,1
M000355,2013Q4,2013,-0.5973343164331185,211,Republican Party,S,Floor,1,1
M000355,2014Q1,2014,-0.315161775525932,294,Republican Party,S,Floor,1,1
M000355,2014Q2,2014,-0.26787542440141054,261,Republican Party,S,Floor,1,1
M000355,2014Q3,2014,-0.09440805167457915,191,Republican Party,S,Floor,1,1
M000355,2014Q4,2014,-0.22259456637374953,102,Republican Party,S,Floor,1,1
M000355,2015Q1,2015,-0.10219847251030979,199,Republican Party,S,Floor,0,1
M000355,2015Q2,2015,0.023015776237082994,300,Republican Party,S,Floor,0,1
M000355,2015Q3,2015,-0.034069126362059526,209,Republican Party,S,Floor,0,1
M000355,2015Q4,2015,-0.11837400689113872,260,Republican Party,S,Floor,0,1
M000355,2016Q1,2016,0.2453725166883443,208,Republican Party,S,Floor,0,1
M000355,2016Q2,2016,0.20964196916970665,259,Republican Party,S,Floor,0,1
M000355,2016Q3,2016,0.03140256089964857,166,Republican Party,S,Floor,0,1
M000355,2016Q4,2016,0.11324464333909288,97,Republican Party,S,Floor,0,1
M000355,2017Q1,2017,-0.12368763990321972,299,Republican Party,S,Floor,0,0
M000355,2017Q2,2017,0.147044845639469,226,Republican Party,S,Floor,0,0
M000355,2017Q3,2017,0.2698865234648456,176,Republican Party,S,Floor,0,0
M000355,2017Q4,2017,0.39858421322923204,246,Republican Party,S,Floor,0,0
M000355,2018Q1,2018,0.08500883857043584,309,Republican Party,S,Floor,0,0
M000355,2018Q2,2018,0.3888693463157694,274,Republican Party,S,Floor,0,0
M000355,2018Q3,2018,0.15603427221911761,251,Republican Party,S,Floor,0,0
M000355,2018Q4,2018,-0.30397703108790103,250,Republican Party,S,Floor,0,0
M000355,2019Q1,2019,-0.18008300384803055,285,Republican Party,S,Floor,0,0
M000355,2019Q2,2019,-0.10775435667381057,281,Republican Party,S,Floor,0,0
M000355,2019Q3,2019,0.08383725965667865,219,Republican Party,S,Floor,0,0
M000355,2019Q4,2019,-0.17564718708212929,261,Republican Party,S,Floor,0,0
M000355,2020Q1,2020,0.011685650746982574,360,Republican Party,S,Floor,0,0
M000355,2020Q2,2020,-0.08777853622452314,260,Republican Party,S,Floor,0,0
M000355,2020Q3,2020,-0.4735045838147798,284,Republican Party,S,Floor,0,0
M000355,2020Q4,2020,-0.24623136029396384,330,Republican Party,S,Floor,0,0
M000355,2021Q1,2021,-0.48896766283694443,226,Republican Party,S,Floor,0,1
M000355,2021Q2,2021,-0.49723146867200224,273,Republican Party,S,Floor,0,1
M000355,2021Q3,2021,-0.9294314745601293,183,Republican Party,S,Floor,0,1
M000355,2021Q4,2021,-0.7510762185385004,197,Republican Party,S,Floor,0,1
M000355,2022Q1,2022,-0.5427294346791395,274,Republican Party,S,Floor,0,1
M000355,2022Q2,2022,-0.6473090134433374,195,Republican Party,S,Floor,0,1
M000355,2022Q3,2022,-0.4344297220381586,192,Republican Party,S,Floor,0,1
M000355,2022Q4,2022,-0.26443203730548537,112,Republican Party,S,Floor,0,1
M000639,2013Q1,2013,-0.10640109889837555,44,Democratic Party,S,Floor,0,0
M000639,2013Q2,2013,-0.14756735850744077,181,Democratic Party,S,Floor,0,0
M000639,2013Q3,2013,0.08362572039463478,67,Democratic Party,S,Floor,0,0
M000639,2013Q4,2013,-0.08507398740051506,55,Democratic Party,S,Floor,0,0
M000639,2014Q1,2014,0.03904131464701923,177,Democratic Party,S,Floor,0,0
M000639,2014Q2,2014,-0.1106412131295113,122,Democratic Party,S,Floor,0,0
M000639,2014Q3,2014,-0.1697816394132724,92,Democratic Party,S,Floor,0,0
M000639,2015Q1,2015,-0.382307575840518,102,Democratic Party,S,Floor,1,0
M000639,2015Q2,2015,-0.06001137753856013,124,Democratic Party,S,Floor,1,0
M000639,2015Q3,2015,0.032490958967799716,82,Democratic Party,S,Floor,1,0
M000639,2016Q2,2016,-0.27842366143758807,213,Democratic Party,S,Floor,1,0
M000639,2017Q3,2017,0.420312411966667,14,Democratic Party,S,Floor,1,1
M000639,2017Q4,2017,-0.677478327491951,84,Democratic Party,S,Floor,1,1
M000639,2018Q1,2018,-0.3005998877620389,171,Democratic Party,S,Floor,1,1
M000639,2018Q2,2018,-0.3163357017776284,112,Democratic Party,S,Floor,1,1
M000639,2018Q3,2018,-0.33977614731837213,113,Democratic Party,S,Floor,1,1
M000639,2018Q4,2018,-0.11500770628522544,135,Democratic Party,S,Floor,1,1
M000639,2019Q1,2019,-0.3882787217634466,91,Democratic Party,S,Floor,1,1
M000639,2019Q2,2019,-0.10636793674333889,102,Democratic Party,S,Floor,1,1
M000639,2019Q3,2019,0.033924537031318966,100,Democratic Party,S,Floor,1,1
M000639,2019Q4,2019,-0.28817066410263104,94,Democratic Party,S,Floor,1,1
M000639,2020Q3,2020,-0.30587817489279,120,Democratic Party,S,Floor,1,1
M000639,2020Q4,2020,0.228131765711308,115,Democratic Party,S,Floor,1,1
M000639,2021Q1,2021,0.01604345324480599,57,Democratic Party,S,Floor,1,0
M000639,2021Q3,2021,0.00991933880868975,112,Democratic Party,S,Floor,1,0
M000639,2022Q1,2022,0.2128930851941445,102,Democratic Party,S,Floor,1,0
M000639,2022Q2,2022,-0.029841488128743224,47,Democratic Party,S,Floor,1,0
M000639,2022Q3,2022,-0.14212016387414125,46,Democratic Party,S,Floor,1,0
M000871,2021Q2,2021,0.04232794222662824,38,Republican Party,H,Floor,1,1
M000871,2021Q3,2021,-0.8073425442588472,23,Republican Party,H,Floor,1,1
M000871,2022Q1,2022,-0.35948613843445787,33,Republican Party,H,Floor,1,1
M000934,2013Q1,2013,0.059642769796943475,105,Republican Party,S,Floor,1,1
M000934,2013Q2,2013,0.17038308420533085,74,Republican Party,S,Floor,1,1
M000934,2014Q2,2014,0.25041890054196814,94,Republican Party,S,Floor,1,1
M000934,2015Q1,2015,0.2473814342042961,79,Republican Party,S,Floor,0,1
M000934,2015Q4,2015,0.15485001445206295,75,Republican Party,S,Floor,0,1
M000934,2016Q2,2016,0.3445807861151677,75,Republican Party,S,Floor,0,1
M000934,2018Q2,2018,0.5279091028668805,103,Republican Party,S,Floor,0,0
M000934,2020Q4,2020,0.26315623694771445,61,Republican Party,S,Floor,0,0
M000934,2022Q1,2022,0.21220658372972062,105,Republican Party,S,Floor,0,1
M000934,2022Q2,2022,0.4294363107106699,88,Republican Party,S,Floor,0,1
M000934,2022Q3,2022,0.610486568140102,42,Republican Party,S,Floor,0,1
M001111,2013Q1,2013,0.052051893911712464,185,Democratic Party,S,Floor,0,0
M001111,2013Q2,2013,-0.11107450918784602,151,Democratic Party,S,Floor,0,0
M001111,2013Q3,2013,-0.022928952411035264,133,Democratic Party,S,Floor,0,0
M001111,2013Q4,2013,-0.13110449818276163,155,Democratic Party,S,Floor,0,0
M001111,2014Q1,2014,0.05686944320696579,159,Democratic Party,S,Floor,0,0
M001111,2014Q2,2014,0.28299338040615196,151,Democratic Party,S,Floor,0,0
M001111,2014Q3,2014,0.026418254843682955,69,Democratic Party,S,Floor,0,0
M001111,2015Q1,2015,0.11313418910213616,102,Democratic Party,S,Floor,1,0
M001111,2015Q2,2015,0.04389769336848182,70,Democratic Party,S,Floor,1,0
M001111,2015Q3,2015,0.35476777934220116,210,Democratic Party,S,Floor,1,0
M001111,2015Q4,2015,0.16726455807249466,101,Democratic Party,S,Floor,1,0
M001111,2016Q1,2016,0.3114605834012762,57,Democratic Party,S,Floor,1,0
M001111,2016Q2,2016,0.08187089744155007,136,Democratic Party,S,Floor,1,0
M001111,2017Q1,2017,-0.5394998498748729,289,Democratic Party,S,Floor,1,1
M001111,2017Q2,2017,-0.6035751260856873,77,Democratic Party,S,Floor,1,1
M001111,2017Q3,2017,-0.6841195764589412,64,Democratic Party,S,Floor,1,1
M001111,2017Q4,2017,-0.2931831243908072,89,Democratic Party,S,Floor,1,1
M001111,2018Q1,2018,-0.45489886005102176,64,Democratic Party,S,Floor,1,1
M001111,2018Q2,2018,-0.4907281704416698,58,Democratic Party,S,Floor,1,1
M001111,2018Q3,2018,-0.04993953466374297,130,Democratic Party,S,Floor,1,1
M001111,2018Q4,2018,-0.24621241711379652,83,Democratic Party,S,Floor,1,1
M001111,2019Q1,2019,-0.6437812593029943,53,Democratic Party,S,Floor,1,1
M001111,2019Q2,2019,-0.32981928428361895,68,Democratic Party,S,Floor,1,1
M001111,2019Q4,2019,-0.31494985151915694,65,Democratic Party,S,Floor,1,1
M001111,2020Q1,2020,-0.02068708207964271,60,Democratic Party,S,Floor,1,1
M001111,2021Q1,2021,0.06116070574668503,31,Democratic Party,S,Floor,1,0
M001111,2021Q3,2021,-0.01581256633656691,33,Democratic Party,S,Floor,1,0
M001111,2021Q4,2021,0.19428013977417075,51,Democratic Party,S,Floor,1,0
M001111,2022Q1,2022,-0.06309380143798847,57,Democratic Party,S,Floor,1,0
M001111,2022Q3,2022,-0.4317392675865586,41,Democratic Party,S,Floor,1,0
M001135,2022Q2,2022,0.4804682829842232,26,Democratic Party,H,Floor,0,0
M001137,2013Q3,2013,0.13179403265711814,25,Democratic Party,H,Floor,1,0
M001137,2021Q2,2021,0.6660269558937338,50,Democratic Party,H,Floor,0,0
M001137,2022Q1,2022,0.13692859366525248,26,Democratic Party,H,Floor,0,0
M001137,2022Q2,2022,0.46966375409519445,27,Democratic Party,H,Floor,0,0
M001143,2015Q2,2015,0.1964749196802565,26,Democratic Party,H,Floor,1,0
M001143,2015Q3,2015,0.18942744362838781,115,Democratic Party,H,Floor,1,0
M001143,2016Q3,2016,0.25536139477448794,100,Democratic Party,H,Floor,1,0
M001143,2017Q3,2017,0.4730063709524592,68,Democratic Party,H,Floor,1,1
M001143,2018Q3,2018,0.4450162237341134,64,Democratic Party,H,Floor,1,1
M001143,2019Q1,2019,0.4652272293248066,32,Democratic Party,H,Floor,0,1
M001143,2019Q2,2019,0.44351718858459704,48,Democratic Party,H,Floor,0,1
M001143,2020Q3,2020,-0.009836723494442754,23,Democratic Party,H,Floor,0,1
M001153,2013Q1,2013,0.8480094533253418,145,Republican Party,S,Floor,1,1
M001153,2013Q2,2013,0.5138545058666333,82,Republican Party,S,Floor,1,1
M001153,2013Q3,2013,0.6126541765209962,64,Republican Party,S,Floor,1,1
M001153,2013Q4,2013,0.20308994376783673,96,Republican Party,S,Floor,1,1
M001153,2014Q1,2014,0.6077094792731481,130,Republican Party,S,Floor,1,1
M001153,2014Q2,2014,0.8540112076422797,138,Republican Party,S,Floor,1,1
M001153,2014Q4,2014,0.7048139669754245,78,Republican Party,S,Floor,1,1
M001153,2015Q1,2015,0.5866357577948809,289,Republican Party,S,Floor,0,1
M001153,2015Q2,2015,0.5942905287539926,86,Republican Party,S,Floor,0,1
M001153,2015Q4,2015,0.35467289309684324,138,Republican Party,S,Floor,0,1
M001153,2016Q1,2016,0.590943215660301,172,Republican Party,S,Floor,0,1
M001153,2016Q2,2016,0.36887060087482076,102,Republican Party,S,Floor,0,1
M001153,2016Q3,2016,-0.16155981782561807,60,Republican Party,S,Floor,0,1
M001153,2017Q1,2017,0.42519688342258377,135,Republican Party,S,Floor,0,0
M001153,2017Q4,2017,0.714123138598156,100,Republican Party,S,Floor,0,0
M001153,2018Q4,2018,0.6741524593145416,158,Republican Party,S,Floor,0,0
M001153,2019Q1,2019,0.5537199283200838,207,Republican Party,S,Floor,0,0
M001153,2020Q2,2020,0.6992961848924575,80,Republican Party,S,Floor,0,0
M001153,2021Q4,2021,0.3430835168070621,90,Republican Party,S,Floor,0,1
M001156,2016Q3,2016,0.06669319953430289,26,Republican Party,H,Floor,0,1
M001156,2019Q2,2019,0.04323590690117717,65,Republican Party,H,Floor,1,0
M001156,2019Q3,2019,0.4851129706363598,88,Republican Party,H,Floor,1,0
M001156,2019Q4,2019,-0.09454456618348281,103,Republican Party,H,Floor,1,0
M001156,2020Q1,2020,-0.14771710913276256,70,Republican Party,H,Floor,1,0
M001156,2020Q2,2020,0.06944583332569285,38,Republican Party,H,Floor,1,0
M001156,2021Q2,2021,-0.159650872206441,54,Republican Party,H,Floor,1,1
M001156,2022Q2,2022,-0.4851949907386585,28,Republican Party,H,Floor,1,1
M001157,2014Q3,2014,0.3148851278132248,49,Republican Party,H,Floor,0,1
M001157,2015Q2,2015,0.2856323850971846,50,Republican Party,H,Floor,0,1
M001157,2018Q3,2018,0.4154999543303185,36,Republican Party,H,Floor,0,0
M001157,2019Q1,2019,0.3775234039791504,26,Republican Party,H,Floor,1,0
M001157,2019Q2,2019,0.32096793538249146,63,Republican Party,H,Floor,1,0
M001157,2019Q3,2019,0.5981039382351999,16,Republican Party,H,Floor,1,0
M001157,2019Q4,2019,0.09411345977661098,32,Republican Party,H,Floor,1,0
M001157,2020Q1,2020,0.26872158498426,78,Republican Party,H,Floor,1,0
M001157,2020Q3,2020,0.06402255857908738,30,Republican Party,H,Floor,1,0
M001157,2020Q4,2020,-0.0002713428168459833,50,Republican Party,H,Floor,1,0
M001157,2021Q2,2021,0.47168106338140514,36,Republican Party,H,Floor,1,1
M001158,2016Q1,2016,0.5861789720488625,27,Republican Party,H,Floor,0,1
M001159,2019Q3,2019,-0.03155809702911162,19,Republican Party,H,Floor,1,0
M001159,2020Q3,2020,0.6802873872508683,21,Republican Party,H,Floor,1,0
M001159,2021Q3,2021,-0.35287863108523626,35,Republican Party,H,Floor,1,1
M001159,2022Q2,2022,0.7694658887311812,29,Republican Party,H,Floor,1,1
M001159,2022Q3,2022,-0.39224277299720195,39,Republican Party,H,Floor,1,1
M001160,2013Q2,2013,-0.3956441282096736,35,Democratic Party,H,Floor,1,0
M001160,2014Q2,2014,0.3075978356199898,27,Democratic Party,H,Floor,1,0
M001160,2014Q3,2014,-0.015265118335341051,35,Democratic Party,H,Floor,1,0
M001160,2014Q4,2014,0.55451127687172,14,Democratic Party,H,Floor,1,0
M001160,2015Q1,2015,-0.5802815651291009,31,Democratic Party,H,Floor,1,0
M001160,2015Q4,2015,-0.4379758021397536,34,Democratic Party,H,Floor,1,0
M001160,2017Q1,2017,-0.3719060146072087,20,Democratic Party,H,Floor,1,1
M001160,2017Q3,2017,-0.13948225223120225,28,Democratic Party,H,Floor,1,1
M001160,2018Q2,2018,-0.6529014900715929,33,Democratic Party,H,Floor,1,1
M001160,2019Q2,2019,0.3423969117593157,44,Democratic Party,H,Floor,0,1
M001163,2016Q3,2016,-0.38559379052149645,17,Democratic Party,H,Floor,1,0
M001165,2014Q3,2014,0.7761383883385254,27,Republican Party,H,Floor,0,1
M001165,2014Q4,2014,0.24011513150091623,15,Republican Party,H,Floor,0,1
M001165,2015Q1,2015,-0.198516082846658,58,Republican Party,H,Floor,0,1
M001165,2015Q2,2015,0.03869996907556414,43,Republican Party,H,Floor,0,1
M001165,2015Q3,2015,-0.3041269624622811,29,Republican Party,H,Floor,0,1
M001165,2015Q4,2015,-0.08369117432347684,27,Republican Party,H,Floor,0,1
M001165,2016Q1,2016,-0.0017036066012540417,42,Republican Party,H,Floor,0,1
M001165,2016Q2,2016,0.1225127785749967,53,Republican Party,H,Floor,0,1
M001165,2016Q3,2016,-0.22847462821269957,50,Republican Party,H,Floor,0,1
M001165,2017Q1,2017,0.1592691447066313,76,Republican Party,H,Floor,0,0
M001165,2017Q2,2017,-0.1099768940788843,50,Republican Party,H,Floor,0,0
M001165,2017Q3,2017,0.30735153607008436,32,Republican Party,H,Floor,0,0
M001165,2017Q4,2017,-0.15305418962466266,119,Republican Party,H,Floor,0,0
M001165,2018Q1,2018,-0.2372792169691862,20,Republican Party,H,Floor,0,0
M001165,2018Q2,2018,-0.2630547995954849,98,Republican Party,H,Floor,0,0
M001165,2018Q3,2018,-0.4252224667721214,41,Republican Party,H,Floor,0,0
M001165,2018Q4,2018,-0.31113570424163545,39,Republican Party,H,Floor,0,0
M001165,2019Q2,2019,-0.3567083129603219,60,Republican Party,H,Floor,1,0
M001165,2020Q1,2020,-0.5166897301740355,48,Republican Party,H,Floor,1,0
M001165,2022Q2,2022,-0.9023864966214946,39,Republican Party,H,Floor,1,1
M001165,2022Q3,2022,-0.6919522371849746,95,Republican Party,H,Floor,1,1
M001166,2013Q2,2013,1.103804584817658,16,Democratic Party,H,Floor,1,0
M001166,2013Q3,2013,0.8957572645009021,20,Democratic Party,H,Floor,1,0
M001166,2014Q1,2014,0.3912620858480678,18,Democratic Party,H,Floor,1,0
M001166,2014Q2,2014,0.7172719901041653,22,Democratic Party,H,Floor,1,0
M001166,2015Q2,2015,0.027994321159047965,51,Democratic Party,H,Floor,1,0
M001166,2016Q2,2016,0.47934317200865634,33,Democratic Party,H,Floor,1,0
M001166,2017Q1,2017,1.1048788870799238,26,Democratic Party,H,Floor,1,1
M001166,2017Q3,2017,0.7454091199312991,23,Democratic Party,H,Floor,1,1
M001166,2018Q1,2018,1.0170334130405128,20,Democratic Party,H,Floor,1,1
M001166,2020Q3,2020,0.7827339753571999,47,Democratic Party,H,Floor,0,1
M001169,2015Q1,2015,-0.021235507866221633,72,Democratic Party,S,Floor,1,0
M001169,2015Q2,2015,-0.09678363052298936,92,Democratic Party,S,Floor,1,0
M001169,2015Q4,2015,-0.027652162871302784,125,Democratic Party,S,Floor,1,0
M001169,2016Q1,2016,-0.07256066642907064,74,Democratic Party,S,Floor,1,0
M001169,2016Q2,2016,-0.2362780522913566,375,Democratic Party,S,Floor,1,0
M001169,2017Q1,2017,-0.43694557492695296,314,Democratic Party,S,Floor,1,1
M001169,2017Q2,2017,-0.09146254443571028,92,Democratic Party,S,Floor,1,1
M001169,2017Q3,2017,-0.4733166268476453,124,Democratic Party,S,Floor,1,1
M001169,2018Q1,2018,-0.07999341710401281,104,Democratic Party,S,Floor,1,1
M001170,2013Q2,2013,0.09111621314557775,47,Democratic Party,S,Floor,0,0
M001176,2013Q1,2013,0.05577106774438275,96,Democratic Party,S,Floor,0,0
M001176,2013Q2,2013,0.09122793482967263,53,Democratic Party,S,Floor,0,0
M001176,2013Q3,2013,-0.1676660968066833,97,Democratic Party,S,Floor,0,0
M001176,2013Q4,2013,-0.0259653035808345,151,Democratic Party,S,Floor,0,0
M001176,2014Q1,2014,0.10380834449814383,63,Democratic Party,S,Floor,0,0
M001176,2015Q1,2015,-0.029713458943332462,106,Democratic Party,S,Floor,1,0
M001176,2015Q2,2015,0.008185799315583876,139,Democratic Party,S,Floor,1,0
M001176,2015Q3,2015,0.17744636248830883,78,Democratic Party,S,Floor,1,0
M001176,2015Q4,2015,-0.22076656762040678,83,Democratic Party,S,Floor,1,0
M001176,2016Q1,2016,-0.21694608739717994,234,Democratic Party,S,Floor,1,0
M001176,2016Q2,2016,0.003329022390811879,212,Democratic Party,S,Floor,1,0
M001176,2017Q1,2017,-0.17558455486238023,319,Democratic Party,S,Floor,1,1
M001176,2017Q2,2017,0.023068503808057098,205,Democratic Party,S,Floor,1,1
M001176,2017Q3,2017,-0.2696009074550231,194,Democratic Party,S,Floor,1,1
M001176,2017Q4,2017,-0.2517070977688845,164,Democratic Party,S,Floor,1,1
M001176,2018Q1,2018,-0.11029673136092333,163,Democratic Party,S,Floor,1,1
M001176,2018Q2,2018,-0.350980979621608,163,Democratic Party,S,Floor,1,1
M001176,2018Q4,2018,-0.5080008855100242,241,Democratic Party,S,Floor,1,1
M001176,2019Q1,2019,-0.14002037782565618,156,Democratic Party,S,Floor,1,1
M001176,2020Q3,2020,-0.49211294992767385,178,Democratic Party,S,Floor,1,1
M001176,2020Q4,2020,-0.44302014641107007,90,Democratic Party,S,Floor,1,1
M001176,2022Q1,2022,-0.24409863696181763,180,Democratic Party,S,Floor,1,0
M001177,2015Q2,2015,-0.3189070883584141,65,Republican Party,H,Floor,0,1
M001177,2017Q3,2017,0.2516198418778282,52,Republican Party,H,Floor,0,0
M001177,2017Q4,2017,0.039974139942555935,52,Republican Party,H,Floor,0,0
M001177,2019Q4,2019,0.10401569754503731,43,Republican Party,H,Floor,1,0
M001177,2020Q1,2020,-0.1133968790814784,41,Republican Party,H,Floor,1,0
M001177,2020Q4,2020,-0.5552069439178986,45,Republican Party,H,Floor,1,0
M001177,2021Q1,2021,-0.6377784040979768,51,Republican Party,H,Floor,1,1
M001177,2022Q4,2022,-0.8920083121241579,37,Republican Party,H,Floor,1,1
M001180,2014Q2,2014,-0.21018949267745654,28,Republican Party,H,Floor,0,1
M001180,2015Q3,2015,0.288646187520187,36,Republican Party,H,Floor,0,1
M001180,2018Q2,2018,0.462100063666868,24,Republican Party,H,Floor,0,0
M001183,2013Q1,2013,-0.2926414696471764,54,Democratic Party,S,Floor,0,0
M001183,2013Q2,2013,-0.4552312232972607,156,Democratic Party,S,Floor,0,0
M001183,2013Q3,2013,0.00782560798167218,105,Democratic Party,S,Floor,0,0
M001183,2014Q2,2014,-0.2387718691994287,66,Democratic Party,S,Floor,0,0
M001183,2014Q4,2014,-0.3240274717054628,49,Democratic Party,S,Floor,0,0
M001183,2015Q1,2015,-0.06151937755231262,58,Democratic Party,S,Floor,1,0
M001183,2015Q2,2015,-0.3886522397857469,66,Democratic Party,S,Floor,1,0
M001183,2015Q4,2015,-0.22729614179870847,77,Democratic Party,S,Floor,1,0
M001183,2016Q1,2016,-0.5748855149603915,223,Democratic Party,S,Floor,1,0
M001183,2016Q2,2016,-0.682109625045059,146,Democratic Party,S,Floor,1,0
M001183,2016Q3,2016,-0.36889689920030827,71,Democratic Party,S,Floor,1,0
M001183,2017Q1,2017,-0.2696867748551813,98,Democratic Party,S,Floor,1,1
M001183,2017Q2,2017,-0.19353947615082093,46,Democratic Party,S,Floor,1,1
M001183,2018Q2,2018,0.21297984826823113,57,Democratic Party,S,Floor,1,1
M001183,2019Q1,2019,0.21481456991156458,40,Democratic Party,S,Floor,1,1
M001183,2019Q2,2019,-0.3366795312284207,60,Democratic Party,S,Floor,1,1
M001183,2019Q4,2019,-0.17872432834607666,125,Democratic Party,S,Floor,1,1
M001183,2020Q1,2020,-0.06377951390646798,75,Democratic Party,S,Floor,1,1
M001183,2020Q2,2020,0.32379100643510683,51,Democratic Party,S,Floor,1,1
M001183,2021Q1,2021,-0.048094532913868074,40,Democratic Party,S,Floor,1,0
M001183,2021Q3,2021,-0.021911411582102747,54,Democratic Party,S,Floor,1,0
M001184,2015Q2,2015,-0.40926677992560095,43,Republican Party,H,Floor,0,1
M001185,2016Q2,2016,-0.1800139810564281,32,Democratic Party,H,Floor,1,0
M001187,2013Q3,2013,-0.11079843396150978,35,Republican Party,H,Floor,0,1
M001187,2014Q2,2014,-0.07584972753667182,37,Republican Party,H,Floor,0,1
M001187,2019Q1,2019,0.08410684094224703,60,Republican Party,H,Floor,1,0
M001187,2020Q1,2020,-0.07539788136439703,33,Republican Party,H,Floor,1,0
M001195,2015Q2,2015,-0.4074882282020742,42,Republican Party,H,Floor,0,1
M001195,2016Q3,2016,0.16124885837401684,25,Republican Party,H,Floor,0,1
M001197,2015Q1,2015,0.11205102426191385,55,Republican Party,H,Floor,0,1
M001197,2015Q2,2015,0.8435645735160034,18,Republican Party,H,Floor,0,1
M001197,2015Q4,2015,0.8317070237386688,21,Republican Party,H,Floor,0,1
M001197,2016Q2,2016,0.5829020081121743,24,Republican Party,H,Floor,0,1
M001197,2017Q1,2017,0.959750926312689,28,Republican Party,H,Floor,0,0
M001197,2017Q2,2017,-0.27644003715892107,24,Republican Party,H,Floor,0,0
M001199,2017Q1,2017,-0.06390995517179844,35,Republican Party,H,Floor,0,0
M001199,2021Q2,2021,-0.010650260012555469,34,Republican Party,H,Floor,1,1
M001200,2017Q1,2017,-0.6761948556903958,17,Democratic Party,H,Floor,1,1
M001200,2017Q4,2017,0.575259118806182,28,Democratic Party,H,Floor,1,1
M001201,2017Q1,2017,0.43323548209774576,36,Republican Party,H,Floor,0,0
M001201,2017Q3,2017,0.40492359373539544,30,Republican Party,H,Floor,0,0
M001201,2017Q4,2017,0.6461571897866146,60,Republican Party,H,Floor,0,0
M001201,2018Q1,2018,0.3102486523671787,46,Republican Party,H,Floor,0,0
M001201,2018Q2,2018,0.7539923261206105,46,Republican Party,H,Floor,0,0
M001201,2019Q1,2019,0.07244337154568324,38,Republican Party,H,Floor,1,0
M001203,2019Q2,2019,-0.00838526344519227,27,Democratic Party,H,Floor,0,1
M001203,2022Q2,2022,0.7895220564899048,40,Democratic Party,H,Floor,0,0
M001204,2021Q4,2021,-0.6502708881483932,25,Republican Party,H,Floor,1,1
M001204,2022Q1,2022,-0.245082100728725,18,Republican Party,H,Floor,1,1
M001204,2022Q2,2022,0.1373854379625453,42,Republican Party,H,Floor,1,1
M001206,2019Q2,2019,0.502174862850035,39,Democratic Party,H,Floor,0,1
M001206,2019Q4,2019,1.0155916882830827,22,Democratic Party,H,Floor,0,1
M001206,2022Q2,2022,0.47846460672751334,65,Democratic Party,H,Floor,0,0
M001206,2022Q3,2022,0.1537246224173212,38,Democratic Party,H,Floor,0,0
M001208,2020Q3,2020,-0.2506910877764382,17,Democratic Party,H,Floor,0,1
M001208,2021Q1,2021,-0.14518196929967853,24,Democratic Party,H,Floor,0,0
M001211,2021Q4,2021,-1.196113668874059,24,Republican Party,H,Floor,1,1
M001214,2021Q2,2021,0.8305288127436709,12,Democratic Party,H,Floor,0,0
M001214,2022Q1,2022,0.6107772794225708,14,Democratic Party,H,Floor,0,0
M001215,2021Q2,2021,0.31970069841474474,43,Republican Party,H,Floor,1,1
M001215,2021Q3,2021,0.12113982257971972,34,Republican Party,H,Floor,1,1
M001215,2021Q4,2021,0.8308253136352235,24,Republican Party,H,Floor,1,1
M001215,2022Q1,2022,0.07112252857410427,79,Republican Party,H,Floor,1,1
M001215,2022Q2,2022,0.9196776071019115,37,Republican Party,H,Floor,1,1
M001215,2022Q3,2022,0.5249544282518582,39,Republican Party,H,Floor,1,1
N000002,2013Q1,2013,-0.6284999899252837,34,Democratic Party,H,Floor,1,0
N000002,2013Q3,2013,-0.09790934415641708,59,Democratic Party,H,Floor,1,0
N000002,2014Q2,2014,-0.13896080736273028,36,Democratic Party,H,Floor,1,0
N000002,2015Q2,2015,-0.24087131941247159,101,Democratic Party,H,Floor,1,0
N000002,2016Q2,2016,-0.47616114715004215,41,Democratic Party,H,Floor,1,0
N000002,2017Q1,2017,-0.47282266119074623,47,Democratic Party,H,Floor,1,1
N000002,2017Q2,2017,-0.0936230745672239,41,Democratic Party,H,Floor,1,1
N000002,2017Q3,2017,-0.631671030880589,41,Democratic Party,H,Floor,1,1
N000002,2017Q4,2017,-0.22731532217999142,46,Democratic Party,H,Floor,1,1
N000002,2018Q2,2018,-0.2958514813431596,69,Democratic Party,H,Floor,1,1
N000002,2018Q3,2018,0.011004687453797941,44,Democratic Party,H,Floor,1,1
N000002,2019Q1,2019,0.52567807506382,72,Democratic Party,H,Floor,0,1
N000002,2019Q2,2019,0.6985408880151879,23,Democratic Party,H,Floor,0,1
N000002,2019Q3,2019,0.538229504347078,32,Democratic Party,H,Floor,0,1
N000002,2019Q4,2019,0.286235982661383,44,Democratic Party,H,Floor,0,1
N000002,2020Q2,2020,0.4009799948750116,38,Democratic Party,H,Floor,0,1
N000002,2021Q1,2021,0.4094051975511082,78,Democratic Party,H,Floor,0,0
N000002,2021Q2,2021,0.39772554668359816,56,Democratic Party,H,Floor,0,0
N000002,2021Q4,2021,0.664063749782039,28,Democratic Party,H,Floor,0,0
N000002,2022Q1,2022,0.646347381354337,39,Democratic Party,H,Floor,0,0
N000002,2022Q2,2022,0.587381535169555,64,Democratic Party,H,Floor,0,0
N000002,2022Q3,2022,0.4826057238957955,100,Democratic Party,H,Floor,0,0
N000002,2022Q4,2022,0.8432354388316166,87,Democratic Party,H,Floor,0,0
N000015,2017Q1,2017,0.5041555337679612,38,Democratic Party,H,Floor,1,1
N000015,2017Q2,2017,0.115755957973406,29,Democratic Party,H,Floor,1,1
N000015,2017Q3,2017,0.3511518801364846,31,Democratic Party,H,Floor,1,1
N000015,2017Q4,2017,0.13978475989229514,48,Democratic Party,H,Floor,1,1
N000015,2018Q3,2018,0.2553484583678277,54,Democratic Party,H,Floor,1,1
N000015,2019Q2,2019,0.9691250597885486,27,Democratic Party,H,Floor,0,1
N000015,2019Q4,2019,0.7634015615767878,37,Democratic Party,H,Floor,0,1
N000015,2020Q2,2020,0.6581445270952726,29,Democratic Party,H,Floor,0,1
N000015,2021Q1,2021,0.473148945001071,41,Democratic Party,H,Floor,0,0
N000015,2021Q3,2021,0.06856713988520532,13,Democratic Party,H,Floor,0,0
N000015,2021Q4,2021,0.8331715050585342,18,Democratic Party,H,Floor,0,0
N000015,2022Q1,2022,0.4479578581154864,35,Democratic Party,H,Floor,0,0
N000015,2022Q3,2022,0.7039782626816917,25,Democratic Party,H,Floor,0,0
N000026,2021Q2,2021,-0.7633184045838879,45,Republican Party,H,Floor,1,1
N000032,2014Q1,2014,0.2635120718698704,49,Democratic Party,S,Floor,0,0
N000032,2014Q2,2014,0.5230506802834687,91,Democratic Party,S,Floor,0,0
N000032,2014Q4,2014,0.040352237697860116,56,Democratic Party,S,Floor,0,0
N000032,2017Q1,2017,-0.12457391535642183,149,Democratic Party,S,Floor,1,1
N000032,2017Q2,2017,0.19994782693311033,96,Democratic Party,S,Floor,1,1
N000032,2017Q3,2017,-0.01009394224574334,108,Democratic Party,S,Floor,1,1
N000032,2017Q4,2017,-0.1463234475665661,123,Democratic Party,S,Floor,1,1
N000032,2018Q1,2018,0.00495222488251909,150,Democratic Party,S,Floor,1,1
N000032,2018Q2,2018,-0.06837560190463084,138,Democratic Party,S,Floor,1,1
N000032,2018Q3,2018,-0.18608960002701821,76,Democratic Party,S,Floor,1,1
N000032,2018Q4,2018,0.17071092122230339,133,Democratic Party,S,Floor,1,1
N000147,2013Q1,2013,-0.08332440660970446,32,Democratic Party,H,Floor,1,0
N000147,2013Q2,2013,-0.39547354399884493,134,Democratic Party,H,Floor,1,0
N000147,2013Q3,2013,-0.252547794110925,66,Democratic Party,H,Floor,1,0
N000147,2014Q2,2014,-0.18571731136768765,115,Democratic Party,H,Floor,1,0
N000147,2014Q3,2014,-0.3379986291803471,115,Democratic Party,H,Floor,1,0
N000147,2014Q4,2014,-0.03301248375125306,63,Democratic Party,H,Floor,1,0
N000147,2015Q1,2015,0.11263739367767374,24,Democratic Party,H,Floor,1,0
N000147,2015Q2,2015,-0.13731009387709603,97,Democratic Party,H,Floor,1,0
N000147,2015Q3,2015,-0.23894755736952952,40,Democratic Party,H,Floor,1,0
N000147,2015Q4,2015,0.4148826115529823,57,Democratic Party,H,Floor,1,0
N000147,2016Q2,2016,-0.20302276612607278,64,Democratic Party,H,Floor,1,0
N000147,2016Q3,2016,0.297677868544388,64,Democratic Party,H,Floor,1,0
N000147,2017Q2,2017,0.12846179003245595,40,Democratic Party,H,Floor,1,1
N000147,2017Q3,2017,0.1342610191303675,28,Democratic Party,H,Floor,1,1
N000147,2017Q4,2017,0.09793341352277063,76,Democratic Party,H,Floor,1,1
N000147,2018Q3,2018,-0.29521307117954604,117,Democratic Party,H,Floor,1,1
N000147,2019Q1,2019,0.46147771147503175,60,Democratic Party,H,Floor,0,1
N000147,2019Q4,2019,0.2485367565376365,33,Democratic Party,H,Floor,0,1
N000147,2020Q4,2020,1.309278751105417,31,Democratic Party,H,Floor,0,1
N000147,2021Q2,2021,1.1849320780823676,40,Democratic Party,H,Floor,0,0
N000147,2022Q3,2022,0.8716422376961837,33,Democratic Party,H,Floor,0,0
N000179,2013Q1,2013,0.5150522352083889,14,Democratic Party,H,Floor,1,0
N000179,2013Q2,2013,0.42568731747932986,23,Democratic Party,H,Floor,1,0
N000179,2014Q1,2014,0.21529425662463228,34,Democratic Party,H,Floor,1,0
N000179,2015Q2,2015,0.7038589345917848,23,Democratic Party,H,Floor,1,0
N000179,2015Q4,2015,0.5106237803266527,19,Democratic Party,H,Floor,1,0
N000179,2016Q2,2016,0.21646332585503344,25,Democratic Party,H,Floor,1,0
N000179,2019Q2,2019,0.7357409208623189,33,Democratic Party,H,Floor,0,1
N000179,2020Q1,2020,1.280435565047301,29,Democratic Party,H,Floor,0,1
N000181,2015Q2,2015,0.6496729143218811,35,Republican Party,H,Floor,0,1
N000189,2015Q2,2015,0.4531315143804406,43,Republican Party,H,Floor,0,1
N000189,2015Q3,2015,0.39151757896358447,60,Republican Party,H,Floor,0,1
N000189,2015Q4,2015,0.9149942200518311,28,Republican Party,H,Floor,0,1
N000189,2016Q1,2016,0.4585971812757719,41,Republican Party,H,Floor,0,1
N000189,2016Q3,2016,0.6631959657481069,40,Republican Party,H,Floor,0,1
N000189,2017Q1,2017,0.6874373400916516,39,Republican Party,H,Floor,0,0
N000189,2017Q3,2017,0.8949122433284776,24,Republican Party,H,Floor,0,0
N000189,2017Q4,2017,0.7330374726817741,36,Republican Party,H,Floor,0,0
N000189,2018Q2,2018,0.4671578083295086,94,Republican Party,H,Floor,0,0
N000189,2018Q3,2018,0.8012375664835667,26,Republican Party,H,Floor,0,0
N000189,2018Q4,2018,0.6177353539997325,46,Republican Party,H,Floor,0,0
N000189,2019Q1,2019,0.10021064449626312,47,Republican Party,H,Floor,1,0
N000189,2019Q4,2019,0.3280013389329143,24,Republican Party,H,Floor,1,0
N000189,2020Q1,2020,0.9463714785627741,27,Republican Party,H,Floor,1,0
N000189,2020Q3,2020,0.1568401188258566,26,Republican Party,H,Floor,1,0
N000189,2021Q1,2021,0.0188764041723564,21,Republican Party,H,Floor,1,1
N000189,2021Q2,2021,0.48846356683610764,22,Republican Party,H,Floor,1,1
N000189,2022Q1,2022,0.5386576581661666,29,Republican Party,H,Floor,1,1
N000190,2017Q4,2017,-0.183892315812926,29,Republican Party,H,Floor,0,0
N000190,2018Q2,2018,0.5099603788085643,18,Republican Party,H,Floor,0,0
N000190,2019Q1,2019,-0.8905379921001233,23,Republican Party,H,Floor,1,0
N000190,2019Q2,2019,-0.000841738259726028,22,Republican Party,H,Floor,1,0
N000191,2019Q2,2019,0.4343238220286978,37,Democratic Party,H,Floor,0,1
N000191,2019Q4,2019,0.6303294182084991,48,Democratic Party,H,Floor,0,1
N000191,2020Q1,2020,0.3958737635179038,25,Democratic Party,H,Floor,0,1
N000191,2021Q1,2021,0.3900055470311723,41,Democratic Party,H,Floor,0,0
N000191,2021Q3,2021,0.05592326169431787,23,Democratic Party,H,Floor,0,0
N000191,2022Q3,2022,0.5753709774364806,32,Democratic Party,H,Floor,0,0
O000168,2013Q1,2013,-0.3093505641086391,16,Republican Party,H,Floor,0,1
O000168,2015Q4,2015,-0.41234869868616564,18,Republican Party,H,Floor,0,1
O000168,2016Q2,2016,0.08285501493752495,26,Republican Party,H,Floor,0,1
O000168,2017Q1,2017,-0.40786622981757603,26,Republican Party,H,Floor,0,0
O000168,2018Q1,2018,-0.8985976479863765,20,Republican Party,H,Floor,0,0
O000168,2018Q2,2018,-0.1510205063427338,25,Republican Party,H,Floor,0,0
O000168,2018Q3,2018,-0.04403790180124717,21,Republican Party,H,Floor,0,0
O000168,2019Q1,2019,-1.010748736938272,13,Republican Party,H,Floor,1,0
O000168,2020Q1,2020,-0.9170697354306299,16,Republican Party,H,Floor,1,0
O000171,2017Q4,2017,0.40963498509486934,23,Democratic Party,H,Floor,1,1
O000172,2020Q3,2020,-0.44452366728991716,23,Democratic Party,H,Floor,0,1
O000172,2021Q3,2021,0.01952625768463444,19,Democratic Party,H,Floor,0,0
P000034,2013Q1,2013,0.48606768302400655,24,Democratic Party,H,Floor,1,0
P000034,2014Q1,2014,-0.1015633206263776,30,Democratic Party,H,Floor,1,0
P000034,2015Q1,2015,0.4861122393195845,90,Democratic Party,H,Floor,1,0
P000034,2015Q2,2015,0.8221368436270743,48,Democratic Party,H,Floor,1,0
P000034,2015Q3,2015,0.6673684613762166,51,Democratic Party,H,Floor,1,0
P000034,2015Q4,2015,0.25623008314579204,81,Democratic Party,H,Floor,1,0
P000034,2016Q1,2016,0.5537459794638997,32,Democratic Party,H,Floor,1,0
P000034,2016Q2,2016,0.4671908490827424,69,Democratic Party,H,Floor,1,0
P000034,2016Q3,2016,0.6873300708475,32,Democratic Party,H,Floor,1,0
P000034,2017Q1,2017,-0.005232466615205612,45,Democratic Party,H,Floor,1,1
P000034,2017Q2,2017,0.3100170015417949,20,Democratic Party,H,Floor,1,1
P000034,2017Q4,2017,0.02279029013983161,48,Democratic Party,H,Floor,1,1
P000034,2018Q1,2018,0.6238227225365776,80,Democratic Party,H,Floor,1,1
P000034,2018Q2,2018,0.6731081383805119,153,Democratic Party,H,Floor,1,1
P000034,2018Q3,2018,0.9215381861714764,43,Democratic Party,H,Floor,1,1
P000034,2019Q2,2019,0.17973271441815006,40,Democratic Party,H,Floor,0,1
P000034,2019Q3,2019,1.0291977465950188,27,Democratic Party,H,Floor,0,1
P000034,2019Q4,2019,0.5457822351639924,29,Democratic Party,H,Floor,0,1
P000034,2020Q3,2020,1.1348911892141658,101,Democratic Party,H,Floor,0,1
P000034,2020Q4,2020,0.9981971020198472,97,Democratic Party,H,Floor,0,1
P000034,2021Q2,2021,0.8605021443747024,127,Democratic Party,H,Floor,0,0
P000034,2021Q3,2021,0.7889692210340981,49,Democratic Party,H,Floor,0,0
P000034,2021Q4,2021,1.210956470580862,61,Democratic Party,H,Floor,0,0
P000034,2022Q2,2022,0.9415328896522197,49,Democratic Party,H,Floor,0,0
P000034,2022Q3,2022,0.7097659658905537,69,Democratic Party,H,Floor,0,0
P000034,2022Q4,2022,1.1317984552929397,51,Democratic Party,H,Floor,0,0
P000048,2021Q2,2021,-0.2265511320842603,19,Republican Party,H,Floor,1,1
P000048,2021Q4,2021,-0.4842955666084732,32,Republican Party,H,Floor,1,1
P000048,2022Q1,2022,-0.32533760194988387,22,Republican Party,H,Floor,1,1
P000048,2022Q2,2022,0.04180086433121513,23,Republican Party,H,Floor,1,1
P000096,2013Q1,2013,-0.591054845406603,19,Democratic Party,H,Floor,1,0
P000096,2013Q2,2013,-0.8030009641829106,28,Democratic Party,H,Floor,1,0
P000096,2014Q1,2014,-0.4762896610618293,18,Democratic Party,H,Floor,1,0
P000096,2014Q3,2014,0.07839016532921286,31,Democratic Party,H,Floor,1,0
P000096,2015Q1,2015,-0.6689355768043901,21,Democratic Party,H,Floor,1,0
P000096,2015Q2,2015,-0.393505761569229,42,Democratic Party,H,Floor,1,0
P000096,2016Q1,2016,-0.4542319498791229,34,Democratic Party,H,Floor,1,0
P000096,2016Q2,2016,-0.07742143201192976,34,Democratic Party,H,Floor,1,0
P000096,2017Q1,2017,0.2254760687180116,21,Democratic Party,H,Floor,1,1
P000096,2017Q2,2017,-0.13979256108037366,52,Democratic Party,H,Floor,1,1
P000096,2017Q3,2017,0.61806362667201,29,Democratic Party,H,Floor,1,1
P000096,2017Q4,2017,-0.2719986717083114,35,Democratic Party,H,Floor,1,1
P000096,2018Q2,2018,0.22457522491003093,68,Democratic Party,H,Floor,1,1
P000096,2018Q3,2018,-0.07996907501269956,43,Democratic Party,H,Floor,1,1
P000197,2013Q1,2013,-0.16159827738680793,83,Democratic Party,H,Floor,1,0
P000197,2013Q2,2013,-0.6327327562130273,51,Democratic Party,H,Floor,1,0
P000197,2013Q3,2013,-0.4548885545309571,69,Democratic Party,H,Floor,1,0
P000197,2013Q4,2013,-0.2593919352391892,62,Democratic Party,H,Floor,1,0
P000197,2015Q1,2015,-0.26264428185219035,107,Democratic Party,H,Floor,1,0
P000197,2015Q3,2015,-0.08820551901683214,44,Democratic Party,H,Floor,1,0
P000197,2015Q4,2015,-0.43064582785372524,73,Democratic Party,H,Floor,1,0
P000197,2016Q3,2016,-0.2606222102695177,55,Democratic Party,H,Floor,1,0
P000197,2017Q4,2017,-0.9439361827768491,81,Democratic Party,H,Floor,1,1
P000197,2018Q1,2018,-0.29882955654796345,484,Democratic Party,H,Floor,1,1
P000197,2018Q2,2018,-0.6307909210737723,49,Democratic Party,H,Floor,1,1
P000197,2019Q1,2019,-0.19317655715354357,74,Democratic Party,H,Floor,0,1
P000197,2019Q2,2019,-0.1784096253852305,72,Democratic Party,H,Floor,0,1
P000197,2019Q4,2019,-0.16284096725885036,96,Democratic Party,H,Floor,0,1
P000197,2020Q1,2020,0.0094047808072122,112,Democratic Party,H,Floor,0,1
P000197,2020Q2,2020,-0.03611891815986203,91,Democratic Party,H,Floor,0,1
P000197,2021Q1,2021,-0.035485359631549925,126,Democratic Party,H,Floor,0,0
P000197,2021Q2,2021,0.31392331861073186,108,Democratic Party,H,Floor,0,0
P000197,2021Q3,2021,0.0026929243524928077,76,Democratic Party,H,Floor,0,0
P000197,2021Q4,2021,-0.3041825303647672,68,Democratic Party,H,Floor,0,0
P000197,2022Q1,2022,-0.03845072974613927,72,Democratic Party,H,Floor,0,0
P000197,2022Q2,2022,-0.04602958214614515,68,Democratic Party,H,Floor,0,0
P000197,2022Q3,2022,0.07438258950235783,101,Democratic Party,H,Floor,0,0
P000449,2013Q1,2013,0.3051925030831576,75,Republican Party,S,Floor,1,1
P000449,2013Q2,2013,-0.0664230942116808,110,Republican Party,S,Floor,1,1
P000449,2013Q3,2013,0.5910933222477254,115,Republican Party,S,Floor,1,1
P000449,2013Q4,2013,0.20965012785245118,105,Republican Party,S,Floor,1,1
P000449,2014Q1,2014,0.1122702646442663,85,Republican Party,S,Floor,1,1
P000449,2014Q2,2014,0.09906042930284809,116,Republican Party,S,Floor,1,1
P000449,2014Q4,2014,0.02469581011219478,62,Republican Party,S,Floor,1,1
P000449,2015Q1,2015,0.23261178766123666,86,Republican Party,S,Floor,0,1
P000449,2015Q2,2015,0.06830350644954397,212,Republican Party,S,Floor,0,1
P000449,2015Q3,2015,0.052339954028254025,172,Republican Party,S,Floor,0,1
P000449,2016Q1,2016,0.4486407246445066,137,Republican Party,S,Floor,0,1
P000449,2016Q2,2016,0.2322308813835057,355,Republican Party,S,Floor,0,1
P000449,2016Q3,2016,0.07874348284736714,131,Republican Party,S,Floor,0,1
P000449,2016Q4,2016,0.4845116726671194,52,Republican Party,S,Floor,0,1
P000449,2017Q2,2017,0.2224037173036007,117,Republican Party,S,Floor,0,0
P000449,2017Q3,2017,0.03788855808227897,88,Republican Party,S,Floor,0,0
P000449,2017Q4,2017,0.19509941292900626,156,Republican Party,S,Floor,0,0
P000449,2018Q1,2018,0.15806167160672116,315,Republican Party,S,Floor,0,0
P000449,2018Q2,2018,0.1525783091625744,239,Republican Party,S,Floor,0,0
P000449,2018Q3,2018,0.28114794265612986,235,Republican Party,S,Floor,0,0
P000449,2018Q4,2018,0.11668913108859383,155,Republican Party,S,Floor,0,0
P000449,2019Q1,2019,0.4387384125360351,213,Republican Party,S,Floor,0,0
P000449,2019Q2,2019,0.39828451865581393,217,Republican Party,S,Floor,0,0
P000449,2019Q4,2019,0.4463494003352505,123,Republican Party,S,Floor,0,0
P000449,2020Q1,2020,0.45805448502302915,181,Republican Party,S,Floor,0,0
P000449,2020Q2,2020,0.4055775472436422,268,Republican Party,S,Floor,0,0
P000449,2020Q3,2020,0.23527971135086914,200,Republican Party,S,Floor,0,0
P000449,2020Q4,2020,0.1358620837697424,172,Republican Party,S,Floor,0,0
P000449,2021Q1,2021,0.07397626532968586,185,Republican Party,S,Floor,0,1
P000449,2021Q2,2021,-0.03760822419005265,224,Republican Party,S,Floor,0,1
P000449,2021Q3,2021,0.06850301003678871,179,Republican Party,S,Floor,0,1
P000449,2021Q4,2021,0.01773907200426744,254,Republican Party,S,Floor,0,1
P000449,2022Q1,2022,0.06723794162974137,263,Republican Party,S,Floor,0,1
P000449,2022Q2,2022,0.4830077894188738,238,Republican Party,S,Floor,0,1
P000449,2022Q3,2022,0.2552070285281364,280,Republican Party,S,Floor,0,1
P000523,2013Q2,2013,0.23410857178012298,60,Democratic Party,H,Floor,1,0
P000523,2015Q2,2015,-0.13514854386906572,80,Democratic Party,H,Floor,1,0
P000523,2017Q3,2017,0.08492360655283121,40,Democratic Party,H,Floor,1,1
P000523,2019Q1,2019,0.005419065927285561,34,Democratic Party,H,Floor,0,1
P000523,2019Q2,2019,0.36337976329381666,45,Democratic Party,H,Floor,0,1
P000593,2018Q2,2018,0.48817824516135727,42,Democratic Party,H,Floor,1,1
P000593,2020Q3,2020,1.2821540023058444,30,Democratic Party,H,Floor,0,1
P000595,2015Q1,2015,0.6482295785563165,25,Democratic Party,S,Floor,1,0
P000595,2016Q1,2016,0.15623070283364265,81,Democratic Party,S,Floor,1,0
P000595,2016Q2,2016,0.441285643567354,74,Democratic Party,S,Floor,1,0
P000595,2016Q3,2016,0.3845050971861141,63,Democratic Party,S,Floor,1,0
P000595,2017Q1,2017,-0.13835245904121493,96,Democratic Party,S,Floor,1,1
P000595,2017Q2,2017,0.10980845968031475,50,Democratic Party,S,Floor,1,1
P000595,2017Q3,2017,0.16904027429135468,47,Democratic Party,S,Floor,1,1
P000595,2017Q4,2017,-0.016819373662450864,65,Democratic Party,S,Floor,1,1
P000595,2021Q1,2021,0.43506136206887797,50,Democratic Party,S,Floor,1,0
P000595,2021Q2,2021,0.728250221886818,38,Democratic Party,S,Floor,1,0
P000595,2021Q3,2021,0.0944296873935554,42,Democratic Party,S,Floor,1,0
P000595,2022Q1,2022,0.22523658323580023,45,Democratic Party,S,Floor,1,0
P000597,2015Q3,2015,0.2568402233474181,29,Democratic Party,H,Floor,1,0
P000597,2016Q3,2016,0.22080373691767158,30,Democratic Party,H,Floor,1,0
P000597,2019Q1,2019,0.16030855336473399,23,Democratic Party,H,Floor,0,1
P000597,2019Q2,2019,0.4388266767704205,32,Democratic Party,H,Floor,0,1
P000601,2015Q4,2015,-0.5052641663024866,26,Republican Party,H,Floor,0,1
P000601,2020Q4,2020,0.6009911698500526,23,Republican Party,H,Floor,1,0
P000601,2022Q2,2022,0.45067141918375475,23,Republican Party,H,Floor,1,1
P000603,2013Q1,2013,-0.3918756996573333,471,Republican Party,S,Floor,1,1
P000603,2015Q2,2015,-0.21411730177952706,272,Republican Party,S,Floor,0,1
P000603,2015Q4,2015,-0.701987993780107,93,Republican Party,S,Floor,0,1
P000603,2016Q2,2016,-0.5064669245705439,38,Republican Party,S,Floor,0,1
P000603,2018Q1,2018,-0.5807661301504861,180,Republican Party,S,Floor,0,0
P000603,2019Q4,2019,-0.4032231437802934,62,Republican Party,S,Floor,0,0
P000603,2020Q4,2020,-0.46154744004336773,68,Republican Party,S,Floor,0,0
P000603,2021Q1,2021,-0.70922958382028,66,Republican Party,S,Floor,0,1
P000603,2021Q2,2021,-0.12227657145980936,98,Republican Party,S,Floor,0,1
P000603,2021Q3,2021,0.41121567008873955,42,Republican Party,S,Floor,0,1
P000603,2021Q4,2021,-0.4148406748467448,91,Republican Party,S,Floor,0,1
P000603,2022Q1,2022,-0.18636338621053603,87,Republican Party,S,Floor,0,1
P000603,2022Q2,2022,-0.283184210306939,168,Republican Party,S,Floor,0,1
P000603,2022Q3,2022,0.6124300836261327,87,Republican Party,S,Floor,0,1
P000603,2022Q4,2022,-0.35982091124264065,41,Republican Party,S,Floor,0,1
P000604,2013Q2,2013,-0.02624489608927655,31,Democratic Party,H,Floor,1,0
P000604,2014Q1,2014,-0.045281423996611045,42,Democratic Party,H,Floor,1,0
P000604,2014Q3,2014,0.003380965737585177,30,Democratic Party,H,Floor,1,0
P000604,2015Q1,2015,-0.0036590198980574703,48,Democratic Party,H,Floor,1,0
P000604,2015Q2,2015,0.26921127703014536,68,Democratic Party,H,Floor,1,0
P000604,2015Q4,2015,0.23814236458453397,29,Democratic Party,H,Floor,1,0
P000604,2017Q1,2017,-0.29541276972906383,27,Democratic Party,H,Floor,1,1
P000604,2017Q2,2017,-0.11242823994075991,35,Democratic Party,H,Floor,1,1
P000604,2017Q3,2017,0.09114609097242118,26,Democratic Party,H,Floor,1,1
P000604,2017Q4,2017,-0.2519578527631292,52,Democratic Party,H,Floor,1,1
P000604,2018Q1,2018,0.11789599264972175,69,Democratic Party,H,Floor,1,1
P000604,2018Q2,2018,-0.1571997243763417,22,Democratic Party,H,Floor,1,1
P000604,2018Q3,2018,-0.20489570790572925,15,Democratic Party,H,Floor,1,1
P000604,2019Q1,2019,0.607690144803873,15,Democratic Party,H,Floor,0,1
P000604,2019Q2,2019,-0.16215089490558016,26,Democratic Party,H,Floor,0,1
P000604,2019Q3,2019,-0.29096127959399715,25,Democratic Party,H,Floor,0,1
P000604,2019Q4,2019,0.21687558118777933,25,Democratic Party,H,Floor,0,1
P000604,2020Q1,2020,0.45022088259416315,26,Democratic Party,H,Floor,0,1
P000604,2022Q2,2022,0.40324502009977253,25,Democratic Party,H,Floor,0,0
P000605,2013Q3,2013,-0.22208747568648723,45,Republican Party,H,Floor,0,1
P000605,2014Q2,2014,-0.3613169745102888,42,Republican Party,H,Floor,0,1
P000605,2015Q2,2015,-0.2468526854222993,28,Republican Party,H,Floor,0,1
P000605,2016Q1,2016,-0.6822934684584915,34,Republican Party,H,Floor,0,1
P000605,2016Q2,2016,-0.5753263796539252,31,Republican Party,H,Floor,0,1
P000605,2016Q3,2016,0.47448750218556723,29,Republican Party,H,Floor,0,1
P000605,2017Q3,2017,0.15147508954837552,43,Republican Party,H,Floor,0,0
P000605,2019Q1,2019,-0.2134387926943235,70,Republican Party,H,Floor,1,0
P000605,2021Q1,2021,-1.0761711874999735,24,Republican Party,H,Floor,1,1
P000605,2022Q1,2022,-0.5612691395939035,17,Republican Party,H,Floor,1,1
P000605,2022Q2,2022,-0.8719625259012607,54,Republican Party,H,Floor,1,1
P000605,2022Q4,2022,-0.856496957124636,18,Republican Party,H,Floor,1,1
P000608,2016Q2,2016,0.6330174790723403,22,Democratic Party,H,Floor,1,0
P000609,2016Q3,2016,0.1674744046310986,26,Republican Party,H,Floor,0,1
P000609,2021Q1,2021,0.319658152053772,27,Republican Party,H,Floor,1,1
P000610,2015Q2,2015,-0.03665301361047189,28,Democratic Party,H,Floor,1,0
P000610,2016Q3,2016,-0.3914302669919757,17,Democratic Party,H,Floor,1,0
P000610,2017Q1,2017,0.2086089247733489,86,Democratic Party,H,Floor,1,1
P000610,2017Q2,2017,0.159881174761948,55,Democratic Party,H,Floor,1,1
P000610,2017Q3,2017,0.6201145276373021,21,Democratic Party,H,Floor,1,1
P000610,2017Q4,2017,-0.1678362999021021,68,Democratic Party,H,Floor,1,1
P000610,2018Q2,2018,-0.15354551870064725,21,Democratic Party,H,Floor,1,1
P000610,2019Q2,2019,0.4276587340299433,35,Democratic Party,H,Floor,0,1
P000610,2019Q3,2019,0.4375593019519385,49,Democratic Party,H,Floor,0,1
P000610,2019Q4,2019,-0.053280293350786344,55,Democratic Party,H,Floor,0,1
P000610,2020Q1,2020,0.5203290763774584,20,Democratic Party,H,Floor,0,1
P000610,2021Q1,2021,0.015534870340493865,14,Democratic Party,H,Floor,0,0
P000610,2021Q3,2021,0.2659957398346809,31,Democratic Party,H,Floor,0,0
P000612,2016Q3,2016,-0.20444961737160586,49,Republican Party,S,Floor,0,1
P000613,2017Q1,2017,-0.39017142056687326,26,Democratic Party,H,Floor,1,1
P000613,2017Q3,2017,0.6234966500827448,34,Democratic Party,H,Floor,1,1
P000613,2018Q2,2018,0.22619618343334882,21,Democratic Party,H,Floor,1,1
P000613,2020Q3,2020,0.11844573422503223,22,Democratic Party,H,Floor,0,1
P000614,2021Q4,2021,1.1067240478176839,25,Democratic Party,H,Floor,0,0
P000615,2019Q2,2019,0.6734541561825503,12,Republican Party,H,Floor,1,0
P000615,2019Q3,2019,0.8679619371494749,16,Republican Party,H,Floor,1,0
P000615,2019Q4,2019,0.577048541476804,30,Republican Party,H,Floor,1,0
P000615,2020Q1,2020,0.5272800994265247,29,Republican Party,H,Floor,1,0
P000615,2020Q3,2020,-0.5550263949319736,25,Republican Party,H,Floor,1,0
P000616,2022Q2,2022,0.2383507989151492,26,Democratic Party,H,Floor,0,0
P000617,2019Q2,2019,0.22006150850027942,39,Democratic Party,H,Floor,0,1
P000618,2019Q2,2019,0.5853169520192181,53,Democratic Party,H,Floor,0,1
P000618,2019Q4,2019,-0.12036175452276608,18,Democratic Party,H,Floor,0,1
P000618,2022Q1,2022,0.5250355161595889,14,Democratic Party,H,Floor,0,0
P000618,2022Q2,2022,0.34762796366855836,11,Democratic Party,H,Floor,0,0
Q000023,2013Q2,2013,-0.07608289329935097,26,Democratic Party,H,Floor,1,0
Q000023,2014Q1,2014,0.09697708261343534,37,Democratic Party,H,Floor,1,0
Q000023,2015Q4,2015,0.2646185445330484,36,Democratic Party,H,Floor,1,0
Q000023,2019Q2,2019,0.27154629184916057,17,Democratic Party,H,Floor,0,1
R000122,2013Q1,2013,0.3832910182583299,115,Democratic Party,S,Floor,0,0
R000122,2013Q2,2013,0.6848827220559961,110,Democratic Party,S,Floor,0,0
R000122,2013Q3,2013,0.4524993454004927,129,Democratic Party,S,Floor,0,0
R000122,2013Q4,2013,0.3108425709208411,186,Democratic Party,S,Floor,0,0
R000122,2014Q1,2014,0.34765186685937427,184,Democratic Party,S,Floor,0,0
R000122,2014Q2,2014,0.42686142649093844,130,Democratic Party,S,Floor,0,0
R000122,2014Q3,2014,0.5121026924103349,56,Democratic Party,S,Floor,0,0
R000122,2015Q1,2015,0.5549931977497792,88,Democratic Party,S,Floor,1,0
R000122,2015Q2,2015,0.393834750985658,140,Democratic Party,S,Floor,1,0
R000122,2015Q3,2015,0.8860823776656636,131,Democratic Party,S,Floor,1,0
R000122,2015Q4,2015,0.5217033259124884,110,Democratic Party,S,Floor,1,0
R000122,2016Q2,2016,0.810651688763145,128,Democratic Party,S,Floor,1,0
R000122,2016Q3,2016,1.39371498149048,55,Democratic Party,S,Floor,1,0
R000122,2017Q1,2017,0.11374756193158667,216,Democratic Party,S,Floor,1,1
R000122,2017Q2,2017,0.45010914232638904,71,Democratic Party,S,Floor,1,1
R000122,2017Q3,2017,0.514910635740043,160,Democratic Party,S,Floor,1,1
R000122,2017Q4,2017,0.2653459118791344,193,Democratic Party,S,Floor,1,1
R000122,2018Q1,2018,0.33379406571097925,114,Democratic Party,S,Floor,1,1
R000122,2018Q2,2018,0.6916292583731776,94,Democratic Party,S,Floor,1,1
R000122,2018Q3,2018,0.3650890697188792,62,Democratic Party,S,Floor,1,1
R000122,2018Q4,2018,0.07377935747738106,109,Democratic Party,S,Floor,1,1
R000122,2019Q1,2019,0.4677824808032835,152,Democratic Party,S,Floor,1,1
R000122,2019Q2,2019,0.9081600804207226,144,Democratic Party,S,Floor,1,1
R000122,2019Q4,2019,0.5643504619537434,86,Democratic Party,S,Floor,1,1
R000122,2020Q2,2020,0.6270185427821202,59,Democratic Party,S,Floor,1,1
R000122,2020Q3,2020,0.22662705528834398,74,Democratic Party,S,Floor,1,1
R000122,2020Q4,2020,0.3006204769559341,87,Democratic Party,S,Floor,1,1
R000122,2021Q1,2021,0.5041403298605113,41,Democratic Party,S,Floor,1,0
R000122,2021Q2,2021,0.660935281744122,105,Democratic Party,S,Floor,1,0
R000122,2021Q3,2021,0.6572835398241719,42,Democratic Party,S,Floor,1,0
R000122,2021Q4,2021,0.7436279500281118,93,Democratic Party,S,Floor,1,0
R000122,2022Q1,2022,0.45144805636392427,71,Democratic Party,S,Floor,1,0
R000122,2022Q2,2022,0.7065656367987143,110,Democratic Party,S,Floor,1,0
R000122,2022Q3,2022,0.7089917162000859,72,Democratic Party,S,Floor,1,0
R000122,2022Q4,2022,0.9311745513649688,56,Democratic Party,S,Floor,1,0
R000305,2021Q3,2021,0.9164396578301581,41,Democratic Party,H,Floor,0,0
R000305,2022Q1,2022,0.9298864650485091,18,Democratic Party,H,Floor,0,0
R000305,2022Q3,2022,0.8010838843016014,21,Democratic Party,H,Floor,0,0
R000307,2015Q4,2015,-0.5220206018799008,52,Republican Party,S,Floor,0,1
R000307,2018Q2,2018,0.3419963048198497,36,Republican Party,S,Floor,0,0
R000395,2013Q1,2013,0.5693367501001911,29,Republican Party,H,Floor,0,1
R000395,2013Q4,2013,0.14465022530523106,63,Republican Party,H,Floor,0,1
R000395,2014Q2,2014,0.6634772643639807,37,Republican Party,H,Floor,0,1
R000395,2014Q3,2014,0.4486445552015439,42,Republican Party,H,Floor,0,1
R000395,2016Q2,2016,0.945488320558027,39,Republican Party,H,Floor,0,1
R000395,2017Q3,2017,0.4338884797224837,27,Republican Party,H,Floor,0,0
R000395,2019Q2,2019,-0.2544751168412322,17,Republican Party,H,Floor,1,0
R000486,2015Q1,2015,-0.16981805698813918,38,Democratic Party,H,Floor,1,0
R000486,2017Q3,2017,0.3964055415010164,31,Democratic Party,H,Floor,1,1
R000486,2019Q1,2019,0.657091244196008,20,Democratic Party,H,Floor,0,1
R000575,2013Q2,2013,-0.14525251132912678,63,Republican Party,H,Floor,0,1
R000575,2014Q2,2014,0.379352487292257,64,Republican Party,H,Floor,0,1
R000575,2020Q1,2020,-0.1099709205856544,23,Republican Party,H,Floor,1,0
R000575,2021Q3,2021,-0.3942863819239314,22,Republican Party,H,Floor,1,1
R000575,2022Q3,2022,-0.5032606861085274,37,Republican Party,H,Floor,1,1
R000576,2013Q2,2013,0.18631880224334063,39,Democratic Party,H,Floor,1,0
R000576,2014Q2,2014,0.7565167284162598,53,Democratic Party,H,Floor,1,0
R000577,2013Q2,2013,0.0653766728114623,75,Democratic Party,H,Floor,1,0
R000577,2013Q4,2013,-0.1386712351455033,40,Democratic Party,H,Floor,1,0
R000577,2015Q4,2015,0.5103995494962561,22,Democratic Party,H,Floor,1,0
R000582,2013Q1,2013,0.018125672190277678,64,Republican Party,H,Floor,0,1
R000582,2013Q2,2013,-0.30339733065685676,38,Republican Party,H,Floor,0,1
R000582,2013Q4,2013,-0.1302599404644561,65,Republican Party,H,Floor,0,1
R000582,2016Q2,2016,0.1907263334709329,28,Republican Party,H,Floor,0,1
R000582,2016Q4,2016,1.0013903933924682,37,Republican Party,H,Floor,0,1
R000582,2017Q1,2017,0.14967636294305559,80,Republican Party,H,Floor,0,0
R000582,2017Q2,2017,0.6462918972999752,68,Republican Party,H,Floor,0,0
R000582,2017Q3,2017,1.1279273241856769,52,Republican Party,H,Floor,0,0
R000582,2017Q4,2017,0.603679868808558,62,Republican Party,H,Floor,0,0
R000582,2018Q2,2018,0.7281264406201198,70,Republican Party,H,Floor,0,0
R000582,2018Q3,2018,0.6573011705530052,40,Republican Party,H,Floor,0,0
R000582,2019Q1,2019,0.45639003063424755,57,Republican Party,H,Floor,1,0
R000582,2019Q3,2019,-0.28585751752351074,40,Republican Party,H,Floor,1,0
R000582,2019Q4,2019,0.4312650938468676,66,Republican Party,H,Floor,1,0
R000582,2020Q1,2020,0.19302254990408968,29,Republican Party,H,Floor,1,0
R000582,2020Q3,2020,0.7620569142326519,87,Republican Party,H,Floor,1,0
R000584,2014Q2,2014,0.19731915883135306,28,Republican Party,S,Floor,1,1
R000584,2019Q1,2019,0.46223981992157026,42,Republican Party,S,Floor,0,0
R000584,2019Q4,2019,0.18537469109046342,60,Republican Party,S,Floor,0,0
R000584,2020Q1,2020,0.17544637696422444,50,Republican Party,S,Floor,0,0
R000584,2022Q1,2022,0.2752360532691045,44,Republican Party,S,Floor,0,1
R000595,2013Q1,2013,0.03849684548737461,153,Republican Party,S,Floor,1,1
R000595,2013Q2,2013,-0.49459254899357113,202,Republican Party,S,Floor,1,1
R000595,2013Q3,2013,-0.3644300755139647,180,Republican Party,S,Floor,1,1
R000595,2013Q4,2013,-0.40235561490068517,122,Republican Party,S,Floor,1,1
R000595,2014Q2,2014,0.19842902910670898,102,Republican Party,S,Floor,1,1
R000595,2014Q3,2014,-0.22978897081645405,72,Republican Party,S,Floor,1,1
R000595,2015Q3,2015,0.8664973845719438,70,Republican Party,S,Floor,0,1
R000595,2016Q2,2016,-0.31141300624951196,180,Republican Party,S,Floor,0,1
R000595,2016Q3,2016,0.07385519912816027,122,Republican Party,S,Floor,0,1
R000595,2017Q1,2017,-0.162502147989142,160,Republican Party,S,Floor,0,0
R000595,2017Q3,2017,0.10470944839585385,77,Republican Party,S,Floor,0,0
R000595,2017Q4,2017,-0.16937359433503973,187,Republican Party,S,Floor,0,0
R000595,2018Q1,2018,0.11476283481221493,138,Republican Party,S,Floor,0,0
R000595,2018Q2,2018,0.11583136296565535,272,Republican Party,S,Floor,0,0
R000595,2018Q3,2018,-0.12247673740616964,112,Republican Party,S,Floor,0,0
R000595,2019Q1,2019,-0.059050663869938735,236,Republican Party,S,Floor,0,0
R000595,2019Q2,2019,0.5742191478135666,119,Republican Party,S,Floor,0,0
R000595,2019Q4,2019,0.20735244439725325,54,Republican Party,S,Floor,0,0
R000595,2020Q1,2020,-0.05362472528428638,131,Republican Party,S,Floor,0,0
R000595,2020Q2,2020,-0.0025525813840001806,51,Republican Party,S,Floor,0,0
R000595,2020Q3,2020,0.660093214280159,106,Republican Party,S,Floor,0,0
R000599,2017Q4,2017,0.09199978655319259,27,Democratic Party,H,Floor,1,1
R000599,2018Q2,2018,0.7487236261364604,38,Democratic Party,H,Floor,1,1
R000599,2020Q1,2020,0.1585942808340531,25,Democratic Party,H,Floor,0,1
R000599,2020Q3,2020,0.2388436419710145,19,Democratic Party,H,Floor,0,1
R000602,2019Q2,2019,0.6723948437201573,21,Democratic Party,H,Floor,0,1
R000603,2015Q2,2015,0.07613348907588188,15,Republican Party,H,Floor,0,1
R000603,2021Q2,2021,0.4011340276304374,21,Republican Party,H,Floor,1,1
R000606,2017Q1,2017,-0.4041980677181021,152,Democratic Party,H,Floor,1,1
R000606,2017Q2,2017,-0.5011558077524423,124,Democratic Party,H,Floor,1,1
R000606,2017Q3,2017,-0.4817956850829632,48,Democratic Party,H,Floor,1,1
R000606,2017Q4,2017,-0.7142075652028986,170,Democratic Party,H,Floor,1,1
R000606,2018Q1,2018,0.005275970392068557,80,Democratic Party,H,Floor,1,1
R000606,2018Q2,2018,-0.07315867541699232,59,Democratic Party,H,Floor,1,1
R000606,2018Q3,2018,-0.22111763899373604,30,Democratic Party,H,Floor,1,1
R000606,2019Q1,2019,-0.06294997703573715,80,Democratic Party,H,Floor,0,1
R000606,2019Q4,2019,0.32932766733970603,21,Democratic Party,H,Floor,0,1
R000606,2021Q1,2021,-0.5275670605407901,21,Democratic Party,H,Floor,0,0
R000606,2021Q2,2021,0.09920236613984783,59,Democratic Party,H,Floor,0,0
R000606,2022Q1,2022,0.30432577432143204,27,Democratic Party,H,Floor,0,0
R000606,2022Q2,2022,-0.22207441084238763,70,Democratic Party,H,Floor,0,0
R000608,2017Q3,2017,0.4141952449155874,28,Democratic Party,H,Floor,1,1
R000608,2020Q3,2020,0.043605454226234776,48,Democratic Party,S,Floor,1,1
R000609,2018Q2,2018,0.42004269207308836,29,Republican Party,H,Floor,0,0
R000609,2019Q1,2019,-0.2782696210708145,26,Republican Party,H,Floor,1,0
R000609,2021Q4,2021,-0.3438101338102893,16,Republican Party,H,Floor,1,1
R000609,2022Q3,2022,-0.3495912923404888,20,Republican Party,H,Floor,1,1
R000610,2020Q4,2020,0.2305661251787855,16,Republican Party,H,Floor,1,0
R000610,2021Q2,2021,-0.1781230981484813,61,Republican Party,H,Floor,1,1
R000610,2021Q4,2021,-0.4364398854859799,36,Republican Party,H,Floor,1,1
R000610,2022Q1,2022,0.07643866708268043,22,Republican Party,H,Floor,1,1
R000610,2022Q2,2022,0.05849136866583617,37,Republican Party,H,Floor,1,1
R000610,2022Q3,2022,-0.37694727470103784,75,Republican Party,H,Floor,1,1
R000610,2022Q4,2022,-0.5757801012377943,24,Republican Party,H,Floor,1,1
R000612,2021Q4,2021,-1.0600276074555837,22,Republican Party,H,Floor,1,1
R000612,2022Q1,2022,-0.9566771683164405,29,Republican Party,H,Floor,1,1
R000612,2022Q2,2022,-0.5236606633111011,66,Republican Party,H,Floor,1,1
R000612,2022Q3,2022,-0.6080756692964535,38,Republican Party,H,Floor,1,1
R000613,2020Q1,2020,-0.13833275199049724,26,Democratic Party,H,Floor,0,1
R000613,2020Q3,2020,-0.4454050870723431,22,Democratic Party,H,Floor,0,1
R000614,2019Q2,2019,-0.3759791134090852,35,Republican Party,H,Floor,1,0
R000614,2019Q4,2019,-0.250682665520157,41,Republican Party,H,Floor,1,0
R000614,2021Q1,2021,-1.1555726680354537,94,Republican Party,H,Floor,1,1
R000614,2021Q2,2021,-0.6056240135503048,162,Republican Party,H,Floor,1,1
R000614,2021Q4,2021,-0.7867616483643041,115,Republican Party,H,Floor,1,1
R000614,2022Q1,2022,-0.8488626367566248,84,Republican Party,H,Floor,1,1
R000614,2022Q2,2022,-0.5737213729721785,109,Republican Party,H,Floor,1,1
R000614,2022Q3,2022,-0.90612736474471,118,Republican Party,H,Floor,1,1
R000614,2022Q4,2022,-0.8383699077672355,130,Republican Party,H,Floor,1,1
R000616,2019Q1,2019,0.45941609761640156,16,Democratic Party,H,Floor,0,1
R000616,2019Q2,2019,0.47696178037489456,26,Democratic Party,H,Floor,0,1
S000033,2013Q1,2013,-0.4988370645004472,80,Independent,S,Floor,0,0
S000033,2013Q2,2013,0.06716569407043037,234,Independent,S,Floor,0,0
S000033,2013Q3,2013,-0.289034128597589,197,Independent,S,Floor,0,0
S000033,2013Q4,2013,-0.4637187113403458,159,Independent,S,Floor,0,0
S000033,2014Q1,2014,0.3778741919365546,235,Independent,S,Floor,0,0
S000033,2014Q2,2014,0.015763055195124245,196,Independent,S,Floor,0,0
S000033,2014Q3,2014,0.13225635000080596,125,Independent,S,Floor,0,0
S000033,2014Q4,2014,-0.24856298438760324,84,Independent,S,Floor,0,0
S000033,2015Q1,2015,-0.1630572316793051,352,Independent,S,Floor,0,0
S000033,2015Q2,2015,-0.7412425367920666,189,Independent,S,Floor,0,0
S000033,2015Q3,2015,-0.17060621324910477,76,Independent,S,Floor,0,0
S000033,2016Q2,2016,-0.22251905384374737,29,Independent,S,Floor,0,0
S000033,2017Q1,2017,-0.4918468125319127,183,Independent,S,Floor,0,0
S000033,2017Q2,2017,-0.0233267959016078,48,Independent,S,Floor,0,0
S000033,2017Q3,2017,-0.4402650022787989,120,Independent,S,Floor,0,0
S000033,2017Q4,2017,-0.5195295628822061,186,Independent,S,Floor,0,0
S000033,2018Q1,2018,-0.19567764444453187,203,Independent,S,Floor,0,0
S000033,2020Q4,2020,-0.16244639125204305,87,Independent,S,Floor,0,0
S000033,2021Q1,2021,-0.21376305127703957,116,Independent,S,Floor,0,0
S000033,2022Q1,2022,-0.21835319906796719,129,Independent,S,Floor,0,0
S000033,2022Q2,2022,-0.2796764964452577,85,Independent,S,Floor,0,0
S000033,2022Q3,2022,-0.19766084745363616,178,Independent,S,Floor,0,0
S000148,2013Q1,2013,-0.2564575940726061,59,Democratic Party,S,Floor,0,0
S000148,2013Q2,2013,-0.4038499279031494,130,Democratic Party,S,Floor,0,0
S000148,2013Q4,2013,-0.6182783549110006,120,Democratic Party,S,Floor,0,0
S000148,2014Q1,2014,-0.5129077841186381,49,Democratic Party,S,Floor,0,0
S000148,2014Q2,2014,-0.34646026328866425,94,Democratic Party,S,Floor,0,0
S000148,2015Q1,2015,-0.4563498161924601,59,Democratic Party,S,Floor,1,0
S000148,2015Q2,2015,-0.24783782520553493,50,Democratic Party,S,Floor,1,0
S000148,2015Q3,2015,-0.04153555790032373,42,Democratic Party,S,Floor,1,0
S000148,2015Q4,2015,-0.31172134095132964,44,Democratic Party,S,Floor,1,0
S000148,2016Q2,2016,-0.48888902158831427,62,Democratic Party,S,Floor,1,0
S000148,2016Q3,2016,-0.4802474036004646,40,Democratic Party,S,Floor,1,0
S000148,2017Q1,2017,-0.6048736104838424,383,Democratic Party,S,Floor,1,1
S000148,2017Q2,2017,-0.2641525424141271,256,Democratic Party,S,Floor,1,1
S000148,2017Q3,2017,-0.46502051019626084,265,Democratic Party,S,Floor,1,1
S000148,2017Q4,2017,-0.6220573360050703,338,Democratic Party,S,Floor,1,1
S000148,2018Q1,2018,-0.40656578321306347,380,Democratic Party,S,Floor,1,1
S000148,2018Q2,2018,-0.5717098491136455,288,Democratic Party,S,Floor,1,1
S000148,2018Q3,2018,-0.5849408023233187,286,Democratic Party,S,Floor,1,1
S000148,2018Q4,2018,-0.7351805157877492,226,Democratic Party,S,Floor,1,1
S000148,2019Q1,2019,-0.5321489665286255,308,Democratic Party,S,Floor,1,1
S000148,2019Q2,2019,-0.48996344373487916,258,Democratic Party,S,Floor,1,1
S000148,2019Q3,2019,-0.40763075015859224,182,Democratic Party,S,Floor,1,1
S000148,2019Q4,2019,-0.44510560640978925,240,Democratic Party,S,Floor,1,1
S000148,2020Q1,2020,-0.35360928959158844,332,Democratic Party,S,Floor,1,1
S000148,2020Q2,2020,-0.541123148730011,365,Democratic Party,S,Floor,1,1
S000148,2020Q3,2020,-0.7766924448533546,282,Democratic Party,S,Floor,1,1
S000148,2020Q4,2020,-0.5629588263298073,312,Democratic Party,S,Floor,1,1
S000148,2021Q1,2021,-0.3212372938599805,305,Democratic Party,S,Floor,1,0
S000148,2021Q2,2021,-0.27412150482224795,320,Democratic Party,S,Floor,1,0
S000148,2021Q3,2021,-0.3212486868516425,203,Democratic Party,S,Floor,1,0
S000148,2021Q4,2021,0.03749175308268592,180,Democratic Party,S,Floor,1,0
S000148,2022Q1,2022,-0.32924796577520693,357,Democratic Party,S,Floor,1,0
S000148,2022Q2,2022,-0.5608733104013663,267,Democratic Party,S,Floor,1,0
S000148,2022Q3,2022,-0.1795884992589716,167,Democratic Party,S,Floor,1,0
S000148,2022Q4,2022,-0.3096058284875279,89,Democratic Party,S,Floor,1,0
S000185,2013Q1,2013,0.28751942965038146,29,Democratic Party,H,Floor,1,0
S000185,2014Q2,2014,0.49730209125918556,36,Democratic Party,H,Floor,1,0
S000185,2015Q1,2015,0.5448537812167361,80,Democratic Party,H,Floor,1,0
S000185,2015Q4,2015,0.6304576735622723,69,Democratic Party,H,Floor,1,0
S000185,2016Q1,2016,0.7679899675932049,50,Democratic Party,H,Floor,1,0
S000185,2016Q2,2016,0.39048736800256456,54,Democratic Party,H,Floor,1,0
S000185,2016Q3,2016,0.8926247047773249,36,Democratic Party,H,Floor,1,0
S000185,2017Q1,2017,0.5862431823957067,119,Democratic Party,H,Floor,1,1
S000185,2017Q2,2017,0.6512095295834928,59,Democratic Party,H,Floor,1,1
S000185,2017Q3,2017,0.5531324247463412,47,Democratic Party,H,Floor,1,1
S000185,2018Q2,2018,0.3212990755661775,38,Democratic Party,H,Floor,1,1
S000185,2019Q3,2019,0.5588019894399014,40,Democratic Party,H,Floor,0,1
S000185,2019Q4,2019,0.8806467438414548,41,Democratic Party,H,Floor,0,1
S000185,2020Q1,2020,0.6672430867239036,67,Democratic Party,H,Floor,0,1
S000185,2020Q2,2020,0.7472814434778324,24,Democratic Party,H,Floor,0,1
S000185,2020Q3,2020,1.0699974634689609,29,Democratic Party,H,Floor,0,1
S000185,2020Q4,2020,0.8051952732927427,25,Democratic Party,H,Floor,0,1
S000185,2021Q1,2021,0.38743125330008293,43,Democratic Party,H,Floor,0,0
S000185,2021Q2,2021,0.9047177467955322,67,Democratic Party,H,Floor,0,0
S000185,2021Q4,2021,0.8762508597628517,30,Democratic Party,H,Floor,0,0
S000185,2022Q1,2022,1.2257762266317196,21,Democratic Party,H,Floor,0,0
S000185,2022Q2,2022,0.8399972427272167,45,Democratic Party,H,Floor,0,0
S000248,2013Q4,2013,-0.5180195087837317,30,Democratic Party,H,Floor,1,0
S000248,2014Q3,2014,-0.4339330664043109,58,Democratic Party,H,Floor,1,0
S000248,2016Q3,2016,-0.3193985127354458,111,Democratic Party,H,Floor,1,0
S000248,2017Q3,2017,-0.3223597434243161,25,Democratic Party,H,Floor,1,1
S000248,2019Q2,2019,0.31955875480867146,27,Democratic Party,H,Floor,0,1
S000250,2013Q1,2013,0.12086209174825756,60,Republican Party,H,Floor,0,1
S000250,2013Q2,2013,0.036748081295369266,81,Republican Party,H,Floor,0,1
S000250,2013Q3,2013,-0.1913588098235079,102,Republican Party,H,Floor,0,1
S000250,2013Q4,2013,-0.05373409498045755,52,Republican Party,H,Floor,0,1
S000250,2014Q1,2014,-0.009693385733914112,38,Republican Party,H,Floor,0,1
S000250,2014Q2,2014,0.4171496222795079,88,Republican Party,H,Floor,0,1
S000250,2014Q3,2014,0.38143843076259326,37,Republican Party,H,Floor,0,1
S000250,2014Q4,2014,0.20349700578340585,49,Republican Party,H,Floor,0,1
S000250,2015Q1,2015,0.15616935527327347,67,Republican Party,H,Floor,0,1
S000250,2015Q2,2015,-0.014741100018174937,71,Republican Party,H,Floor,0,1
S000250,2015Q3,2015,0.07763265301860499,32,Republican Party,H,Floor,0,1
S000250,2016Q1,2016,0.7579829386445377,35,Republican Party,H,Floor,0,1
S000250,2016Q2,2016,-0.02819269428399466,43,Republican Party,H,Floor,0,1
S000250,2016Q3,2016,0.3596690881303238,25,Republican Party,H,Floor,0,1
S000250,2017Q1,2017,0.19075307508677736,138,Republican Party,H,Floor,0,0
S000250,2017Q2,2017,-0.4259482693427669,20,Republican Party,H,Floor,0,0
S000250,2017Q4,2017,0.08874107426455685,39,Republican Party,H,Floor,0,0
S000250,2018Q1,2018,0.30950325055270467,50,Republican Party,H,Floor,0,0
S000250,2018Q4,2018,0.07783758348597748,50,Republican Party,H,Floor,0,0
S000320,2013Q1,2013,0.34142542861152636,27,Republican Party,S,Floor,1,1
S000320,2016Q2,2016,0.3415375102355921,32,Republican Party,S,Floor,0,1
S000344,2014Q3,2014,0.32988839447859736,44,Democratic Party,H,Floor,1,0
S000344,2015Q2,2015,-0.5789926642104251,53,Democratic Party,H,Floor,1,0
S000344,2015Q4,2015,-0.1251078100933362,17,Democratic Party,H,Floor,1,0
S000344,2016Q1,2016,0.2171082930166247,32,Democratic Party,H,Floor,1,0
S000344,2018Q1,2018,-0.05617959829534128,24,Democratic Party,H,Floor,1,1
S000344,2019Q4,2019,-0.07275886548058041,38,Democratic Party,H,Floor,0,1
S000344,2020Q3,2020,0.35852660094099564,29,Democratic Party,H,Floor,0,1
S000364,2013Q2,2013,0.13195428403648563,25,Republican Party,H,Floor,0,1
S000364,2013Q3,2013,0.0196479273740669,25,Republican Party,H,Floor,0,1
S000364,2015Q3,2015,0.7226754885325137,36,Republican Party,H,Floor,0,1
S000364,2017Q3,2017,0.8602265035503895,38,Republican Party,H,Floor,0,0
S000364,2017Q4,2017,1.4158318895374258,20,Republican Party,H,Floor,0,0
S000364,2018Q1,2018,0.36268792644767517,52,Republican Party,H,Floor,0,0
S000510,2013Q2,2013,-0.36179416842769135,31,Democratic Party,H,Floor,1,0
S000510,2014Q2,2014,-0.08145864488592217,45,Democratic Party,H,Floor,1,0
S000510,2014Q3,2014,-0.009438622614377591,50,Democratic Party,H,Floor,1,0
S000510,2015Q2,2015,-0.48136039143490233,51,Democratic Party,H,Floor,1,0
S000510,2015Q4,2015,-0.34379346292342017,46,Democratic Party,H,Floor,1,0
S000510,2016Q2,2016,-0.02424937239171111,49,Democratic Party,H,Floor,1,0
S000510,2017Q3,2017,0.18952564745662848,62,Democratic Party,H,Floor,1,1
S000510,2019Q3,2019,-0.05939843229199546,62,Democratic Party,H,Floor,0,1
S000770,2013Q1,2013,-0.2578728217834881,71,Democratic Party,S,Floor,0,0
S000770,2013Q2,2013,0.19538124795548503,174,Democratic Party,S,Floor,0,0
S000770,2013Q3,2013,-0.21594802511859063,97,Democratic Party,S,Floor,0,0
S000770,2013Q4,2013,-0.17217464137972313,81,Democratic Party,S,Floor,0,0
S000770,2014Q1,2014,0.4565193185776762,92,Democratic Party,S,Floor,0,0
S000770,2014Q2,2014,-0.3818691775043288,78,Democratic Party,S,Floor,0,0
S000770,2014Q4,2014,-0.33481569683120327,53,Democratic Party,S,Floor,0,0
S000770,2015Q1,2015,-0.549195463350392,88,Democratic Party,S,Floor,1,0
S000770,2015Q2,2015,-0.3757274680505543,179,Democratic Party,S,Floor,1,0
S000770,2015Q4,2015,0.04349833841884769,53,Democratic Party,S,Floor,1,0
S000770,2016Q1,2016,-0.1732162077615242,74,Democratic Party,S,Floor,1,0
S000770,2016Q2,2016,-0.22857841741365942,36,Democratic Party,S,Floor,1,0
S000770,2016Q3,2016,0.06116418379415946,105,Democratic Party,S,Floor,1,0
S000770,2017Q1,2017,-0.26563630514620745,152,Democratic Party,S,Floor,1,1
S000770,2017Q3,2017,-0.2265792496066147,53,Democratic Party,S,Floor,1,1
S000770,2017Q4,2017,-0.12775773711642155,120,Democratic Party,S,Floor,1,1
S000770,2018Q2,2018,0.2143621695169548,51,Democratic Party,S,Floor,1,1
S000770,2018Q4,2018,0.47235779824783886,79,Democratic Party,S,Floor,1,1
S000770,2019Q2,2019,-0.19412797277059668,79,Democratic Party,S,Floor,1,1
S000770,2019Q4,2019,-0.2916332449129271,67,Democratic Party,S,Floor,1,1
S000770,2020Q3,2020,-0.41900918128923,80,Democratic Party,S,Floor,1,1
S000770,2020Q4,2020,-0.4301765851428661,84,Democratic Party,S,Floor,1,1
S000770,2021Q2,2021,0.1377750642203374,64,Democratic Party,S,Floor,1,0
S000770,2022Q1,2022,-0.15512383710384944,42,Democratic Party,S,Floor,1,0
S000770,2022Q2,2022,0.005670571064461732,66,Democratic Party,S,Floor,1,0
S001135,2021Q2,2021,-0.15110343554094807,16,Republican Party,H,Floor,1,1
S001145,2013Q2,2013,-0.6286985236367715,28,Democratic Party,H,Floor,1,0
S001145,2013Q3,2013,-0.16562671809079083,29,Democratic Party,H,Floor,1,0
S001145,2015Q1,2015,-0.5931231810342457,14,Democratic Party,H,Floor,1,0
S001145,2015Q4,2015,0.05769796465283672,36,Democratic Party,H,Floor,1,0
S001145,2016Q1,2016,0.05350349641137783,32,Democratic Party,H,Floor,1,0
S001145,2016Q3,2016,0.8151979825131433,65,Democratic Party,H,Floor,1,0
S001145,2016Q4,2016,0.9973855918415145,27,Democratic Party,H,Floor,1,0
S001145,2017Q1,2017,-0.4158527352589032,35,Democratic Party,H,Floor,1,1
S001145,2017Q2,2017,-0.267836274682942,31,Democratic Party,H,Floor,1,1
S001145,2017Q3,2017,0.9515880557853962,17,Democratic Party,H,Floor,1,1
S001145,2017Q4,2017,-0.652585978993921,26,Democratic Party,H,Floor,1,1
S001145,2018Q1,2018,0.2792452731584294,41,Democratic Party,H,Floor,1,1
S001145,2019Q4,2019,0.4624591110348694,48,Democratic Party,H,Floor,0,1
S001145,2020Q1,2020,-0.017583079212101747,32,Democratic Party,H,Floor,0,1
S001145,2021Q1,2021,-0.490642563031181,15,Democratic Party,H,Floor,0,0
S001145,2021Q2,2021,0.33048453298523334,36,Democratic Party,H,Floor,0,0
S001145,2022Q3,2022,0.4206498790928478,23,Democratic Party,H,Floor,0,0
S001148,2013Q4,2013,0.1363044609938891,30,Republican Party,H,Floor,0,1
S001148,2014Q3,2014,0.4973819262556341,82,Republican Party,H,Floor,0,1
S001148,2015Q2,2015,0.5057117762168952,74,Republican Party,H,Floor,0,1
S001148,2016Q2,2016,0.27408835143438626,65,Republican Party,H,Floor,0,1
S001148,2018Q2,2018,0.8047845295707033,43,Republican Party,H,Floor,0,0
S001150,2014Q2,2014,0.6537330660786154,37,Democratic Party,H,Floor,1,0
S001150,2015Q2,2015,0.12535441363192304,98,Democratic Party,H,Floor,1,0
S001150,2018Q3,2018,0.655722799785941,27,Democratic Party,H,Floor,1,1
S001150,2019Q3,2019,1.021024318445633,36,Democratic Party,H,Floor,0,1
S001150,2019Q4,2019,0.032054484570538194,39,Democratic Party,H,Floor,0,1
S001150,2021Q4,2021,0.3155020510419619,13,Democratic Party,H,Floor,0,0
S001157,2013Q2,2013,-0.2929278662169102,25,Democratic Party,H,Floor,1,0
S001157,2015Q2,2015,-0.2924032307804588,29,Democratic Party,H,Floor,1,0
S001157,2018Q1,2018,-0.12312142778226176,16,Democratic Party,H,Floor,1,1
S001157,2019Q4,2019,0.13524464457230548,23,Democratic Party,H,Floor,0,1
S001168,2016Q2,2016,0.14013212471989384,29,Democratic Party,H,Floor,1,0
S001168,2019Q1,2019,-0.19662027740721644,22,Democratic Party,H,Floor,0,1
S001172,2016Q2,2016,0.11157095055094436,14,Republican Party,H,Floor,0,1
S001172,2017Q1,2017,0.18716670490798856,16,Republican Party,H,Floor,0,0
S001172,2017Q2,2017,1.3334328209577124,15,Republican Party,H,Floor,0,0
S001172,2019Q4,2019,0.44518737003115383,18,Republican Party,H,Floor,1,0
S001175,2013Q2,2013,0.08730862090814133,27,Democratic Party,H,Floor,1,0
S001175,2013Q3,2013,-0.22438433658609705,29,Democratic Party,H,Floor,1,0
S001175,2013Q4,2013,0.24366475361590675,56,Democratic Party,H,Floor,1,0
S001175,2016Q2,2016,-0.6686415928708566,30,Democratic Party,H,Floor,1,0
S001175,2016Q3,2016,-0.19345023117226737,50,Democratic Party,H,Floor,1,0
S001175,2021Q4,2021,0.2661369313524183,22,Democratic Party,H,Floor,0,0
S001176,2013Q3,2013,-0.13443351114433516,35,Republican Party,H,Floor,0,1
S001176,2016Q1,2016,-0.15007400050631237,19,Republican Party,H,Floor,0,1
S001176,2019Q1,2019,-0.0683524094088686,162,Republican Party,H,Floor,1,0
S001176,2019Q2,2019,0.24169705868461422,104,Republican Party,H,Floor,1,0
S001176,2019Q3,2019,0.014408100954790112,120,Republican Party,H,Floor,1,0
S001176,2019Q4,2019,0.022891941753054746,134,Republican Party,H,Floor,1,0
S001176,2020Q1,2020,0.1901051597291587,72,Republican Party,H,Floor,1,0
S001176,2020Q2,2020,-0.10854612256017539,37,Republican Party,H,Floor,1,0
S001176,2020Q3,2020,-0.22422999513850064,39,Republican Party,H,Floor,1,0
S001176,2020Q4,2020,-0.13212199572214325,61,Republican Party,H,Floor,1,0
S001176,2021Q1,2021,-0.24787259706678821,52,Republican Party,H,Floor,1,1
S001176,2021Q2,2021,0.0189009370252431,57,Republican Party,H,Floor,1,1
S001176,2021Q3,2021,-0.22291948110476487,40,Republican Party,H,Floor,1,1
S001176,2021Q4,2021,-0.09564191046698504,65,Republican Party,H,Floor,1,1
S001176,2022Q1,2022,0.14310720489409778,66,Republican Party,H,Floor,1,1
S001176,2022Q2,2022,0.23680508603489342,53,Republican Party,H,Floor,1,1
S001176,2022Q3,2022,-0.0553170580526712,60,Republican Party,H,Floor,1,1
S001180,2017Q4,2017,-0.3662155476822663,19,Democratic Party,H,Floor,1,1
S001181,2013Q1,2013,0.2352640684266723,59,Democratic Party,S,Floor,0,0
S001181,2013Q2,2013,0.22361834586059026,80,Democratic Party,S,Floor,0,0
S001181,2013Q3,2013,0.5236323899925311,133,Democratic Party,S,Floor,0,0
S001181,2013Q4,2013,0.1273197789860858,126,Democratic Party,S,Floor,0,0
S001181,2014Q1,2014,0.24709225430879053,82,Democratic Party,S,Floor,0,0
S001181,2014Q2,2014,0.39710378671249236,60,Democratic Party,S,Floor,0,0
S001181,2014Q3,2014,0.14987874247861774,54,Democratic Party,S,Floor,0,0
S001181,2015Q1,2015,-0.11356632035874838,131,Democratic Party,S,Floor,1,0
S001181,2015Q2,2015,0.20899356031862557,66,Democratic Party,S,Floor,1,0
S001181,2015Q3,2015,0.2891494661629142,40,Democratic Party,S,Floor,1,0
S001181,2015Q4,2015,0.2633350485421028,86,Democratic Party,S,Floor,1,0
S001181,2016Q1,2016,0.3856282814461661,103,Democratic Party,S,Floor,1,0
S001181,2016Q2,2016,0.4189687063347853,71,Democratic Party,S,Floor,1,0
S001181,2016Q3,2016,0.2832653849143574,57,Democratic Party,S,Floor,1,0
S001181,2017Q1,2017,0.014807786103093142,172,Democratic Party,S,Floor,1,1
S001181,2017Q3,2017,0.17946185040229018,50,Democratic Party,S,Floor,1,1
S001181,2018Q1,2018,0.009850634561438091,59,Democratic Party,S,Floor,1,1
S001181,2019Q1,2019,-0.16866302837656066,47,Democratic Party,S,Floor,1,1
S001181,2019Q4,2019,0.33349738948286006,86,Democratic Party,S,Floor,1,1
S001181,2021Q4,2021,0.20686254916972982,58,Democratic Party,S,Floor,1,0
S001181,2022Q1,2022,0.13121614627901804,70,Democratic Party,S,Floor,1,0
S001183,2016Q1,2016,0.122110084847243,73,Republican Party,H,Floor,0,1
S001183,2018Q2,2018,0.3667328388997493,63,Republican Party,H,Floor,0,0
S001183,2019Q1,2019,0.39166204944853916,104,Republican Party,H,Floor,1,0
S001183,2019Q2,2019,0.3861499052022203,155,Republican Party,H,Floor,1,0
S001183,2020Q1,2020,0.11935402380218374,217,Republican Party,H,Floor,1,0
S001183,2021Q1,2021,0.0576607132957974,97,Republican Party,H,Floor,1,1
S001183,2021Q2,2021,-0.12812091873930917,107,Republican Party,H,Floor,1,1
S001183,2021Q3,2021,-0.5919126809847964,77,Republican Party,H,Floor,1,1
S001183,2021Q4,2021,-0.5556104225758454,161,Republican Party,H,Floor,1,1
S001183,2022Q1,2022,-0.43806098616103767,208,Republican Party,H,Floor,1,1
S001184,2017Q4,2017,-0.03800355379164241,57,Republican Party,S,Floor,0,0
S001185,2013Q2,2013,-0.04230206922652838,35,Democratic Party,H,Floor,1,0
S001185,2015Q1,2015,-0.26802169087823224,45,Democratic Party,H,Floor,1,0
S001185,2015Q2,2015,0.4510590317063041,28,Democratic Party,H,Floor,1,0
S001185,2015Q4,2015,0.322965672055625,28,Democratic Party,H,Floor,1,0
S001185,2016Q1,2016,0.30597701141978045,28,Democratic Party,H,Floor,1,0
S001185,2019Q4,2019,-0.17786960330825874,44,Democratic Party,H,Floor,0,1
S001187,2015Q2,2015,1.0261045128607509,19,Republican Party,H,Floor,0,1
S001187,2015Q4,2015,-0.3776618479841289,32,Republican Party,H,Floor,0,1
S001187,2016Q1,2016,-0.00703850639808105,21,Republican Party,H,Floor,0,1
S001187,2016Q2,2016,0.2616472558777354,36,Republican Party,H,Floor,0,1
S001187,2019Q2,2019,0.3884749640095064,19,Republican Party,H,Floor,1,0
S001189,2015Q2,2015,0.3699998468706967,29,Republican Party,H,Floor,0,1
S001190,2013Q2,2013,0.7689458890701005,26,Democratic Party,H,Floor,1,0
S001190,2013Q4,2013,0.20303679961078866,37,Democratic Party,H,Floor,1,0
S001190,2017Q1,2017,-0.08220364186404722,21,Democratic Party,H,Floor,1,1
S001190,2017Q2,2017,0.3408668814405286,12,Democratic Party,H,Floor,1,1
S001190,2017Q3,2017,0.04335208178440681,11,Democratic Party,H,Floor,1,1
S001190,2017Q4,2017,0.037339364180709475,36,Democratic Party,H,Floor,1,1
S001190,2018Q1,2018,0.1103217747065937,19,Democratic Party,H,Floor,1,1
S001190,2018Q2,2018,0.7008718268667498,26,Democratic Party,H,Floor,1,1
S001190,2019Q1,2019,-0.1423259747041524,23,Democratic Party,H,Floor,0,1
S001190,2019Q2,2019,0.3754399171733181,23,Democratic Party,H,Floor,0,1
S001190,2019Q4,2019,0.6664108617756023,42,Democratic Party,H,Floor,0,1
S001190,2022Q3,2022,0.016536612923907696,55,Democratic Party,H,Floor,0,0
S001191,2016Q3,2016,0.7352645122032864,23,Democratic Party,H,Floor,1,0
S001192,2014Q3,2014,0.33825026739751485,20,Republican Party,H,Floor,0,1
S001192,2014Q4,2014,0.6790531571177835,22,Republican Party,H,Floor,0,1
S001193,2013Q2,2013,0.2083030946179631,60,Democratic Party,H,Floor,1,0
S001193,2013Q3,2013,0.09929698130763474,30,Democratic Party,H,Floor,1,0
S001193,2013Q4,2013,0.28710765738860694,47,Democratic Party,H,Floor,1,0
S001193,2014Q1,2014,-0.0762367517910217,31,Democratic Party,H,Floor,1,0
S001193,2015Q1,2015,-0.18250326510499876,55,Democratic Party,H,Floor,1,0
S001193,2015Q2,2015,0.35912052483817236,48,Democratic Party,H,Floor,1,0
S001193,2015Q4,2015,0.418040873096908,50,Democratic Party,H,Floor,1,0
S001193,2016Q1,2016,-0.16533561405325242,10,Democratic Party,H,Floor,1,0
S001193,2016Q2,2016,-0.24316977943044787,19,Democratic Party,H,Floor,1,0
S001193,2017Q1,2017,-0.17930879993440405,28,Democratic Party,H,Floor,1,1
S001194,2017Q1,2017,-0.2250760069483651,358,Democratic Party,S,Floor,1,1
S001194,2019Q1,2019,-0.37084728509822074,68,Democratic Party,S,Floor,1,1
S001195,2021Q1,2021,-0.35752900199339227,70,Republican Party,H,Floor,1,1
S001195,2021Q4,2021,-0.32550741400646166,40,Republican Party,H,Floor,1,1
S001195,2022Q3,2022,0.12036159310482564,24,Republican Party,H,Floor,1,1
S001198,2015Q2,2015,-0.07838541053016557,77,Republican Party,S,Floor,0,1
S001198,2015Q4,2015,-0.2425819919200381,123,Republican Party,S,Floor,0,1
S001198,2016Q1,2016,-0.020658407056757776,59,Republican Party,S,Floor,0,1
S001198,2016Q2,2016,-0.09144011722206893,144,Republican Party,S,Floor,0,1
S001198,2016Q3,2016,-0.08904221454748362,72,Republican Party,S,Floor,0,1
S001198,2017Q1,2017,0.11357638309127775,102,Republican Party,S,Floor,0,0
S001198,2017Q2,2017,0.24411254800635782,97,Republican Party,S,Floor,0,0
S001198,2017Q4,2017,0.2182813669499681,144,Republican Party,S,Floor,0,0
S001198,2018Q1,2018,0.16479435811540083,142,Republican Party,S,Floor,0,0
S001198,2018Q2,2018,0.1881754964276088,129,Republican Party,S,Floor,0,0
S001198,2018Q4,2018,0.29728219423434876,154,Republican Party,S,Floor,0,0
S001198,2019Q1,2019,-0.00453836732628792,118,Republican Party,S,Floor,0,0
S001198,2020Q3,2020,-0.1781941764756329,75,Republican Party,S,Floor,0,0
S001198,2021Q1,2021,-0.19183274753834736,171,Republican Party,S,Floor,0,1
S001198,2021Q2,2021,-0.09382741429186565,150,Republican Party,S,Floor,0,1
S001198,2021Q4,2021,-0.03584125257269284,152,Republican Party,S,Floor,0,1
S001198,2022Q1,2022,-0.12645034473700822,146,Republican Party,S,Floor,0,1
S001198,2022Q2,2022,0.11613675104436305,137,Republican Party,S,Floor,0,1
S001198,2022Q3,2022,-0.12922959557436264,171,Republican Party,S,Floor,0,1
S001199,2017Q2,2017,0.7873130981000349,24,Republican Party,H,Floor,0,0
S001199,2019Q1,2019,0.1038590217183554,18,Republican Party,H,Floor,1,0
S001199,2019Q2,2019,-0.062297159006853606,16,Republican Party,H,Floor,1,0
S001200,2017Q1,2017,0.2644030567004501,28,Democratic Party,H,Floor,1,1
S001200,2017Q2,2017,-0.6473573128386955,22,Democratic Party,H,Floor,1,1
S001200,2017Q4,2017,0.8975386204345389,41,Democratic Party,H,Floor,1,1
S001200,2018Q1,2018,0.5877966088514871,100,Democratic Party,H,Floor,1,1
S001200,2018Q2,2018,0.43613714449112134,76,Democratic Party,H,Floor,1,1
S001200,2019Q1,2019,0.5384675387256251,69,Democratic Party,H,Floor,0,1
S001200,2019Q2,2019,0.6195726534693589,43,Democratic Party,H,Floor,0,1
S001200,2019Q3,2019,0.5885282884133294,31,Democratic Party,H,Floor,0,1
S001200,2020Q1,2020,0.6050037602299497,55,Democratic Party,H,Floor,0,1
S001200,2020Q3,2020,0.549685498118495,35,Democratic Party,H,Floor,0,1
S001200,2021Q1,2021,0.7233299135237551,48,Democratic Party,H,Floor,0,0
S001200,2021Q2,2021,0.6967505677116739,55,Democratic Party,H,Floor,0,0
S001200,2022Q1,2022,0.7729166860407831,69,Democratic Party,H,Floor,0,0
S001201,2019Q4,2019,-0.35612388199770567,27,Democratic Party,H,Floor,0,1
S001201,2020Q1,2020,0.1675764950246045,26,Democratic Party,H,Floor,0,1
S001201,2021Q2,2021,-0.05312159857740262,35,Democratic Party,H,Floor,0,0
S001203,2019Q2,2019,0.24576978304734148,101,Democratic Party,S,Floor,1,1
S001205,2019Q1,2019,0.14285119420017622,28,Democratic Party,H,Floor,0,1
S001205,2019Q2,2019,0.7548209156298986,53,Democratic Party,H,Floor,0,1
S001205,2020Q1,2020,0.5761441130281812,54,Democratic Party,H,Floor,0,1
S001205,2020Q3,2020,0.3002856058881563,46,Democratic Party,H,Floor,0,1
S001205,2020Q4,2020,0.18611952784929015,42,Democratic Party,H,Floor,0,1
S001205,2021Q1,2021,0.09509836374234436,55,Democratic Party,H,Floor,0,0
S001205,2021Q2,2021,0.18229995491748416,36,Democratic Party,H,Floor,0,0
S001205,2021Q3,2021,0.5708605479807942,18,Democratic Party,H,Floor,0,0
S001205,2021Q4,2021,-0.3442967257262023,31,Democratic Party,H,Floor,0,0
S001205,2022Q1,2022,0.6796842255032646,44,Democratic Party,H,Floor,0,0
S001205,2022Q2,2022,0.26133861992720414,25,Democratic Party,H,Floor,0,0
S001208,2019Q4,2019,0.7725942242080598,26,Democratic Party,H,Floor,0,1
S001208,2021Q2,2021,0.5409422960125997,44,Democratic Party,H,Floor,0,0
S001209,2019Q2,2019,0.9458549206631442,21,Democratic Party,H,Floor,0,1
S001209,2020Q1,2020,0.2973759469902724,20,Democratic Party,H,Floor,0,1
S001209,2022Q2,2022,0.6844270168572191,36,Democratic Party,H,Floor,0,0
S001210,2019Q1,2019,-0.22937895853268242,20,Republican Party,H,Floor,1,0
S001210,2019Q2,2019,0.06541048872557502,24,Republican Party,H,Floor,1,0
S001210,2019Q3,2019,0.38482526081957646,19,Republican Party,H,Floor,1,0
S001210,2019Q4,2019,0.11191224547922184,25,Republican Party,H,Floor,1,0
S001210,2020Q1,2020,0.2652568878693836,20,Republican Party,H,Floor,1,0
S001210,2020Q3,2020,-0.42174834068087985,16,Republican Party,H,Floor,1,0
S001210,2020Q4,2020,0.018765816760581554,20,Republican Party,H,Floor,1,0
S001212,2021Q1,2021,-0.4593001758795365,26,Republican Party,H,Floor,1,1
S001213,2019Q4,2019,0.2019872494821608,14,Republican Party,H,Floor,1,0
S001213,2022Q3,2022,0.06949658358714848,22,Republican Party,H,Floor,1,1
S001215,2019Q4,2019,0.003204651535642852,39,Democratic Party,H,Floor,0,1
S001215,2020Q3,2020,-0.02659995675870427,54,Democratic Party,H,Floor,0,1
S001215,2022Q2,2022,0.6406206523929935,29,Democratic Party,H,Floor,0,0
S001216,2019Q2,2019,0.8402053077455756,25,Democratic Party,H,Floor,0,1
S001216,2022Q3,2022,0.21221764157531592,23,Democratic Party,H,Floor,0,0
S001217,2019Q4,2019,-0.3227373294129914,31,Republican Party,S,Floor,0,0
S001217,2020Q2,2020,-0.46778512160273505,54,Republican Party,S,Floor,0,0
S001217,2020Q3,2020,-0.8801295494107398,61,Republican Party,S,Floor,0,0
S001217,2020Q4,2020,-0.9683270149018066,38,Republican Party,S,Floor,0,0
S001217,2021Q1,2021,-0.8226013908398243,62,Republican Party,S,Floor,0,1
S001217,2021Q2,2021,-0.6665399347025802,141,Republican Party,S,Floor,0,1
S001217,2021Q3,2021,-0.9078243048758466,69,Republican Party,S,Floor,0,1
S001217,2021Q4,2021,-0.8308162734520701,98,Republican Party,S,Floor,0,1
S001217,2022Q1,2022,-0.9258099693979254,88,Republican Party,S,Floor,0,1
S001217,2022Q2,2022,-0.7224496658652888,36,Republican Party,S,Floor,0,1
S001217,2022Q3,2022,-0.8326110811797133,60,Republican Party,S,Floor,0,1
T000165,2021Q3,2021,-0.14756326850704266,18,Republican Party,H,Floor,1,1
T000165,2022Q2,2022,-0.6785811669148873,19,Republican Party,H,Floor,1,1
T000193,2014Q3,2014,0.6001126090078348,31,Democratic Party,H,Floor,1,0
T000193,2014Q4,2014,0.4821058810710207,29,Democratic Party,H,Floor,1,0
T000193,2015Q2,2015,0.6894877644101609,35,Democratic Party,H,Floor,1,0
T000193,2016Q2,2016,0.910567893899061,41,Democratic Party,H,Floor,1,0
T000193,2020Q1,2020,0.4213707947147223,23,Democratic Party,H,Floor,0,1
T000193,2021Q3,2021,1.1469088627708115,31,Democratic Party,H,Floor,0,0
T000193,2022Q2,2022,0.40937109667796645,37,Democratic Party,H,Floor,0,0
T000238,2014Q2,2014,0.05405903792639326,25,Republican Party,H,Floor,0,1
T000238,2015Q4,2015,0.5661259094683437,56,Republican Party,H,Floor,0,1
T000238,2018Q2,2018,0.4011553611491194,33,Republican Party,H,Floor,0,0
T000250,2013Q1,2013,-0.032478313261370684,136,Republican Party,S,Floor,1,1
T000250,2013Q2,2013,0.1358932856400256,152,Republican Party,S,Floor,1,1
T000250,2013Q3,2013,0.07050477923880283,140,Republican Party,S,Floor,1,1
T000250,2013Q4,2013,-0.051452333015485845,207,Republican Party,S,Floor,1,1
T000250,2014Q1,2014,-0.04394643881481653,137,Republican Party,S,Floor,1,1
T000250,2014Q2,2014,0.09721958384222755,192,Republican Party,S,Floor,1,1
T000250,2014Q3,2014,0.012128836479222969,116,Republican Party,S,Floor,1,1
T000250,2014Q4,2014,0.013904863126963046,73,Republican Party,S,Floor,1,1
T000250,2015Q1,2015,0.059420778365149876,113,Republican Party,S,Floor,0,1
T000250,2015Q2,2015,0.3219099688581645,127,Republican Party,S,Floor,0,1
T000250,2015Q3,2015,0.4872383310633222,165,Republican Party,S,Floor,0,1
T000250,2015Q4,2015,0.2288847794405944,107,Republican Party,S,Floor,0,1
T000250,2016Q1,2016,0.23117679611311176,68,Republican Party,S,Floor,0,1
T000250,2016Q2,2016,0.5991649825052976,155,Republican Party,S,Floor,0,1
T000250,2016Q3,2016,0.2893458772012248,83,Republican Party,S,Floor,0,1
T000250,2017Q1,2017,-0.027677416335603708,90,Republican Party,S,Floor,0,0
T000250,2017Q2,2017,0.4504717613328989,101,Republican Party,S,Floor,0,0
T000250,2017Q3,2017,0.7742561399603777,76,Republican Party,S,Floor,0,0
T000250,2017Q4,2017,0.5238922609225105,182,Republican Party,S,Floor,0,0
T000250,2018Q1,2018,0.20537882601329877,100,Republican Party,S,Floor,0,0
T000250,2018Q2,2018,0.5402678488280589,112,Republican Party,S,Floor,0,0
T000250,2018Q3,2018,0.33374522110747007,69,Republican Party,S,Floor,0,0
T000250,2018Q4,2018,0.23209978257657107,72,Republican Party,S,Floor,0,0
T000250,2019Q1,2019,-0.3358388451152257,155,Republican Party,S,Floor,0,0
T000250,2019Q2,2019,0.17319320393183596,140,Republican Party,S,Floor,0,0
T000250,2019Q3,2019,0.5383862756171105,107,Republican Party,S,Floor,0,0
T000250,2019Q4,2019,0.23545047601652425,131,Republican Party,S,Floor,0,0
T000250,2020Q1,2020,0.1525781039166631,116,Republican Party,S,Floor,0,0
T000250,2020Q2,2020,0.46257250439649267,143,Republican Party,S,Floor,0,0
T000250,2020Q3,2020,-0.1535762694999833,150,Republican Party,S,Floor,0,0
T000250,2020Q4,2020,-0.06759913560953064,144,Republican Party,S,Floor,0,0
T000250,2021Q1,2021,-0.32072232989355975,173,Republican Party,S,Floor,0,1
T000250,2021Q2,2021,-0.4158405377790023,213,Republican Party,S,Floor,0,1
T000250,2021Q3,2021,-0.7310601695174936,135,Republican Party,S,Floor,0,1
T000250,2021Q4,2021,-0.4658907199893104,138,Republican Party,S,Floor,0,1
T000250,2022Q1,2022,-0.5212931143677155,226,Republican Party,S,Floor,0,1
T000250,2022Q2,2022,-0.23410640163476018,184,Republican Party,S,Floor,0,1
T000250,2022Q3,2022,-0.46331299877397664,177,Republican Party,S,Floor,0,1
T000250,2022Q4,2022,0.09811029375461591,53,Republican Party,S,Floor,0,1
T000460,2015Q2,2015,0.3119690829220452,22,Democratic Party,H,Floor,1,0
T000460,2016Q3,2016,-0.04244317980827618,66,Democratic Party,H,Floor,1,0
T000460,2017Q4,2017,-0.16210202267512394,29,Democratic Party,H,Floor,1,1
T000460,2019Q4,2019,0.43723452459847445,23,Democratic Party,H,Floor,0,1
T000461,2013Q1,2013,-0.005172158432335572,89,Republican Party,S,Floor,1,1
T000461,2013Q2,2013,-0.10448901897230245,107,Republican Party,S,Floor,1,1
T000461,2014Q1,2014,-0.28099284443141526,83,Republican Party,S,Floor,1,1
T000461,2015Q3,2015,-0.3022983264188164,54,Republican Party,S,Floor,0,1
T000461,2015Q4,2015,-0.3083602964418295,101,Republican Party,S,Floor,0,1
T000461,2016Q2,2016,-0.07986704423546563,153,Republican Party,S,Floor,0,1
T000461,2017Q4,2017,0.042374682531660296,135,Republican Party,S,Floor,0,0
T000461,2018Q2,2018,0.19146864870892472,117,Republican Party,S,Floor,0,0
T000463,2013Q2,2013,0.44882317010268624,39,Republican Party,H,Floor,0,1
T000464,2013Q2,2013,-0.032703938047004215,52,Democratic Party,S,Floor,0,0
T000464,2014Q3,2014,-0.19159253843791818,59,Democratic Party,S,Floor,0,0
T000464,2015Q2,2015,-0.335267963265371,37,Democratic Party,S,Floor,1,0
T000464,2015Q4,2015,-0.03378003023908797,65,Democratic Party,S,Floor,1,0
T000464,2016Q1,2016,-0.6473310314496707,25,Democratic Party,S,Floor,1,0
T000464,2017Q1,2017,-0.3730274283465513,89,Democratic Party,S,Floor,1,1
T000464,2017Q2,2017,0.062254801766779895,61,Democratic Party,S,Floor,1,1
T000464,2017Q3,2017,0.21280116333911922,41,Democratic Party,S,Floor,1,1
T000464,2017Q4,2017,-0.08841487140095795,58,Democratic Party,S,Floor,1,1
T000464,2018Q1,2018,-0.18705557071614032,70,Democratic Party,S,Floor,1,1
T000464,2018Q3,2018,0.10866624945958822,42,Democratic Party,S,Floor,1,1
T000464,2018Q4,2018,-0.21950198709796595,47,Democratic Party,S,Floor,1,1
T000464,2019Q1,2019,-0.27878408803312216,54,Democratic Party,S,Floor,1,1
T000464,2021Q4,2021,-0.24554355504598602,38,Democratic Party,S,Floor,1,0
T000464,2022Q1,2022,0.08701333331454274,35,Democratic Party,S,Floor,1,0
T000464,2022Q2,2022,-0.020609243063563747,81,Democratic Party,S,Floor,1,0
T000464,2022Q3,2022,-0.00422131424576759,33,Democratic Party,S,Floor,1,0
T000467,2013Q1,2013,0.25151081233776384,26,Republican Party,H,Floor,0,1
T000467,2013Q2,2013,0.2959456188803438,60,Republican Party,H,Floor,0,1
T000467,2013Q3,2013,0.44597666967140465,50,Republican Party,H,Floor,0,1
T000467,2013Q4,2013,0.01852578835740423,64,Republican Party,H,Floor,0,1
T000467,2014Q1,2014,0.5847980301680711,67,Republican Party,H,Floor,0,1
T000467,2014Q2,2014,0.6079397786729307,67,Republican Party,H,Floor,0,1
T000467,2014Q3,2014,0.9182409810130827,41,Republican Party,H,Floor,0,1
T000467,2014Q4,2014,0.5823063326070681,32,Republican Party,H,Floor,0,1
T000467,2015Q1,2015,0.39656967677148686,51,Republican Party,H,Floor,0,1
T000467,2015Q2,2015,0.6070881901211959,46,Republican Party,H,Floor,0,1
T000467,2015Q3,2015,0.6043909200706167,57,Republican Party,H,Floor,0,1
T000467,2015Q4,2015,0.6487193310367578,96,Republican Party,H,Floor,0,1
T000467,2016Q1,2016,0.7932259823278486,50,Republican Party,H,Floor,0,1
T000467,2016Q2,2016,0.6406572952108953,72,Republican Party,H,Floor,0,1
T000467,2016Q3,2016,0.8544665622177771,57,Republican Party,H,Floor,0,1
T000467,2016Q4,2016,1.0087953507871068,14,Republican Party,H,Floor,0,1
T000467,2017Q1,2017,0.8786524049195279,90,Republican Party,H,Floor,0,0
T000467,2017Q2,2017,0.615654352398246,89,Republican Party,H,Floor,0,0
T000467,2017Q3,2017,1.313147352988758,63,Republican Party,H,Floor,0,0
T000467,2017Q4,2017,0.9052871588534354,137,Republican Party,H,Floor,0,0
T000467,2018Q1,2018,0.6375442091186033,77,Republican Party,H,Floor,0,0
T000467,2018Q2,2018,0.6889066882016245,178,Republican Party,H,Floor,0,0
T000467,2018Q3,2018,0.953898474500867,73,Republican Party,H,Floor,0,0
T000467,2018Q4,2018,0.654810960374866,22,Republican Party,H,Floor,0,0
T000467,2019Q1,2019,0.8061754974197535,85,Republican Party,H,Floor,1,0
T000467,2019Q2,2019,0.8690882320081891,64,Republican Party,H,Floor,1,0
T000467,2019Q3,2019,0.9119886129910024,43,Republican Party,H,Floor,1,0
T000467,2019Q4,2019,0.5781428898744113,56,Republican Party,H,Floor,1,0
T000467,2020Q1,2020,0.746658025437962,57,Republican Party,H,Floor,1,0
T000467,2020Q3,2020,0.7355326594532507,48,Republican Party,H,Floor,1,0
T000467,2020Q4,2020,0.4278639810681826,40,Republican Party,H,Floor,1,0
T000467,2021Q1,2021,0.7380192029853535,34,Republican Party,H,Floor,1,1
T000467,2021Q2,2021,0.3431778941912768,49,Republican Party,H,Floor,1,1
T000467,2021Q3,2021,0.23020650541170862,27,Republican Party,H,Floor,1,1
T000467,2021Q4,2021,0.4359414018395033,27,Republican Party,H,Floor,1,1
T000467,2022Q1,2022,0.3368548631345791,47,Republican Party,H,Floor,1,1
T000467,2022Q2,2022,0.4209445356300656,59,Republican Party,H,Floor,1,1
T000467,2022Q3,2022,0.5433878421684895,29,Republican Party,H,Floor,1,1
T000467,2022Q4,2022,0.8693711305886795,25,Republican Party,H,Floor,1,1
T000468,2013Q2,2013,0.24010988586151985,22,Democratic Party,H,Floor,1,0
T000468,2013Q3,2013,0.5284965157052748,44,Democratic Party,H,Floor,1,0
T000468,2013Q4,2013,0.476383916099668,19,Democratic Party,H,Floor,1,0
T000468,2014Q2,2014,0.40374317735757975,35,Democratic Party,H,Floor,1,0
T000468,2014Q3,2014,0.2007853096482685,30,Democratic Party,H,Floor,1,0
T000468,2015Q2,2015,0.6244170615621494,38,Democratic Party,H,Floor,1,0
T000468,2018Q2,2018,-0.1704395764328846,23,Democratic Party,H,Floor,1,1
T000469,2013Q1,2013,0.22853685135037255,28,Democratic Party,H,Floor,1,0
T000469,2013Q2,2013,0.29463462132264956,57,Democratic Party,H,Floor,1,0
T000469,2013Q3,2013,0.2883029123035203,59,Democratic Party,H,Floor,1,0
T000469,2013Q4,2013,0.3124770471012738,75,Democratic Party,H,Floor,1,0
T000469,2014Q1,2014,0.4651505735347251,67,Democratic Party,H,Floor,1,0
T000469,2014Q2,2014,0.41483244837488187,38,Democratic Party,H,Floor,1,0
T000469,2014Q3,2014,0.38929185083923146,69,Democratic Party,H,Floor,1,0
T000469,2014Q4,2014,0.09142453511179525,44,Democratic Party,H,Floor,1,0
T000469,2015Q1,2015,-0.2704740284314491,69,Democratic Party,H,Floor,1,0
T000469,2015Q2,2015,0.2752747669460658,40,Democratic Party,H,Floor,1,0
T000469,2015Q3,2015,0.3973334090816462,49,Democratic Party,H,Floor,1,0
T000469,2015Q4,2015,0.8262970709024122,51,Democratic Party,H,Floor,1,0
T000469,2016Q1,2016,0.3690126153574509,48,Democratic Party,H,Floor,1,0
T000469,2016Q2,2016,0.26913615201093577,45,Democratic Party,H,Floor,1,0
T000469,2016Q3,2016,0.11998599584750272,49,Democratic Party,H,Floor,1,0
T000469,2017Q1,2017,0.11320138405778325,35,Democratic Party,H,Floor,1,1
T000469,2017Q3,2017,0.5883842712028697,76,Democratic Party,H,Floor,1,1
T000469,2017Q4,2017,-0.12894904846796448,27,Democratic Party,H,Floor,1,1
T000469,2018Q1,2018,0.01207231345066445,37,Democratic Party,H,Floor,1,1
T000469,2018Q2,2018,0.3288845991099222,44,Democratic Party,H,Floor,1,1
T000469,2018Q4,2018,0.7829017977027837,35,Democratic Party,H,Floor,1,1
T000469,2019Q1,2019,0.24764473115013047,27,Democratic Party,H,Floor,0,1
T000470,2013Q2,2013,0.27589188341500726,47,Republican Party,H,Floor,0,1
T000470,2014Q1,2014,0.25419410942114784,31,Republican Party,H,Floor,0,1
T000470,2018Q1,2018,0.8895431627222803,35,Republican Party,H,Floor,0,0
T000470,2019Q4,2019,0.6322438466200078,34,Republican Party,H,Floor,1,0
T000470,2020Q1,2020,0.8972733658037847,26,Republican Party,H,Floor,1,0
T000472,2013Q1,2013,-0.3335458032193695,17,Democratic Party,H,Floor,1,0
T000472,2013Q2,2013,-0.12430450158544407,50,Democratic Party,H,Floor,1,0
T000472,2013Q4,2013,-0.18645355045951656,57,Democratic Party,H,Floor,1,0
T000472,2014Q2,2014,-0.07121327341140879,30,Democratic Party,H,Floor,1,0
T000472,2015Q3,2015,-0.2546562995242564,34,Democratic Party,H,Floor,1,0
T000472,2015Q4,2015,-0.0007381397145415146,17,Democratic Party,H,Floor,1,0
T000472,2016Q1,2016,0.8214229611007046,28,Democratic Party,H,Floor,1,0
T000472,2016Q2,2016,0.13536765197753237,26,Democratic Party,H,Floor,1,0
T000472,2016Q3,2016,0.4374067490132216,81,Democratic Party,H,Floor,1,0
T000472,2016Q4,2016,1.1756907383662873,51,Democratic Party,H,Floor,1,0
T000472,2017Q1,2017,-0.1597953474156025,30,Democratic Party,H,Floor,1,1
T000472,2017Q3,2017,0.590074115689113,26,Democratic Party,H,Floor,1,1
T000472,2017Q4,2017,1.5092795291614838,17,Democratic Party,H,Floor,1,1
T000472,2018Q2,2018,0.21630349497832269,24,Democratic Party,H,Floor,1,1
T000472,2018Q3,2018,0.8068399067758171,25,Democratic Party,H,Floor,1,1
T000472,2019Q1,2019,0.6980322750664011,73,Democratic Party,H,Floor,0,1
T000472,2019Q2,2019,0.5498980659019624,27,Democratic Party,H,Floor,0,1
T000472,2019Q4,2019,0.9419507123260249,81,Democratic Party,H,Floor,0,1
T000472,2020Q1,2020,0.6443120192457751,41,Democratic Party,H,Floor,0,1
T000472,2020Q3,2020,0.834887099263914,49,Democratic Party,H,Floor,0,1
T000472,2020Q4,2020,0.7683354251034726,18,Democratic Party,H,Floor,0,1
T000472,2021Q2,2021,0.8605334411991057,71,Democratic Party,H,Floor,0,0
T000472,2021Q3,2021,0.47121299842576736,39,Democratic Party,H,Floor,0,0
T000472,2021Q4,2021,0.7583034249564851,49,Democratic Party,H,Floor,0,0
T000472,2022Q1,2022,0.6861198226683112,76,Democratic Party,H,Floor,0,0
T000472,2022Q2,2022,0.8290746946718167,19,Democratic Party,H,Floor,0,0
T000472,2022Q3,2022,0.49431947842180485,74,Democratic Party,H,Floor,0,0
T000472,2022Q4,2022,0.8217497463886395,115,Democratic Party,H,Floor,0,0
T000474,2017Q4,2017,0.5471584371773451,21,Democratic Party,H,Floor,1,1
T000474,2018Q2,2018,-0.26390407148572576,55,Democratic Party,H,Floor,1,1
T000474,2019Q1,2019,0.18796137304029317,36,Democratic Party,H,Floor,0,1
T000474,2019Q4,2019,0.02766179806508719,25,Democratic Party,H,Floor,0,1
T000474,2021Q1,2021,0.5434736422589371,55,Democratic Party,H,Floor,0,0
T000476,2015Q2,2015,-0.04817664998451088,64,Republican Party,S,Floor,0,1
T000476,2016Q3,2016,-0.08716555724796704,71,Republican Party,S,Floor,0,1
T000476,2017Q4,2017,0.11079921231985564,62,Republican Party,S,Floor,0,0
T000476,2018Q1,2018,-0.0160206930212823,121,Republican Party,S,Floor,0,0
T000476,2018Q2,2018,-0.6309084394436791,84,Republican Party,S,Floor,0,0
T000476,2018Q3,2018,-0.36151518667658955,50,Republican Party,S,Floor,0,0
T000476,2019Q4,2019,-0.012237510669782632,48,Republican Party,S,Floor,0,0
T000478,2017Q2,2017,0.08319792896665268,28,Republican Party,H,Floor,0,0
T000478,2017Q3,2017,0.465729407088873,28,Republican Party,H,Floor,0,0
T000478,2017Q4,2017,0.4100524938902557,50,Republican Party,H,Floor,0,0
T000478,2018Q1,2018,0.31260760086690853,41,Republican Party,H,Floor,0,0
T000478,2018Q2,2018,-0.08951300834637738,76,Republican Party,H,Floor,0,0
T000478,2018Q4,2018,-0.3402258015310692,57,Republican Party,H,Floor,0,0
T000478,2021Q1,2021,0.15021833049617822,18,Republican Party,H,Floor,1,1
T000478,2021Q2,2021,0.09725031428960118,63,Republican Party,H,Floor,1,1
T000478,2022Q1,2022,-0.7033054184461757,38,Republican Party,H,Floor,1,1
T000478,2022Q2,2022,0.25382679914983225,26,Republican Party,H,Floor,1,1
T000479,2019Q4,2019,0.6353652305867566,14,Republican Party,H,Floor,1,0
T000481,2019Q1,2019,-0.13070906141133795,33,Democratic Party,H,Floor,0,1
T000481,2019Q2,2019,-0.10429686145394271,23,Democratic Party,H,Floor,0,1
T000481,2019Q4,2019,-0.10330654820464968,23,Democratic Party,H,Floor,0,1
T000481,2020Q1,2020,-0.37878907597018147,75,Democratic Party,H,Floor,0,1
T000481,2021Q1,2021,-0.4975536474364949,20,Democratic Party,H,Floor,0,0
T000481,2021Q2,2021,-0.20378058976825073,27,Democratic Party,H,Floor,0,0
T000481,2021Q3,2021,-0.3729834069491724,33,Democratic Party,H,Floor,0,0
T000481,2021Q4,2021,0.10219114143219395,28,Democratic Party,H,Floor,0,0
T000481,2022Q1,2022,0.09457190670439838,27,Democratic Party,H,Floor,0,0
T000481,2022Q2,2022,0.1573858036686015,21,Democratic Party,H,Floor,0,0
T000481,2022Q3,2022,0.15238485467532395,26,Democratic Party,H,Floor,0,0
T000483,2022Q2,2022,1.0913033768713376,29,Democratic Party,H,Floor,0,0
T000484,2019Q2,2019,0.9072044467508424,18,Democratic Party,H,Floor,0,1
T000484,2020Q1,2020,1.1934870184381545,36,Democratic Party,H,Floor,0,1
T000486,2021Q1,2021,-0.508509267240801,21,Democratic Party,H,Floor,0,0
T000486,2021Q2,2021,-0.049577408137879635,43,Democratic Party,H,Floor,0,0
U000031,2013Q4,2013,-0.039327821397335275,32,Republican Party,H,Floor,0,1
U000031,2014Q1,2014,0.2508488278265003,36,Republican Party,H,Floor,0,1
U000031,2014Q3,2014,0.1348633069854925,22,Republican Party,H,Floor,0,1
U000031,2015Q1,2015,0.3650892676402706,24,Republican Party,H,Floor,0,1
U000031,2015Q4,2015,0.22508917420682711,44,Republican Party,H,Floor,0,1
U000031,2016Q1,2016,0.22755207495441976,22,Republican Party,H,Floor,0,1
U000031,2016Q3,2016,0.1966156748594051,32,Republican Party,H,Floor,0,1
U000031,2016Q4,2016,0.45188087897997675,27,Republican Party,H,Floor,0,1
U000031,2017Q3,2017,1.1290862416514278,27,Republican Party,H,Floor,0,0
U000039,2013Q1,2013,0.049317781053077075,94,Democratic Party,S,Floor,0,0
U000039,2013Q2,2013,0.083727643669712,52,Democratic Party,S,Floor,0,0
U000039,2015Q1,2015,0.08020177898467196,69,Democratic Party,S,Floor,1,0
U000039,2015Q3,2015,0.3061950054914405,69,Democratic Party,S,Floor,1,0
U000039,2015Q4,2015,0.09270604229617772,100,Democratic Party,S,Floor,1,0
U000039,2016Q2,2016,0.09088923209516638,76,Democratic Party,S,Floor,1,0
U000039,2017Q1,2017,-0.2463044649326005,200,Democratic Party,S,Floor,1,1
U000039,2017Q3,2017,0.11594305302016034,59,Democratic Party,S,Floor,1,1
U000039,2018Q3,2018,0.4688511241282628,56,Democratic Party,S,Floor,1,1
U000039,2019Q1,2019,-0.1376856727344587,104,Democratic Party,S,Floor,1,1
U000039,2019Q2,2019,0.1938509449591204,76,Democratic Party,S,Floor,1,1
U000039,2019Q4,2019,0.1850534136255708,54,Democratic Party,S,Floor,1,1
U000040,2019Q1,2019,0.39113077096595994,21,Democratic Party,H,Floor,0,1
U000040,2020Q3,2020,0.9814604604839954,26,Democratic Party,H,Floor,0,1
V000081,2015Q3,2015,0.5806355852046066,24,Democratic Party,H,Floor,1,0
V000081,2016Q2,2016,0.46210645108036297,26,Democratic Party,H,Floor,1,0
V000081,2016Q3,2016,0.20596058203480416,36,Democratic Party,H,Floor,1,0
V000081,2017Q1,2017,0.16615093275754755,25,Democratic Party,H,Floor,1,1
V000081,2018Q1,2018,0.3479860968306583,25,Democratic Party,H,Floor,1,1
V000081,2018Q2,2018,0.4073319834716983,34,Democratic Party,H,Floor,1,1
V000081,2018Q3,2018,0.41322016152276775,23,Democratic Party,H,Floor,1,1
V000081,2019Q1,2019,0.5770350820504918,36,Democratic Party,H,Floor,0,1
V000081,2020Q1,2020,0.5021987030319054,25,Democratic Party,H,Floor,0,1
V000081,2020Q3,2020,0.680642384462862,23,Democratic Party,H,Floor,0,1
V000081,2021Q1,2021,0.21342074573535774,19,Democratic Party,H,Floor,0,0
V000081,2022Q2,2022,0.9043251740443293,46,Democratic Party,H,Floor,0,0
V000128,2013Q1,2013,0.22973158852837036,189,Democratic Party,H,Floor,1,0
V000128,2013Q2,2013,-0.27858243343494854,35,Democratic Party,H,Floor,1,0
V000128,2013Q3,2013,-0.3172782855200125,28,Democratic Party,H,Floor,1,0
V000128,2013Q4,2013,-0.018002679564682898,45,Democratic Party,H,Floor,1,0
V000128,2014Q2,2014,0.06669837123237918,156,Democratic Party,H,Floor,1,0
V000128,2014Q3,2014,-0.22989890497600338,29,Democratic Party,H,Floor,1,0
V000128,2015Q1,2015,-0.38342839064574086,121,Democratic Party,H,Floor,1,0
V000128,2015Q2,2015,-0.19650013788289594,50,Democratic Party,H,Floor,1,0
V000128,2015Q3,2015,0.2755018655320322,49,Democratic Party,H,Floor,1,0
V000128,2015Q4,2015,-0.12592693486298978,39,Democratic Party,H,Floor,1,0
V000128,2016Q1,2016,0.15400356157874742,37,Democratic Party,H,Floor,1,0
V000128,2017Q1,2017,-0.026792248387699724,289,Democratic Party,S,Floor,1,1
V000128,2017Q2,2017,-0.02954328602247143,105,Democratic Party,S,Floor,1,1
V000128,2017Q3,2017,-0.21301602663517896,90,Democratic Party,S,Floor,1,1
V000128,2017Q4,2017,-0.2430041158623295,149,Democratic Party,S,Floor,1,1
V000128,2018Q1,2018,0.29059648278706524,56,Democratic Party,S,Floor,1,1
V000128,2018Q3,2018,0.1400395397099742,66,Democratic Party,S,Floor,1,1
V000128,2018Q4,2018,-0.14379038761735624,81,Democratic Party,S,Floor,1,1
V000128,2019Q1,2019,-0.1258362750027906,188,Democratic Party,S,Floor,1,1
V000128,2019Q3,2019,0.07271600000690184,56,Democratic Party,S,Floor,1,1
V000128,2019Q4,2019,0.12444486144713597,111,Democratic Party,S,Floor,1,1
V000128,2020Q1,2020,0.15122184759944213,92,Democratic Party,S,Floor,1,1
V000128,2020Q3,2020,-0.1463952242749953,128,Democratic Party,S,Floor,1,1
V000128,2020Q4,2020,-0.2480626265579779,130,Democratic Party,S,Floor,1,1
V000128,2021Q1,2021,0.017884155495628114,91,Democratic Party,S,Floor,1,0
V000128,2021Q2,2021,-0.3356621236939349,46,Democratic Party,S,Floor,1,0
V000128,2021Q4,2021,0.4649589706428572,86,Democratic Party,S,Floor,1,0
V000129,2014Q1,2014,-0.3161663562357808,38,Republican Party,H,Floor,0,1
V000130,2013Q2,2013,-1.013199011300431,102,Democratic Party,H,Floor,1,0
V000131,2013Q2,2013,0.28371548854534195,25,Democratic Party,H,Floor,1,0
V000131,2013Q3,2013,0.12218196450790199,44,Democratic Party,H,Floor,1,0
V000131,2013Q4,2013,-0.04059175618714265,23,Democratic Party,H,Floor,1,0
V000131,2014Q1,2014,0.36389378542124806,11,Democratic Party,H,Floor,1,0
V000131,2014Q2,2014,-0.33141429290455654,14,Democratic Party,H,Floor,1,0
V000131,2015Q2,2015,0.1416253386970295,14,Democratic Party,H,Floor,1,0
V000131,2015Q3,2015,-0.36998292120415,32,Democratic Party,H,Floor,1,0
V000131,2015Q4,2015,-0.20346988639673505,32,Democratic Party,H,Floor,1,0
V000131,2016Q1,2016,0.06081120183424948,23,Democratic Party,H,Floor,1,0
V000131,2016Q2,2016,-0.32540488050996375,26,Democratic Party,H,Floor,1,0
V000131,2017Q1,2017,-0.08066222259732023,114,Democratic Party,H,Floor,1,1
V000131,2017Q2,2017,-0.42266207347477214,52,Democratic Party,H,Floor,1,1
V000131,2017Q4,2017,-0.08971298879300355,43,Democratic Party,H,Floor,1,1
W000187,2013Q2,2013,0.048608868355592166,77,Democratic Party,H,Floor,1,0
W000187,2013Q4,2013,-0.3169076338946589,36,Democratic Party,H,Floor,1,0
W000187,2014Q1,2014,0.07749275566430609,37,Democratic Party,H,Floor,1,0
W000187,2014Q2,2014,0.2700824550203938,29,Democratic Party,H,Floor,1,0
W000187,2014Q3,2014,0.16149951934076728,60,Democratic Party,H,Floor,1,0
W000187,2015Q1,2015,0.19555130974402596,39,Democratic Party,H,Floor,1,0
W000187,2015Q2,2015,-0.44783767789210466,101,Democratic Party,H,Floor,1,0
W000187,2015Q3,2015,0.3955525700302504,49,Democratic Party,H,Floor,1,0
W000187,2015Q4,2015,-0.1776387249692786,124,Democratic Party,H,Floor,1,0
W000187,2016Q2,2016,-0.2777232670621546,75,Democratic Party,H,Floor,1,0
W000187,2017Q1,2017,-0.09601013900964059,62,Democratic Party,H,Floor,1,1
W000187,2017Q2,2017,0.1318273313025454,24,Democratic Party,H,Floor,1,1
W000187,2017Q3,2017,-0.030012585296294265,36,Democratic Party,H,Floor,1,1
W000187,2017Q4,2017,0.05721194476679566,246,Democratic Party,H,Floor,1,1
W000187,2018Q1,2018,-0.008001127929987872,240,Democratic Party,H,Floor,1,1
W000187,2018Q2,2018,-0.1335701793722054,98,Democratic Party,H,Floor,1,1
W000187,2018Q3,2018,0.5754596026215834,46,Democratic Party,H,Floor,1,1
W000187,2019Q1,2019,0.12971536038822826,28,Democratic Party,H,Floor,0,1
W000187,2019Q2,2019,0.36188800164619667,51,Democratic Party,H,Floor,0,1
W000187,2019Q3,2019,1.1620578724606985,42,Democratic Party,H,Floor,0,1
W000187,2019Q4,2019,0.32169195591974875,79,Democratic Party,H,Floor,0,1
W000187,2020Q2,2020,0.29941225346802525,52,Democratic Party,H,Floor,0,1
W000187,2021Q1,2021,0.9555489591684586,45,Democratic Party,H,Floor,0,0
W000187,2021Q2,2021,0.43953629779232556,86,Democratic Party,H,Floor,0,0
W000187,2022Q3,2022,1.0802052268833466,35,Democratic Party,H,Floor,0,0
W000437,2013Q4,2013,0.328046437294455,37,Republican Party,S,Floor,1,1
W000437,2015Q4,2015,-0.04271418404584743,38,Republican Party,S,Floor,0,1
W000437,2016Q2,2016,0.3055466645230745,54,Republican Party,S,Floor,0,1
W000437,2018Q1,2018,0.03413581410178486,50,Republican Party,S,Floor,0,0
W000437,2018Q2,2018,0.26007667735051304,37,Republican Party,S,Floor,0,0
W000437,2021Q2,2021,0.568911471273773,48,Republican Party,S,Floor,0,1
W000437,2021Q3,2021,0.12390534935578987,40,Republican Party,S,Floor,0,1
W000779,2013Q1,2013,0.4632255237135026,101,Democratic Party,S,Floor,0,0
W000779,2013Q2,2013,0.12509574475302457,205,Democratic Party,S,Floor,0,0
W000779,2013Q3,2013,0.6542640703924365,178,Democratic Party,S,Floor,0,0
W000779,2013Q4,2013,0.27973345468316074,56,Democratic Party,S,Floor,0,0
W000779,2014Q1,2014,0.429764977012778,94,Democratic Party,S,Floor,0,0
W000779,2014Q2,2014,0.43524449550968575,118,Democratic Party,S,Floor,0,0
W000779,2014Q3,2014,0.19417042414767197,84,Democratic Party,S,Floor,0,0
W000779,2014Q4,2014,-0.03763865730689548,56,Democratic Party,S,Floor,0,0
W000779,2015Q1,2015,0.38612899989866295,115,Democratic Party,S,Floor,1,0
W000779,2015Q2,2015,0.17803784644755677,369,Democratic Party,S,Floor,1,0
W000779,2015Q3,2015,0.2880090063065477,147,Democratic Party,S,Floor,1,0
W000779,2015Q4,2015,0.04010105468390762,119,Democratic Party,S,Floor,1,0
W000779,2016Q1,2016,0.018667204031307647,105,Democratic Party,S,Floor,1,0
W000779,2016Q2,2016,0.05944041393615639,176,Democratic Party,S,Floor,1,0
W000779,2016Q3,2016,-0.0660002626533465,74,Democratic Party,S,Floor,1,0
W000779,2016Q4,2016,-0.10346778798766809,61,Democratic Party,S,Floor,1,0
W000779,2017Q1,2017,0.08145587325070772,440,Democratic Party,S,Floor,1,1
W000779,2017Q2,2017,-0.20044221666939324,185,Democratic Party,S,Floor,1,1
W000779,2017Q3,2017,-0.25604887480593064,187,Democratic Party,S,Floor,1,1
W000779,2017Q4,2017,-0.4426996353630132,296,Democratic Party,S,Floor,1,1
W000779,2018Q1,2018,-0.26080556459273196,196,Democratic Party,S,Floor,1,1
W000779,2018Q2,2018,-0.1654550904339748,140,Democratic Party,S,Floor,1,1
W000779,2018Q3,2018,-0.025023086074888866,135,Democratic Party,S,Floor,1,1
W000779,2018Q4,2018,-0.20417746293628525,137,Democratic Party,S,Floor,1,1
W000779,2019Q1,2019,-0.14478421249284168,150,Democratic Party,S,Floor,1,1
W000779,2019Q2,2019,0.22048995894952106,137,Democratic Party,S,Floor,1,1
W000779,2019Q3,2019,-0.3629473972779789,88,Democratic Party,S,Floor,1,1
W000779,2019Q4,2019,-0.023004310834974343,80,Democratic Party,S,Floor,1,1
W000779,2020Q1,2020,-0.3882108462894529,67,Democratic Party,S,Floor,1,1
W000779,2020Q2,2020,-0.16332433236376143,82,Democratic Party,S,Floor,1,1
W000779,2020Q3,2020,-0.39999913854725344,181,Democratic Party,S,Floor,1,1
W000779,2020Q4,2020,0.09483533385053676,80,Democratic Party,S,Floor,1,1
W000779,2021Q1,2021,-0.004761473814496539,124,Democratic Party,S,Floor,1,0
W000779,2021Q2,2021,0.44025163201588285,39,Democratic Party,S,Floor,1,0
W000779,2021Q4,2021,0.13306355757671412,67,Democratic Party,S,Floor,1,0
W000779,2022Q1,2022,-0.1580993829979329,69,Democratic Party,S,Floor,1,0
W000779,2022Q3,2022,-0.03198903357653976,91,Democratic Party,S,Floor,1,0
W000788,2022Q1,2022,0.24864495784348506,24,Democratic Party,H,Floor,0,0
W000791,2013Q3,2013,-0.051041291292172955,32,Republican Party,H,Floor,0,1
W000791,2016Q2,2016,0.17987929229853056,77,Republican Party,H,Floor,0,1
W000791,2017Q1,2017,0.43300673196623557,40,Republican Party,H,Floor,0,0
W000791,2017Q4,2017,0.6639440165721797,68,Republican Party,H,Floor,0,0
W000791,2018Q1,2018,0.36681980474114934,82,Republican Party,H,Floor,0,0
W000791,2018Q2,2018,0.8725422611311887,154,Republican Party,H,Floor,0,0
W000791,2018Q3,2018,0.8578123022281343,53,Republican Party,H,Floor,0,0
W000791,2018Q4,2018,0.8285776598276928,34,Republican Party,H,Floor,0,0
W000791,2019Q2,2019,0.23648615469854636,114,Republican Party,H,Floor,1,0
W000791,2019Q4,2019,0.15166808765558212,80,Republican Party,H,Floor,1,0
W000791,2020Q1,2020,0.3373039670251262,67,Republican Party,H,Floor,1,0
W000791,2020Q3,2020,0.6745466764027003,92,Republican Party,H,Floor,1,0
W000791,2020Q4,2020,0.6007851392503971,108,Republican Party,H,Floor,1,0
W000795,2013Q2,2013,-0.006109784530699506,22,Republican Party,H,Floor,0,1
W000795,2014Q2,2014,-0.5473171999155774,22,Republican Party,H,Floor,0,1
W000795,2015Q1,2015,0.15069629684025715,22,Republican Party,H,Floor,0,1
W000795,2015Q2,2015,0.1539160777777051,38,Republican Party,H,Floor,0,1
W000795,2015Q3,2015,-0.6563383174951695,24,Republican Party,H,Floor,0,1
W000795,2015Q4,2015,-0.29156133700060033,38,Republican Party,H,Floor,0,1
W000795,2016Q1,2016,-0.5918926778995436,35,Republican Party,H,Floor,0,1
W000795,2016Q2,2016,0.00928886946265745,37,Republican Party,H,Floor,0,1
W000795,2016Q3,2016,0.03502308906905626,24,Republican Party,H,Floor,0,1
W000795,2016Q4,2016,-0.46778807978045556,20,Republican Party,H,Floor,0,1
W000795,2017Q1,2017,-0.17358692078139915,32,Republican Party,H,Floor,0,0
W000795,2017Q2,2017,0.21682959906700283,27,Republican Party,H,Floor,0,0
W000795,2017Q3,2017,0.20187977317898204,34,Republican Party,H,Floor,0,0
W000795,2017Q4,2017,-0.008601715053521492,33,Republican Party,H,Floor,0,0
W000795,2018Q1,2018,-0.04383084447387228,43,Republican Party,H,Floor,0,0
W000795,2018Q2,2018,0.036759842020983445,53,Republican Party,H,Floor,0,0
W000795,2018Q3,2018,-0.043250759436630204,16,Republican Party,H,Floor,0,0
W000795,2019Q1,2019,0.5339881975565804,15,Republican Party,H,Floor,1,0
W000795,2019Q2,2019,0.32128098243434694,11,Republican Party,H,Floor,1,0
W000795,2019Q3,2019,0.5573335073718314,31,Republican Party,H,Floor,1,0
W000795,2019Q4,2019,0.1891029204868073,22,Republican Party,H,Floor,1,0
W000795,2020Q1,2020,-0.12799828785761,25,Republican Party,H,Floor,1,0
W000795,2020Q3,2020,-0.3439544396595971,13,Republican Party,H,Floor,1,0
W000795,2020Q4,2020,-0.030814782398612888,24,Republican Party,H,Floor,1,0
W000795,2021Q3,2021,-0.45818822000120807,16,Republican Party,H,Floor,1,1
W000795,2021Q4,2021,-1.3149579723855533,11,Republican Party,H,Floor,1,1
W000795,2022Q1,2022,-0.6841733878672328,22,Republican Party,H,Floor,1,1
W000795,2022Q2,2022,-0.0779987718733727,40,Republican Party,H,Floor,1,1
W000795,2022Q4,2022,-0.44109409771571517,16,Republican Party,H,Floor,1,1
W000797,2014Q2,2014,0.5860435742509281,25,Democratic Party,H,Floor,1,0
W000797,2015Q2,2015,0.04936581442751096,30,Democratic Party,H,Floor,1,0
W000797,2016Q2,2016,-0.23788431527110088,51,Democratic Party,H,Floor,1,0
W000797,2017Q3,2017,0.16384386577408475,31,Democratic Party,H,Floor,1,1
W000797,2017Q4,2017,-0.6499313266673815,26,Democratic Party,H,Floor,1,1
W000797,2018Q2,2018,0.18956372691424617,36,Democratic Party,H,Floor,1,1
W000797,2019Q1,2019,-0.12040959735260796,34,Democratic Party,H,Floor,0,1
W000797,2019Q2,2019,0.5446447388780569,36,Democratic Party,H,Floor,0,1
W000797,2020Q3,2020,0.09675812436704219,31,Democratic Party,H,Floor,0,1
W000797,2021Q1,2021,-0.2420660424188214,23,Democratic Party,H,Floor,0,0
W000797,2022Q1,2022,0.10769116105447658,46,Democratic Party,H,Floor,0,0
W000798,2013Q2,2013,-0.8709751265809969,49,Republican Party,H,Floor,0,1
W000798,2013Q3,2013,-0.43374576784430197,27,Republican Party,H,Floor,0,1
W000798,2014Q2,2014,0.06783994585542588,21,Republican Party,H,Floor,0,1
W000798,2014Q3,2014,0.29378851609634155,24,Republican Party,H,Floor,0,1
W000798,2015Q1,2015,-0.029046526027948924,27,Republican Party,H,Floor,0,1
W000798,2015Q2,2015,0.3206195433105081,16,Republican Party,H,Floor,0,1
W000798,2015Q3,2015,-0.14557430897672247,23,Republican Party,H,Floor,0,1
W000798,2016Q1,2016,0.2624118853266631,29,Republican Party,H,Floor,0,1
W000798,2016Q2,2016,0.15563036863501314,14,Republican Party,H,Floor,0,1
W000798,2016Q3,2016,0.43778671504447275,34,Republican Party,H,Floor,0,1
W000798,2017Q1,2017,0.38442007588081734,45,Republican Party,H,Floor,0,0
W000798,2017Q3,2017,0.246027797602188,17,Republican Party,H,Floor,0,0
W000798,2018Q1,2018,-0.08676631338692731,21,Republican Party,H,Floor,0,0
W000798,2019Q2,2019,-0.13430298086014922,17,Republican Party,H,Floor,1,0
W000798,2020Q1,2020,-0.24368219702385355,18,Republican Party,H,Floor,1,0
W000798,2022Q2,2022,0.34535829213404806,34,Republican Party,H,Floor,1,1
W000800,2014Q2,2014,-0.14201613732306548,34,Democratic Party,H,Floor,1,0
W000800,2014Q3,2014,0.2887704947295486,25,Democratic Party,H,Floor,1,0
W000800,2014Q4,2014,-0.2613383812606511,24,Democratic Party,H,Floor,1,0
W000800,2016Q2,2016,0.255918801656989,23,Democratic Party,H,Floor,1,0
W000800,2017Q1,2017,-0.02062418768777675,24,Democratic Party,H,Floor,1,1
W000802,2013Q1,2013,0.08274889219901929,299,Democratic Party,S,Floor,0,0
W000802,2013Q2,2013,0.04503929763518271,248,Democratic Party,S,Floor,0,0
W000802,2013Q3,2013,0.10843658918861031,101,Democratic Party,S,Floor,0,0
W000802,2013Q4,2013,-0.2365224638557936,206,Democratic Party,S,Floor,0,0
W000802,2014Q1,2014,-0.09639147396527728,151,Democratic Party,S,Floor,0,0
W000802,2014Q2,2014,0.0634543511151102,185,Democratic Party,S,Floor,0,0
W000802,2014Q3,2014,-0.3182790171027036,104,Democratic Party,S,Floor,0,0
W000802,2014Q4,2014,0.22990905364585643,81,Democratic Party,S,Floor,0,0
W000802,2015Q1,2015,-0.12242755456224487,168,Democratic Party,S,Floor,1,0
W000802,2015Q2,2015,-0.05704877079710939,145,Democratic Party,S,Floor,1,0
W000802,2015Q3,2015,0.14248594701779876,153,Democratic Party,S,Floor,1,0
W000802,2015Q4,2015,-0.1418978724027438,214,Democratic Party,S,Floor,1,0
W000802,2016Q1,2016,0.09564868702683448,149,Democratic Party,S,Floor,1,0
W000802,2016Q2,2016,-0.22419811031560247,178,Democratic Party,S,Floor,1,0
W000802,2016Q3,2016,-0.16174028582039898,116,Democratic Party,S,Floor,1,0
W000802,2017Q1,2017,-0.0561113633884284,367,Democratic Party,S,Floor,1,1
W000802,2017Q2,2017,0.1309229972707816,130,Democratic Party,S,Floor,1,1
W000802,2017Q3,2017,-0.14579905232855134,164,Democratic Party,S,Floor,1,1
W000802,2017Q4,2017,0.003894604706333955,155,Democratic Party,S,Floor,1,1
W000802,2018Q1,2018,-0.04500234001054139,218,Democratic Party,S,Floor,1,1
W000802,2018Q2,2018,-0.03916704802506955,185,Democratic Party,S,Floor,1,1
W000802,2018Q3,2018,-0.15123895035953785,165,Democratic Party,S,Floor,1,1
W000802,2018Q4,2018,-0.14289954262598628,158,Democratic Party,S,Floor,1,1
W000802,2019Q1,2019,-0.03016646112986497,151,Democratic Party,S,Floor,1,1
W000802,2019Q2,2019,0.06266841894327474,151,Democratic Party,S,Floor,1,1
W000802,2019Q3,2019,-0.11954357900595305,64,Democratic Party,S,Floor,1,1
W000802,2019Q4,2019,0.013929850041106126,100,Democratic Party,S,Floor,1,1
W000802,2020Q1,2020,-0.10356718647927654,102,Democratic Party,S,Floor,1,1
W000802,2020Q3,2020,-0.45209301421487513,95,Democratic Party,S,Floor,1,1
W000802,2020Q4,2020,-0.5642566109460048,122,Democratic Party,S,Floor,1,1
W000802,2021Q2,2021,-0.2668472469328064,96,Democratic Party,S,Floor,1,0
W000802,2021Q4,2021,-0.13848529126926235,64,Democratic Party,S,Floor,1,0
W000802,2022Q1,2022,-0.32093929951652467,82,Democratic Party,S,Floor,1,0
W000802,2022Q2,2022,-0.24508811496824223,98,Democratic Party,S,Floor,1,0
W000802,2022Q3,2022,-0.5015206782166758,73,Democratic Party,S,Floor,1,0
W000804,2013Q2,2013,0.5972233938664478,28,Republican Party,H,Floor,0,1
W000804,2016Q1,2016,0.15963098550183488,34,Republican Party,H,Floor,0,1
W000804,2020Q4,2020,0.9839223872036444,41,Republican Party,H,Floor,1,0
W000805,2013Q1,2013,0.3731768287301959,52,Democratic Party,S,Floor,0,0
W000805,2013Q2,2013,0.27378215824772956,65,Democratic Party,S,Floor,0,0
W000805,2013Q4,2013,-0.26480892899331626,70,Democratic Party,S,Floor,0,0
W000805,2016Q1,2016,0.5413909076393001,19,Democratic Party,S,Floor,1,0
W000805,2017Q1,2017,-0.040712830956680796,59,Democratic Party,S,Floor,1,1
W000805,2017Q4,2017,-0.14076623591013804,38,Democratic Party,S,Floor,1,1
W000805,2019Q1,2019,-0.5061486480252193,86,Democratic Party,S,Floor,1,1
W000805,2019Q4,2019,0.1751123389444576,45,Democratic Party,S,Floor,1,1
W000805,2021Q3,2021,0.25162088411146294,42,Democratic Party,S,Floor,1,0
W000806,2022Q1,2022,1.1400002432140866,14,Republican Party,H,Floor,1,1
W000808,2013Q2,2013,-0.9236422645568344,15,Democratic Party,H,Floor,1,0
W000808,2013Q3,2013,0.049424880322845095,28,Democratic Party,H,Floor,1,0
W000808,2015Q1,2015,0.01197278809904167,29,Democratic Party,H,Floor,1,0
W000808,2015Q2,2015,0.22027249132767648,15,Democratic Party,H,Floor,1,0
W000808,2015Q3,2015,-0.1918365266413871,18,Democratic Party,H,Floor,1,0
W000810,2015Q1,2015,0.19895121109001707,135,Republican Party,H,Floor,0,1
W000810,2015Q4,2015,-0.04702467458511603,173,Republican Party,H,Floor,0,1
W000810,2016Q2,2016,-0.16378236569092225,140,Republican Party,H,Floor,0,1
W000810,2016Q3,2016,0.05276134582003885,96,Republican Party,H,Floor,0,1
W000810,2017Q1,2017,0.1640427225927536,100,Republican Party,H,Floor,0,0
W000810,2017Q2,2017,0.08145099208315623,82,Republican Party,H,Floor,0,0
W000810,2017Q3,2017,0.30380612741734236,36,Republican Party,H,Floor,0,0
W000810,2017Q4,2017,0.25059334495315955,131,Republican Party,H,Floor,0,0
W000810,2018Q2,2018,0.3294611003996142,100,Republican Party,H,Floor,0,0
W000810,2019Q1,2019,0.026838729634246127,74,Republican Party,H,Floor,1,0
W000810,2019Q2,2019,0.16405595040138093,74,Republican Party,H,Floor,1,0
W000810,2019Q3,2019,0.07566975903187205,61,Republican Party,H,Floor,1,0
W000810,2019Q4,2019,0.1232669399316993,51,Republican Party,H,Floor,1,0
W000810,2020Q2,2020,0.09576934686523489,41,Republican Party,H,Floor,1,0
W000810,2020Q3,2020,0.2820965011941466,64,Republican Party,H,Floor,1,0
W000810,2020Q4,2020,0.2059049160515062,50,Republican Party,H,Floor,1,0
W000812,2013Q2,2013,-0.38583899155487006,43,Republican Party,H,Floor,0,1
W000812,2014Q1,2014,-0.7590683335088458,24,Republican Party,H,Floor,0,1
W000812,2015Q1,2015,-0.5737567250160639,20,Republican Party,H,Floor,0,1
W000812,2019Q3,2019,-0.028970708144085977,22,Republican Party,H,Floor,1,0
W000812,2019Q4,2019,0.5382527945538824,39,Republican Party,H,Floor,1,0
W000813,2013Q2,2013,-0.11789826195437479,37,Republican Party,H,Floor,0,1
W000813,2014Q2,2014,0.29751485578003894,22,Republican Party,H,Floor,0,1
W000813,2015Q4,2015,0.38495533617476707,19,Republican Party,H,Floor,0,1
W000814,2022Q4,2022,-1.1760703502696395,25,Republican Party,H,Floor,1,1
W000815,2013Q4,2013,-0.14381029721816302,29,Republican Party,H,Floor,0,1
W000815,2015Q2,2015,0.11501832017036116,15,Republican Party,H,Floor,0,1
W000815,2017Q1,2017,0.7087483726521039,34,Republican Party,H,Floor,0,0
W000816,2013Q1,2013,-0.6465847583253748,22,Republican Party,H,Floor,0,1
W000816,2022Q2,2022,0.4535801235304773,15,Republican Party,H,Floor,1,1
W000817,2013Q2,2013,-0.34074720777902473,63,Democratic Party,S,Floor,0,0
W000817,2013Q4,2013,-0.2671578910021768,83,Democratic Party,S,Floor,0,0
W000817,2014Q2,2014,0.14730133726776995,76,Democratic Party,S,Floor,0,0
W000817,2015Q4,2015,-0.5883798300884593,74,Democratic Party,S,Floor,1,0
W000817,2016Q2,2016,-0.527441220411057,53,Democratic Party,S,Floor,1,0
W000817,2016Q3,2016,-0.8395021789718401,46,Democratic Party,S,Floor,1,0
W000817,2017Q1,2017,-0.5672042689165275,456,Democratic Party,S,Floor,1,1
W000817,2017Q2,2017,-0.4608977775417528,93,Democratic Party,S,Floor,1,1
W000817,2017Q3,2017,-0.3267955732769775,128,Democratic Party,S,Floor,1,1
W000817,2017Q4,2017,-0.5104341235322808,109,Democratic Party,S,Floor,1,1
W000817,2018Q1,2018,-0.5805109745663,148,Democratic Party,S,Floor,1,1
W000817,2018Q2,2018,-0.6948710007468493,64,Democratic Party,S,Floor,1,1
W000817,2022Q3,2022,-0.8996424515852645,31,Democratic Party,S,Floor,1,0
W000819,2015Q1,2015,-0.5627741339232597,19,Republican Party,H,Floor,0,1
W000819,2015Q2,2015,-0.1497792172797314,18,Republican Party,H,Floor,0,1
W000819,2015Q4,2015,-0.09754184443001601,18,Republican Party,H,Floor,0,1
W000819,2016Q2,2016,0.009813650310391386,16,Republican Party,H,Floor,0,1
W000819,2017Q1,2017,-0.3601916131619891,13,Republican Party,H,Floor,0,0
W000819,2017Q2,2017,0.30653400367229416,13,Republican Party,H,Floor,0,0
W000819,2017Q4,2017,-0.12360177619779505,26,Republican Party,H,Floor,0,0
W000819,2018Q3,2018,0.9033170073141108,25,Republican Party,H,Floor,0,0
W000819,2019Q1,2019,-0.38096116029216526,46,Republican Party,H,Floor,1,0
W000821,2015Q3,2015,0.3611410726916582,44,Republican Party,H,Floor,0,1
W000821,2016Q2,2016,0.43012833143896156,15,Republican Party,H,Floor,0,1
W000821,2017Q4,2017,0.6181260740235941,61,Republican Party,H,Floor,0,0
W000821,2019Q4,2019,0.375652301380704,27,Republican Party,H,Floor,1,0
W000821,2021Q1,2021,-0.20068424550693117,38,Republican Party,H,Floor,1,1
W000821,2021Q2,2021,0.17917510309135148,23,Republican Party,H,Floor,1,1
W000821,2021Q3,2021,0.20824680817645708,31,Republican Party,H,Floor,1,1
W000821,2021Q4,2021,1.0079833079019467,24,Republican Party,H,Floor,1,1
W000821,2022Q1,2022,0.3441712655764963,34,Republican Party,H,Floor,1,1
W000821,2022Q2,2022,0.14906902336127337,31,Republican Party,H,Floor,1,1
W000821,2022Q3,2022,-0.0478569087450889,60,Republican Party,H,Floor,1,1
W000821,2022Q4,2022,0.4743730169365921,39,Republican Party,H,Floor,1,1
W000822,2015Q1,2015,-0.09699612458273822,59,Democratic Party,H,Floor,1,0
W000822,2015Q2,2015,0.24114223617295738,67,Democratic Party,H,Floor,1,0
W000822,2015Q3,2015,-0.1583766201574149,30,Democratic Party,H,Floor,1,0
W000822,2015Q4,2015,0.10267280740664457,56,Democratic Party,H,Floor,1,0
W000822,2016Q1,2016,0.1816301351211077,77,Democratic Party,H,Floor,1,0
W000822,2016Q2,2016,0.4838314730483371,30,Democratic Party,H,Floor,1,0
W000822,2017Q1,2017,-0.054788803292651914,56,Democratic Party,H,Floor,1,1
W000822,2017Q4,2017,-0.6300432311162876,14,Democratic Party,H,Floor,1,1
W000822,2018Q3,2018,0.6695114419927769,25,Democratic Party,H,Floor,1,1
W000825,2019Q1,2019,-0.07315137533385126,19,Democratic Party,H,Floor,0,1
W000825,2019Q2,2019,0.5669035926739736,16,Democratic Party,H,Floor,0,1
W000826,2019Q1,2019,0.026988286685530955,24,Democratic Party,H,Floor,0,1
W000826,2020Q1,2020,0.16443027121129644,18,Democratic Party,H,Floor,0,1
W000826,2021Q3,2021,0.6354789346074964,23,Democratic Party,H,Floor,0,0
W000827,2019Q4,2019,-0.1994062097553359,20,Republican Party,H,Floor,1,0
Y000033,2015Q4,2015,-0.44006539857419946,25,Republican Party,H,Floor,0,1
Y000033,2016Q3,2016,0.20564164521788927,26,Republican Party,H,Floor,0,1
Y000033,2017Q3,2017,-0.03743800701534973,25,Republican Party,H,Floor,0,0
Y000033,2019Q3,2019,0.10461756569431582,35,Republican Party,H,Floor,1,0
Y000064,2013Q2,2013,0.09664634676714931,26,Republican Party,H,Floor,0,1
Y000064,2013Q3,2013,-0.2331337042897586,42,Republican Party,H,Floor,0,1
Y000064,2014Q2,2014,-0.13697884024993787,44,Republican Party,H,Floor,0,1
Y000064,2017Q2,2017,0.3708591340537208,53,Republican Party,S,Floor,0,0
Y000065,2013Q3,2013,-0.30613710480787537,21,Republican Party,H,Floor,0,1
Y000065,2014Q3,2014,-0.13304079376963837,26,Republican Party,H,Floor,0,1
Y000065,2016Q2,2016,-0.3205785201280718,73,Republican Party,H,Floor,0,1
Y000065,2017Q1,2017,-0.2722272056921037,46,Republican Party,H,Floor,0,0
Y000065,2017Q3,2017,0.246387318774122,16,Republican Party,H,Floor,0,0
Y000065,2018Q1,2018,0.11218017449460516,72,Republican Party,H,Floor,0,0
Y000065,2019Q1,2019,-0.7435210242862801,74,Republican Party,H,Floor,1,0
Y000065,2019Q2,2019,-0.6915267200612799,80,Republican Party,H,Floor,1,0
Y000065,2019Q3,2019,0.22570504457656024,44,Republican Party,H,Floor,1,0
Y000065,2019Q4,2019,-0.8464947244518948,51,Republican Party,H,Floor,1,0
Y000065,2020Q3,2020,-0.3261303455357197,16,Republican Party,H,Floor,1,0
Y000065,2020Q4,2020,0.37195063705650433,28,Republican Party,H,Floor,1,0
